species_id,volume,flower_color_free_text,color_category
"791111. RAJXJ, D.C.S.  Central National Herbarium, Botanical Survey of India, P.O. Botanic",1,no flower colour mentioned,UNKNOWN
"226001. RAO, R.S.  10 A, Santosh Nagar, Hyderabad.",1,no flower colour mentioned,UNKNOWN
10. Clematis apiculata Hook.f. & Thomson,1,no flower colour mentioned,UNKNOWN
18. Thalictrum secundum Edgew.,1,no flower colour mentioned,UNKNOWN
19. Circaeaster agrestis Maxim.,1,no flower colour mentioned,UNKNOWN
20. Paeonia emodi Wallich ex Royle,1,no flower colour mentioned,UNKNOWN
22. Dillenia indica L.,1,no flower colour mentioned,UNKNOWN
23. Tetracera sarmentosa (L.) Vahl,1,no flower colour mentioned,UNKNOWN
26. Michelia punduana Hook.f. & Thomson,1,no flower colour mentioned,UNKNOWN
29. Schisandra grandiflora (Wallich) Hook.f. & Thomson,1,no flower colour mentioned,UNKNOWN
30. Tetracentron sinense Oliver,1,no flower colour mentioned,UNKNOWN
38. Mitrephora andamanica Thoth. & D. Das,1,no flower colour mentioned,UNKNOWN
50. Xylopia parvifolia (Wight) Hook. f. & Thomson,1,no flower colour mentioned,UNKNOWN
53. Stephania japonica (Thumb.) Miers var.,1,no flower colour mentioned,UNKNOWN
62. Berberis manipurana Ahrendt,1,no flower colour mentioned,UNKNOWN
64. Holboellia latifolia Wallich,1,no flower colour mentioned,UNKNOWN
65. Nymphaea tetragona Georgi,1,no flower colour mentioned,UNKNOWN
66. Brasenia schreberi J.F. Gmel.,1,no flower colour mentioned,UNKNOWN
1. A(/uilcffin fragriins  Be nth.,1,no flower colour mentioned,UNKNOWN
2. Adonis chrysocyathus Hook. f. & Thomson,1,no flower colour mentioned,UNKNOWN
3. Caltha palustris L.,1,no flower colour mentioned,UNKNOWN
4. Delphinium brunnonuwum  Royle,1,no flower colour mentioned,UNKNOWN
5. Delphinium glactale Hook.  1.  & Thomson,1,no flower colour mentioned,UNKNOWN
7. Dillenia  imlu a  L.,1,no flower colour mentioned,UNKNOWN
10. M u lic h a   insigm s W allich,1,no flower colour mentioned,UNKNOWN
11. Kadsura heteroclita  (Roxb.) Craib,1,no flower colour mentioned,UNKNOWN
12. Goniothalamus macranthus (Kurz)  Boerl.,1,no flower colour mentioned,UNKNOWN
13. Uvaria hamiltonii Hook.  f.  & Thomson,1,no flower colour mentioned,UNKNOWN
14. Coccuhispendulus (J.R.  & G.  Forst.)  Diels,1,no flower colour mentioned,UNKNOWN
15. Tinospora cordifolui  (Willd.)  Hook.  t.  &  1 homson,1,no flower colour mentioned,UNKNOWN
16. Nymphaea  rubra  Roxb. ex  Andrews,1,no flower colour mentioned,UNKNOWN
17. Nelumbo nucifera  Gacrtn.,1,no flower colour mentioned,UNKNOWN
18. Nelumbo nucifera  Gaerln.,1,no flower colour mentioned,UNKNOWN
19. Podophyllum hexandrum  Royle,1,no flower colour mentioned,UNKNOWN
"128. OKADA,  H.  &  M.  TAMURA  (1979)",1,no flower colour mentioned,UNKNOWN
11. Clematis,1,no flower colour mentioned,UNKNOWN
19. Naravelia,1,sepals brightly coloured,RED
27. Thalictrum,1,petals yellow or red,YELLOW
24. Pulsatilla,1,no flower colour mentioned,UNKNOWN
4. Anemone,1,no flower colour mentioned,UNKNOWN
3. Adonis,1,petals white or with pinkish tinge,WHITE
9. Ceratocephalus,1,no flower colour mentioned,UNKNOWN
20. Nigella,1,no flower colour mentioned,UNKNOWN
8. Caltha,1,no flower colour mentioned,UNKNOWN
1. Aconitum,1,no flower colour mentioned,UNKNOWN
12. Consolida,1,flowers yellow,YELLOW
2. Actaea,1,no flower colour mentioned,UNKNOWN
5. Aquilegia,1,no flower colour mentioned,UNKNOWN
13. Coptis,1,no flower colour mentioned,UNKNOWN
28. Troll ius,1,no flower colour mentioned,UNKNOWN
15. D ichrocarpum,1,no flower colour mentioned,UNKNOWN
1. A conitum  L.,1,"flowers blue, yellow, reddish, purple or white",WHITE
11. A. gymnandnun,1,no flower colour mentioned,UNKNOWN
9. A. fletcherianum,1,no flower colour mentioned,UNKNOWN
15. A. kashm lrkum,1,no flower colour mentioned,UNKNOWN
22. A. navkulare,1,flowers blue; flowers reddish purple or dark red,RED
17. A. laeve,1,no flower colour mentioned,UNKNOWN
19. A. moschatum,1,no flower colour mentioned,UNKNOWN
7. A  Cakonerf,1,no flower colour mentioned,UNKNOWN
16. A. laciniaUun,1,no flower colour mentioned,UNKNOWN
21. A  nakaol,1,"flowers yellow, in panicles",YELLOW
12. A  heterophylloides,1,no flower colour mentioned,UNKNOWN
25. A  aoongoriaun,1,no flower colour mentioned,UNKNOWN
3. A  Mama,1,no flower colour mentioned,UNKNOWN
4. A  chasmanthum,1,flowers dirty blue,PURPLE/BLUE
14. A. hooker!,1,no flower colour mentioned,UNKNOWN
13. A. heterophyllum,1,no flower colour mentioned,UNKNOWN
2. A. balfouri,1,no flower colour mentioned,UNKNOWN
20. A. nagarum,1,no flower colour mentioned,UNKNOWN
26. A. spicatum,1,flowers blue,PURPLE/BLUE
"3. Aconitum  bisma  (Buch.-Ham.)  Rapaics  in  Nov.  Kozlem.  6:  164.  1907,  p.  p.;",1,no flower colour mentioned,UNKNOWN
"4. Aconitum chasmanthum Stapf ex Holmes, Mus. Rep. Pharm. Soc. Gr. Brit. 2.",1,"flowers pale blue, often variegated with white",WHITE
"5. Aconitum deinorrhizum Stapf in Ann. R. Bot. Gard. Calc. 10:158,1. 103.1905.",1,sepals blue,PURPLE/BLUE
"6. Aconitum elwesii Stapf in Ann. R. Bot.  Gard.  Calc.  10:  174,  f.  112a.  1905. A.",1,sepals blue or violet,PURPLE/BLUE
7. Aconitum falconer! Stapf in Ann. R. Bot. Gard. Calc. 10:163.1905.>1. ferox auct.,1,no flower colour mentioned,UNKNOWN
"8. Aconitum ferox Wallich ex Seringe in Mus. Helv.  1:160,1.15, ff. 43 - 44.1823;",1,flowers blue,PURPLE/BLUE
9. Aconitum fletcherianum Taylor in J. Roy. Hort. Soc. 77.1952.,1,flowers bright blue purple or violet with a white outer edge,WHITE
10. Aconitum gammiei Stapf in Bull. Misc. Inf. Kew 1907:56.1907. A. dissectum D.,1,flowers pink,PINK
"11. Aconitum gymnandrum Maxim, in Bull. Acad. St. Petersb. 23:308.1877; Bruehl",1,no flower colour mentioned,UNKNOWN
12. Aconitum heterophylloides (Bruehl) Stapf in Ann. R. Bot. Gard. Calc. 10:171.,1,sepals blue or bluish white or white,WHITE
"13. Aconitum heterophyllum Wallich [Cat. 167, no. 4722.1831, nom. nud.) cx Royle,",1,no flower colour mentioned,UNKNOWN
"1872. Herbs, biennial; roots paired, 2.5 - 4 cm long, tuberous; stems downy, erect, simple",1,no flower colour mentioned,UNKNOWN
14. Aconitum hookeri Stapf in Ann. R. Bot. Gard. Calc. 10:147.1905; Lauener in,1,flowers dark blue to blue-purple,PURPLE/BLUE
1930. Kash.:  Pevak.,1,flowers intense blue,PURPLE/BLUE
1905. A. ferox Wallich ex Seringe var. laciniata  Bruehl  in Ann. R. Bot. Gard. Calc. 5:,1,sepals reddish purple or dark red,RED
"17. Aconitum laeve Roylc, Illus. Bot. Himal. 56.1834.  A. lycoctonum  auct. non L.;",1,"sepals white, yellowish or dull purple",WHITE
1979. Distinguished by its curly hairs.,1,no flower colour mentioned,UNKNOWN
"18. Aconitum lethale Griffith, Notul.  4:732.1854 & Icon. PI. Asiat. 460, f. 3.1854.",1,no flower colour mentioned,UNKNOWN
19. Aconitum moschatum (Bruehl) Stapf in Ann. R. Bot. Gard. Calc. 10:139 -140.,1,no flower colour mentioned,UNKNOWN
21. Aconitum nakaoi Tamura in Acta Phytotax. & Geobot. Kyoto 19; 73.1962. A.,1,flowers rich blue-violet or pale purple with a reddish tinge,RED
22. Aconitum naviculare (Bruehl) Stapf in Ann. R. Bot. Gard. Calc. 10:154.1905.,1,sepals reddish blue,RED
23. Aconitum novoluridum Munz in Gentes Herb. 6: 472.1945; Lauener in Notes,1,flowers dull red or yellowish inside and purplish outside,YELLOW
24. Aconitum rotundifolium Kar. & Kir. in Bull. Soc. Nat. Mosc. 15:139.1842. A,1,flowers pale pinkish mauve or blue,PINK
"25. Aconitum soongoricum Stapf in Ann. R. Bot. Gard. Calc. 10:141, t. 95.1905.",1,flowers blue,PURPLE/BLUE
"26. Aconitum spicatum (Bruehl) Stapf in Ann. R. Bot. Gard. Calc. 10:165,1.106 &",1,flowers blue or violet,PURPLE/BLUE
2. Actaea L.,1,flowers white,WHITE
3. Adonis L.,1,"flowers scarlet or shades of scarlet, if yellow with a",YELLOW
3. A. nepaknala,1,no flower colour mentioned,UNKNOWN
1. A  aestivalis,1,flowers golden yellow,YELLOW
"1. Adonis aestivalis L., Sp. PI. 771.1753; Hook. f. & Thomson in FI. Brit. India 1:",1,flowers scarlet with a dark purple eye or yellow with dark purple centre,YELLOW
2. Adonis  chrysocyathus  Hook.  f.  &  Thomson in FI.  Brit. India  1:  15.  1872. A.,1,flowers golden yellow,YELLOW
3. Adonis nepalensis Simonovicz in Nov. Syst. PI. Vase. URSS. 7:146 -  148.1970,1,petals yellow or rarely dark blue,YELLOW
4. Anemone L.,1,dull red,RED
17. A. viUfolia,1,no flower colour mentioned,UNKNOWN
13. A. rupicola,1,"flowers rose, pink, purple or mauve",PINK
14. A. smithiana,1,flowers white or blue,WHITE
3. A. elongate,1,no flower colour mentioned,UNKNOWN
8. A. polyanthes,1,no flower colour mentioned,UNKNOWN
11. A. rivularis,1,no flower colour mentioned,UNKNOWN
5. A. grilTithii,1,no flower colour mentioned,UNKNOWN
12. A. ropestris,1,no flower colour mentioned,UNKNOWN
6. A. howelltt,1,no flower colour mentioned,UNKNOWN
4. A  geum,1,no flower colour mentioned,UNKNOWN
"1. Anemone biflora DC., Syst.  Nat.  1: 201.1820; Hook. f. & Thomson in FI. Brit.",1,flowers dull red,RED
"2. Anemone demissa Hook. f. & Thomson, FI. Ind.  23.1855 & in FI. Brit. India 1:",1,flowers white or pale blue to white inside and bluish or yellowish blue outside,WHITE
"3. Anemone elongata D. Don, Prodr. FI. Nep. 194.1825; Hook. f. & Thomson in FI.",1,flowers white,WHITE
4. Anemone geum A. Leveille  in Bull. Acad. Georg. B. 25:25.1915. A  obtusifolia,1,"sepal colour yellow, bluish near the base",YELLOW
"5. Anemone griff!thii Hook. f. & Thomson, FI. Ind. 24.1855 & in FI. Brit. India 1:",1,flowers white or pinkish,WHITE
6. Anemone howellii W.  Smith & Jeffrey in Notes R. Bot. Gard. Edinb. 9:78.1916.,1,no flower colour mentioned,UNKNOWN
"7. Anemone obtusiloba D. Don, Prodr. FI. Nep. 194.1825; Hook. f. & Thomson in",1,sepals white or bluish on both sides or golden yellow,WHITE
"8. Anemone polyanthes D. Don, Prodr. FI. Nep. 194.1825; Hook. f. & Thomson in",1,flowers white,WHITE
9. Anemone polycarpa W.E. Evans in Notes R. Bot. Gard. Edinb. 13:154.1951. A.,1,no flower colour mentioned,UNKNOWN
"1896. Herbs, somewhat hairy;  rootstock stout, fibrous.  Leaves deeply lobed, glabrous;",1,flowers golden yellow,YELLOW
"1982. Herbs, erect, 50 - 75 cm high; stems 30 - 50 cm long, covered with fibrous remains",1,"flowers white, blue or purplish outside",WHITE
"12. Anemone rupestris Wallich [Cat. 167, no. 4696.1831, nom. nud.] ex Hook. f. &",1,no flower colour mentioned,UNKNOWN
"1960. Herbs, with slender fibrous rootstock covered upwards by a few fibrous old sheaths.",1,flowers white or purplish or rarely reddish,WHITE
"13. Anemone rupicola Cambess. in Jacquem., Voy. Bot. 4:5, t. 2.1835; Hook. f. &",1,flowers white,WHITE
14. Anemone  smithiana  Lauener  &  Panigr.  in  Notes  R.  Bot.  Gard.  Edinb.  33:,1,"flowers whitish, pink, purple or mauve",WHITE
"15. Anemone tetrasepala Royle, Illus. Bot. Himal. 53.1834; Hook. f. & Thomson in",1,"flowers golden yellow, often purplish outside",YELLOW
"17. Anemone  vitifolia  Buch.-Ham.  ex  DC.,  Syst.  Nat.  1:  210.  1817;  Hook.  f.  &",1,flowers white,WHITE
5. Aquilegia L.,1,"flowers white, yellow, red or purple",WHITE
4. A. nivalis,1,no flower colour mentioned,UNKNOWN
3. A.moorcroftiana,1,no flower colour mentioned,UNKNOWN
"1. Aquilegia  fragrans  Benth. in Maund’s Botanist 4:  t.  181,  f. 21.  1840; Munz in",1,"flowers white, cream-coloured or pale blue",WHITE
2. Aquilegia karelinlana C. Meyer exTrautv. in Acta Hort. Petrop. 8:53.1883; Munz,1,flowers violet or dark red,RED
"3. Aquilegia moorcrolUana Wallich [Cat. 167, no 4713.1831, nom. nud.] ex Royle,",1,flowers white or purplish,WHITE
4. Aquilegia nivalis (Baker) Bruehl in J. Asiat. Soc. Beng. 61(2): 300.1893; Munz,1,flowers dark purple,PURPLE/BLUE
"5. Aquilegia pubiflora Wallich [Cat. 167, no. 4714.1831, nom. nud.] ex Royle, Ulus.",1,petals yellowish green or nearly white or pale purple,WHITE
6. Calathodes Hook. f. & Thomson,1,flowers golden yellow,YELLOW
7. Callianthemum C. Meyer,1,flowers white or with pink tinge,WHITE
2. C  anemonoides,1,no flower colour mentioned,UNKNOWN
1. Calllanthemum alatavicum Freyn in Bull. PHerb. Boiss. 6:882.1898.,1,flowers white,WHITE
1846. Ranunculus anemonoides J. Zahlbr. in Flora 6:220.1823.,1,petals pink to white,WHITE
"3. CaUianthemum pimpinelloides (D. Don ex Royle) Hook. f. & Thomson, Fl. Ind.",1,flowers white or pale red,WHITE
8. Caltha L.,1,"flowers yellow, rarely white or pink",WHITE
"1872. C. govaniana Wallich [Cat.  167. no.  4710.  1831, nom. nud.] ex Royle, Illus. Bot.",1,flowers white,WHITE
"1872. Erect herbs, 7 -15 cm high; rootstock thick, with branched main roots.  Leaves all",1,no flower colour mentioned,UNKNOWN
9. Ceratocephalus Moench,1,flowers yellow,YELLOW
1. C. falcatus,1,no flower colour mentioned,UNKNOWN
"1. Ceratocephalus falcatus (L.) Pers., Syn. PI. 1:341.1805. Ranunculus falcatus L.,",1,flowers yellow,YELLOW
"2. Ceratocephalus testiculatus (Crantz) Roth, Enum.  1:1014.  1827. Ranunculus",1,no flower colour mentioned,UNKNOWN
10. Cimicifuga L.,1,flowers white,WHITE
11. Clematis L.,1,"sepals white, yellowish, reddish or purplish",WHITE
5. C.  barbellata,1,no flower colour mentioned,UNKNOWN
32. C. zemuensls,1,no flower colour mentioned,UNKNOWN
19. G  montana,1,flowers blue or pale lilac,PURPLE/BLUE
12. C. grata,1,no flower colour mentioned,UNKNOWN
2. C. acutangula,1,no flower colour mentioned,UNKNOWN
23. C. puberula,1,no flower colour mentioned,UNKNOWN
9. C. connata,1,no flower colour mentioned,UNKNOWN
1. C. acuminata,1,no flower colour mentioned,UNKNOWN
13. C. graveolens,1,no flower colour mentioned,UNKNOWN
22. C. orientalis,1,no flower colour mentioned,UNKNOWN
26. C. tangutica,1,no flower colour mentioned,UNKNOWN
28. C. Ubetana,1,no flower colour mentioned,UNKNOWN
31. C. wightiana,1,no flower colour mentioned,UNKNOWN
30. C. wattii,1,no flower colour mentioned,UNKNOWN
14. C. grewiiflora,1,no flower colour mentioned,UNKNOWN
10. C. fulvicoma,1,no flower colour mentioned,UNKNOWN
3. C. andersonli,1,no flower colour mentioned,UNKNOWN
25. C. smilacifolia,1,no flower colour mentioned,UNKNOWN
29. C. tongluensfs,1,no flower colour mentioned,UNKNOWN
18. C  meyeriana,1,no flower colour mentioned,UNKNOWN
11. C  gouriana,1,no flower colour mentioned,UNKNOWN
"1. Clematis acuminata DC., Syst. Nat. 1:148.1817 & Prodr. 1:6.1824; Hook. f. &",1,flowers pale yellow,YELLOW
1925. Fl.  Nov. - Feb.;  Fr.  Feb. - June.,1,no flower colour mentioned,UNKNOWN
2. Clematis acutangula Hook. f. & Thomson in Fl. Brit. India 1:3.1872.,1,flowers brownish yellow,YELLOW
3. Clematis andersonii (CJB. Clarke ex O. Ktze) Eichler in Bibl. Bot. Stuttgart 124:,1,no flower colour mentioned,UNKNOWN
4. Clematis apiculata Hook. f. & Thomson in FI. Brit. India 1: 4.1872. C. apiifolia,1,no flower colour mentioned,UNKNOWN
"1885. Slender woody climbers; branches sulcate with more than 6 ribs,  adpressedly or",1,no flower colour mentioned,UNKNOWN
5. Clematis barbellata Edgew. in Trans. Linn. Soc. 20:25.1846; Hook. f. & Thomson,1,no flower colour mentioned,UNKNOWN
1834. C. barbellata var. obtusa Kitam. & Tamura in Fauna Fl. Nep. Himal. 127.1955.,1,flowers dull purple,PURPLE/BLUE
"6. Clematis bourdillonii Dunn in KewBull. 1914:81.1914; Gamble, Fl. Pres. Madras",1,no flower colour mentioned,UNKNOWN
"7. Clematis  buchananiana  DC.,  Syst.  Nat.  1:  140.  1817  &  Prodr.  1:  4.  1824  (as",1,no flower colour mentioned,UNKNOWN
"8. Clematis cadmia Buch.-Ham. ex Hook. f. & Thomson, FI. Ind. 5.1855 & in FI.",1,flowers light yellow,YELLOW
10. Clematis  fulyiconia Rehder & Wilson in PI. Wilson. 1:  327 - 328.1913.,1,no flower colour mentioned,UNKNOWN
"11. Clematis gouriana Roxb. [Hort. Beng. 43.1814, nom. nud.] ex DC., Syst. Nat. 1:",1,flowers greenish white or pale yellowish white,WHITE
"12. Clematis grata Wallich, PI. Asiat. Rar. 1:83, t. 98.1830; Hook. f. & Thomson in",1,flowers creamy-white,WHITE
13. Clematis graveolens Lindley in J. Hort. Soc. 1: 307.1846; Hook. f. & Thomson,1,flowers lemon yellow with purplish brown or purplish stamens,YELLOW
"14. Clematis  grewiiflora  DC.,  Syst.  Nat.  1:  140.  1818  &  Prodr.  1:  4.  1824  (as",1,flowers greenish or whitish,WHITE
"15. Clematis hedysarifolia DC., Syst. Nat. 1:148.1818 & Prodr. 1:6.1824, excl. dt.",1,no flower colour mentioned,UNKNOWN
1872. C  naravelioides O. Ktze in Verh. Bot. Ver. Brandenb. 26:119.1855.,1,flowers greenish yellow,YELLOW
"16. Clematis heynei M.A. Rau, nom. nov. C. triloba Heyne in Roth, Nov. Sp. PI. 251.",1,flowers white or creamy-white,WHITE
"17. Clematis  ladakhiana Grey-Wilson in Kew Bull. 44: 49, ff. 1 N-P, 4 D-F. 1989,",1,"flowers yellow, often tinged or spotted with purplish brown or reddish brown",YELLOW
"18. Clematis meyeriana Walpers in Nova Acta Leop. Nat. Cur. 19, suppl.  1: 297.",1,no flower colour mentioned,UNKNOWN
"19. Clematis montana Buch.-Ham. ex DC., Syst. Nat.  1:  164.1817 & Prodr.  1: 9.",1,"flowers white, cream-yellow or purplish outside",WHITE
"1896. Fl.  April - May,  Fr.  May - Oct.",1,no flower colour mentioned,UNKNOWN
"20. Clematis  munroiana Wight, Illus.  1: 5 ,1 .1.1831; Dunn in Gamble, Fl. Pres.",1,flowers deep purple,PURPLE/BLUE
"21. Clematis napaulensis DC., Syst. Nat. 1:164.1817 & DC., Prodr. 1:9.1824; Hook.",1,no flower colour mentioned,UNKNOWN
"22. Clematis orientalis L., Sp. PI. 543.1753; Hook. f. & Thomson in FI. Brit. India",1,"flowers pale yellow, greenish yellow or cream-coloured, sometimes purplish brown inside, tinged with red-violet outside, often mottled with",YELLOW
"1872. C. globosa Royle, Ulus. Bot. Himal.  51.1834. C. orientalis L.  var. globosa (Royle)",1,no flower colour mentioned,UNKNOWN
23. Clematis puberula Hook. f. & Thomson in Fl. Brit. India 1:4.1872.,1,flowers white,WHITE
"24. Clematis roylei Rehder in J. Am. Arb. 22:575.1941. C. nutans  Royle, Illus. B ot",1,flowers cream-white or pale yellow,WHITE
25. Clematis smilacifolia Wallich in Asiat. Res. 13:402.1820; Hook. f. & Thomson,1,flowers cream-white or purplish brown,WHITE
"26. Clematis tangutica (Maxim.) Korsh in Bull. Acad. Sci. Petersb. 9:399,575.1898;",1,"flowers lemon yellow, tinged with brown or purplish brown",YELLOW
"27. Clematis theobromina Dunn in Bull. Misc. Inf. Kew 1914:181.1914; Gamble,",1,no flower colour mentioned,UNKNOWN
28. Clematis tibetana O. Ktze in Verb. Bot. Ver. Brandenb. 26:172.1885; Grey-,1,"flowers yellow or greenish yellow, flushed or spotted with rusty brown, bronze or purplish yellow",YELLOW
29. Clematis tongluensis (Bruehl) Tamura in Acta Phytotax. & Geobot. Kyoto 19:,1,no flower colour mentioned,UNKNOWN
30. Clematis wattii J.R. Drumm. &  Craib in Kew Bull. 1915: 421.1915; Gupta in,1,no flower colour mentioned,UNKNOWN
"31. Clematis wightiana Wallich [Cat.  no. 4674.1828, nom. nud.] ex Wight & Arn.,",1,flowers white or pale creamy or golden yellow,WHITE
32. Clematis zemuensis W. Smith in Rec. Bot. Surv. India 4:66.1911.,1,flowers yellowish white,WHITE
12. Consolida (DC.) S.F. Gray,1,no flower colour mentioned,UNKNOWN
"1962. Delphinium ambiguum L., Sp. PI. ed. 2,749.1763.",1,flowers blue to rose or white,WHITE
"2. Consolida orientalis (Gay) Schroed., Abh. Zool.-Bot. Ges. Wien 4(5): 25.1909.",1,"flowers dark purple, violet or white",WHITE
"3. Consolida  schlagintweitii  (Huth)  Munz  in J.  Arn.  Arb.  48:  191,  f.  4c.  1967.",1,flowers deep violet,PURPLE/BLUE
13. Coptis Salisb.,1,flowers white,WHITE
14. Delphinium L.,1,no flower colour mentioned,UNKNOWN
22. D. unctnatum,1,no flower colour mentioned,UNKNOWN
19. D. royle!,1,no flower colour mentioned,UNKNOWN
24. D. viscosum,1,no flower colour mentioned,UNKNOWN
23. D. vestttnm,1,no flower colour mentioned,UNKNOWN
9. D. glaciate,1,no flower colour mentioned,UNKNOWN
3. D. caeruleum,1,no flower colour mentioned,UNKNOWN
10. D. lncisum,1,no flower colour mentioned,UNKNOWN
12. D. koelzii,1,"flowers darker than sepals, almost black",OTHER
11. D. kamaonense,1,no flower colour mentioned,UNKNOWN
4. D. candelabrum,1,no flower colour mentioned,UNKNOWN
18. D. pyramidale,1,no flower colour mentioned,UNKNOWN
21. D. stapeliosum,1,no flower colour mentioned,UNKNOWN
8. D. drepanocentrum,1,no flower colour mentioned,UNKNOWN
16. D. m alabarkum,1,no flower colour mentioned,UNKNOWN
20. D. scabrlflorum,1,sepals rich purple to deep maroon,PURPLE/BLUE
"1. Delphinium altissimum Wallich [Cat. 167, n. 4718.1831, nom. nud.] PI. Asiat.",1,"petals purple to rich purple, sepals deep blue",PURPLE/BLUE
"2. Dephinium brunonianum Royle, Illus. Bot. Himal. 56.1834; Hook. f. & Thomson",1,no flower colour mentioned,UNKNOWN
1855. Hindi: Laskar (HP),1,"sepals royal blue to pale blue, petals dark blue or almost black",PURPLE/BLUE
"3. Delphinium  caeruleum  Jacquem.  ex  Cambess.  in  Jacquem., Voy. Bot. 4:7,",1,petals bluish,OTHER
"4. Delphinium candelabrum Ostenf. in Hedin, South. Tibet 6(3): 80.1922; Munz in",1,"sepals blue-purple, petals dark violet",PURPLE/BLUE
"5. Delphinium cashmerianum Royle, Illus. Bot. Himal. 55.1834,1.12.1833; Hook,",1,flowers bluish-purple,PURPLE/BLUE
"6. Delphinium densiflorum Duthie ex Huth, Bot. Jahrb. 20:393.1895; Mukeijee in",1,"sepals grey-blue to deep blue, petals black",PURPLE/BLUE
"7. Delphinium denudatum Wallich [Cat. no. 4719.1830, nom. nud.] ex Hook. f. &",1,flowers blue or violet,PURPLE/BLUE
"8. Delphinium drepanocentrum (Bruehl ex Huth) Munz in J. Arn. Arb. 49: 94, f.",1,"sepals mauve to dull purple, petals bluish",PURPLE/BLUE
"9. Delphinum glaciate Hook. f. & Thomson, FI. Ind. 53.1855 & in FI. Brit. India 1:",1,"sepal colour pale blue, petals black",PURPLE/BLUE
"10. Delphinium incisum (Hook. f. & Thomson) Wallich [Cat. 4717.1828, nom. nud.]",1,no flower colour mentioned,UNKNOWN
11. Delphinium kamaonense Huth in Bull. Herb. Boiss. 1:33.1893; Munz in J. Arn.,1,"sepals deep blue, lower petals blue, upper petals light brown",PURPLE/BLUE
"12. Delphinium koelzii Munz in J. Arn. Arb. 48: 522, f. 9H. 1967.",1,sepals reddish violet to blue,RED
"13. Delphinium kohatense (Bruehl) Munz in J. Arn. Arb. 48: 280, f. 4A. 1967.  D.",1,flowers pale blue,PURPLE/BLUE
14. Delphinium lacostei Danguy in J. Bot. Morot. 21:50.1908; Munz in J. Arn. Arb.,1,flowers blue,PURPLE/BLUE
"15. Delphinium ludlowii Munz in J. Arn. Arb. 49:105, f.  14K.  1968; Grierson &",1,"petals bluish, sepals blue, purplish or pale maroon",PURPLE/BLUE
"16. Delphinium malabaricum (Huth)  Munz in J. Arn. Arb. 49:106, f.  142/1968;",1,sepals bright blue,PURPLE/BLUE
17. Delphinium nortonii Dunn in Bull. Misc. Inf. Kew 1927:247.1927; Munz in J.,1,no flower colour mentioned,UNKNOWN
"18. Delphinium pyramidale Royle, Illus. Bot. Himal. 56.1834.  D. ranunculifolium",1,flowers blue or purplish,PURPLE/BLUE
"19. Delphinium roylei Munz in J. Arn. Arb. 48: 292-293.1967. D. incanum Royle,",1,"sepals deep purplish blue, petals pale blue and deep blue",PURPLE/BLUE
"20. Delphinium scabriflorum D. Don, Mem. Wern. Soc. 3: 413.1821; Munz in J.",1,flowers blue or light purple,PURPLE/BLUE
"21. Delphinium stapeliosum Bruehl ex Huth, Bot. Jahrb. 20:419.1895. D. stapelios-",1,flowers blue-black,PURPLE/BLUE
22. Delphinium uncinatum Hook. f. & Thomson in Fl.  Brit. India 1.24.1872.,1,no flower colour mentioned,UNKNOWN
"23. Delphinium vestitum Wallich ex Royle, Illus. Bot. Himal. 55.1834, Hook. f. &",1,"sepals violet-blue to purple, petals dark purple",PURPLE/BLUE
15. Dichrocarpum Wang & Hsiao,1,flowers white,WHITE
"2. Follicles 2, cylindrical, 7 - 9 x 1.5 mm.",1,no flower colour mentioned,UNKNOWN
16. Halerpestes Greene,1,flowers yellow,YELLOW
1. H. sarmentosa,1,no flower colour mentioned,UNKNOWN
"1. Halerpestes sarmentosa (Adams) Kumarov in Kumarov & Klob., Als. Key PI.",1,no flower colour mentioned,UNKNOWN
2. Halerpestes tricuspis (Maxim.) Hand.-Mazz. in Acta Hort. Gotob. 13:135.1939;,1,flowers yellow,YELLOW
17. Hepatica Mill.,1,flowers white,WHITE
18. Isopyrum L.,1,no flower colour mentioned,UNKNOWN
"1. Isopyrum  anemonoides  Kar.  & Kir.  in Bull.  Soc.  Nat.  Mosc.  15:  135.1842.1,",1,"flowers white, pale lilac inside",WHITE
"1968. Herbs, 8 - 20 cm high, branched, papillose-pilose above, glabrous below.  Radical",1,no flower colour mentioned,UNKNOWN
"19. Naravelia DC., nom. cons.",1,petals greenish yellow,YELLOW
20. Nigella L.,1,sepal colour white,WHITE
21. Oxygraphis Bunge,1,flowers yellow,YELLOW
22. Paraquilegia J.R. Drumm. & Hutch.,1,no flower colour mentioned,UNKNOWN
"1. Paraquilegia anemonoides (Willd.) Ulbrich in Fedde, Rep. Beih. 12.369.1922.",1,flowers pale lavender to blue or white,WHITE
"2. Paraquilegia microphylla (Royle) J.R. Drumm. & Hutch, in Kew Bull. 1920:157,",1,flowers deep blue or pale lavender or white,WHITE
23. Paroxygraphis W.  Smith,1,flowers yellow,YELLOW
24. Pulsatilla Miller,1,flowers red,RED
25. Ranunculus L.,1,flowers white or yellow,WHITE
31. R. trtchophyllus,1,flowers yellow,YELLOW
17. R. murfcatus,1,no flower colour mentioned,UNKNOWN
25. R. sardosus,1,no flower colour mentioned,UNKNOWN
26. R. scleratus,1,no flower colour mentioned,UNKNOWN
18. R. natans,1,no flower colour mentioned,UNKNOWN
33. R. w allichianus,1,no flower colour mentioned,UNKNOWN
13. R  laetus,1,no flower colour mentioned,UNKNOWN
12. R. hgrperboreas,1,no flower colour mentioned,UNKNOWN
20. R. pegaeus,1,no flower colour mentioned,UNKNOWN
27. R  sikldm ensis,1,no flower colour mentioned,UNKNOWN
5. R. brotherusii,1,no flower colour mentioned,UNKNOWN
3. R a n ch ed,1,no flower colour mentioned,UNKNOWN
19. R. palm atifldas,1,no flower colour mentioned,UNKNOWN
1. Ranunculus adoxifolius Hand.-Mazz. in Acta Hort. Gotob.  13:152.1939; Nai-,1,flowers yellow,YELLOW
"2. Ranunculus arvensis L., Sp. PI. 780.1753; Hook. f. & Thomson in FI. Brit. India",1,flowers pale greenish yellow,YELLOW
3. Ranunculus aucheri Boiss. in Ann. Sci. Nat. 351.1841 & Fl. Orient..1:34.1867.,1,no flower colour mentioned,UNKNOWN
"4. Ranunculus bikramii Aswal & Mehrotra in Indian J. For. 7:62 - 63, ff. 1-5.1984.",1,flowers yellow,YELLOW
"5. Ranunculus  brotherusii Frcyn in Bull. Herb. Boiss. 6:885.1898. R. ajfinis Hook,",1,flowers yellow,YELLOW
"6. Ranunculus cantoniensis DC., Prodr. 1: 43.1824. R. napaulensis DC., Prodr. 1:",1,flowers yellow,YELLOW
"7. Ranunculus diffusus DC., Prodr.  1: 38.1824; Hook. f. & Thomson in Fl. Brit.",1,flowers white or yellowish,WHITE
"8. Ranunculus felixii A. Leveille  in Fedde, Repert.  Spec. Nov. 12:281.1913 & Cat.",1,flowers yellow,YELLOW
9. Ranunculus flcariifolius A. Leveille  & Venoit in Bull. Soc. Bot. Fr. 51:289.1904.,1,flowers yellow,YELLOW
10. Ranunculus flavidus  (Hand.-Mazz.) C. Cook in Watsonia 5: 29.1963. Botra-,1,flowers yellow,YELLOW
"11. Ranunculus hirtellus Royle, Illus. Bot. Himal. 53.1834; Hook. f. & Thomson in",1,flowers yellow,YELLOW
"12. Ranunculus hyperboreus Rottb., Skrift. Kjoeb. Selsk. 10:458.1770; Hook. f. &",1,flowers yellow or whitish,WHITE
"13. Ranunculus laetus Wallich ex D. Don in Royle, Illus. Bot. Hiqial. 53.1834; Hook,",1,flowers yellow,YELLOW
"14. Ranunculus lingua L., Sp. PI. 775.1753; Hook. f. & Thomson in Fl. Brit. India",1,flowers bright yellow,YELLOW
"15. Ranunculus lobatus Cambess. in Jacquem., Voy. Bot. 5, t. IB. 1844; Hook. f. &",1,flowers yellow,YELLOW
16. Ranunculus munronianus J.R. Drumm. in Bull. Misc. Inf. Kew 1925:279.1925.,1,flowers yellow,YELLOW
"17. Ranunculus muricatus L., Sp. PI. 780.1753; Hook. f. & Thomson in F l Brit.",1,flowers yellow,YELLOW
18. Ranunculus  natans C.  Meyer  in  Ledeb. Fl. Alt. 2:315.1830. R. hyperboreus,1,flowers yellow,YELLOW
19. Ranunculus palmatifldus H. Riedl in Kew Bull. 34:362 - 363.1979.,1,no flower colour mentioned,UNKNOWN
"20. Ranunculus pegaeus Hand.-Mazz. in Acta Hort. Gotob. 13:141.1939; Hara, Fl.",1,flowers yellow,YELLOW
21. Ranunculus  pulchellus C. Meyer in Ledeb. Fl. Alt. 2:  333.  1830; Hook. f.  &,1,flowers yellow,YELLOW
"22. Ranunculus reniformis Wallich ex Wight & Arn., Prodr. 3.  1834; Hook. f. &",1,flowers yellow,YELLOW
23. Ranunculus rionii Lagger in Flora (Regensb.) 31:49.1848.,1,flowers white,WHITE
"24. Ranunculus rufosepalus Franch. in Ann. Sci. Nat. ser. 6,15:217.1883.",1,flowers yellow,YELLOW
"25. Ranunculus sardosus Crantz, Strip. Austr. 2: 84.1763; Mukherjee & Sinha in",1,flowers pale yellow,YELLOW
"26. Ranunculus scleratus L., Sp. PI. 776.1753; Hook. f. & Thomson in FI. Brit. India",1,flowers bright yellow,YELLOW
27. Ranunculus  sikkimensis Hand.-Mazz. in  Acta  Hort. Gotob. 13:155.1939. R.,1,flowers yellow,YELLOW
1856. R. peltatus Schrank subsp. sphaerospermus (Boiss. & Blanche) Miekle in Notes R.,1,flowers cream-white,WHITE
29. Ranunculus stewartii H. Riedl in Kew Bull. 34:364.1979.,1,flowers yellow,YELLOW
"30. Ranunculus subpinnatus Wight & Arn., Prodr. 4.1834; Hook. f. & Thomson in",1,flowers pale yellow,YELLOW
"31. Ranunculus  trichophyllus  Chaix in  Villars, Hist.  PI. Dauph.  1: 335.  1786. R.",1,flowers white,WHITE
"33. Ranunculus wallichianus Wight & Arn., Prodr. 4.1834; Hook. f. & Thomson in",1,no flower colour mentioned,UNKNOWN
26. Souliea Franchet,1,flowers white,WHITE
27. Thalictrum L.,1,no flower colour mentioned,UNKNOWN
4. T. dalzellil,1,no flower colour mentioned,UNKNOWN
20. T. Tirgatum,1,no flower colour mentioned,UNKNOWN
18. T. santculiforme,1,no flower colour mentioned,UNKNOWN
20. T. squamiferum,1,no flower colour mentioned,UNKNOWN
1. T. alpinism,1,no flower colour mentioned,UNKNOWN
8. T. folioloaum,1,no flower colour mentioned,UNKNOWN
10. T. minus,1,flowers greenish white,WHITE
17. T. nitilolium,1,no flower colour mentioned,UNKNOWN
3. T. cultratum,1,flowers white,WHITE
19. T. secundum,1,no flower colour mentioned,UNKNOWN
14. T. punduanum,1,no flower colour mentioned,UNKNOWN
13. T. platycarpum,1,no flower colour mentioned,UNKNOWN
"1. Thalictrum alpinum L., Sp. PI. 545.1753; Hook. f. & Thomson in Fl. Brit. India",1,no flower colour mentioned,UNKNOWN
"2. Thalictrum chelidonii DC., Prodr. 1:11.1824; Hook. f. & Thomson in Fl. Brit.",1,"sepals pink, lilac or purple",PINK
"3. Thalictrum cultratum Wallich, PI. Asiat. Rar. 2:26.1831; Hook. f. & Thomson",1,flowers greenish white,WHITE
"4. Thalictrum dalzellii Hook., Icon. PI. t. 868.1852; Hook. f. & Thomson in Fl. Brit.",1,flowers white,WHITE
"5. Thalictrum  elegans  Wallich ex Royle, Illus. Bot. Himal.  51.  1834; Hook.  f.  &",1,no flower colour mentioned,UNKNOWN
6. Thalictrum falconeri Lecoyer in Bull. Soc. Bot. Beige 24:192.1885.,1,no flower colour mentioned,UNKNOWN
"7. Thalictrum foetidum L., Sp. PI. 545.1753. T. minus var.foetidum (L.) Hook. f.",1,no flower colour mentioned,UNKNOWN
"8. Thalictrum foliolosum DC., Syst. Nat.  1:175.1818; Hook. f. & Thomson in Fl.",1,no flower colour mentioned,UNKNOWN
"9. Thalictrum javanicum Blume, Bijdr. 2.1825; Hook. f. & Thomson in Fl. Brit.",1,flowers white or purple,WHITE
"10. Thaiictrum minus L., Sp. PI. 546.1753; Hook. f. & Thomson in Fl. Brit. India 1:",1,flowers yellow,YELLOW
11. Thalictrum obovatum Blatter in J. Asiat. Soc. Beng. n. s. 26:339.1931.,1,flowers white,WHITE
12. Thalictrum pedunculatum Edgew. in Trans. Linn. Soc. 20:27.1846; Hook. f. &,1,flowers white,WHITE
13. Thalictrum platycarpum Edgew. in Trans. Linn. Soc. 20: 27.1846; Hook. f. &,1,flowers white,WHITE
"14. Thalictrum  punduanum  Wallich,  PI.  Asiat.  Rar.  2:  26.  1831;  Hook.  f.  &",1,flowers white,WHITE
"15. Thalictrum reniforme Wallich, PI. Asiat. Rar. 2:26.1831; Hook. f. & Thomson",1,no flower colour mentioned,UNKNOWN
"16. Thalictrum rostellatum Hook. f. & Thomson, Fl. Ind. 15.1855 & in Fl. Brit.",1,no flower colour mentioned,UNKNOWN
"17. Thalictrum rutifolium Hook. f. & Thomson, Fl. Ind.  14.1855 & in Fl. Brit. India",1,no flower colour mentioned,UNKNOWN
"18. Thalictrum saniculiforme DC., Prodr. 1:12.1824; Hook. f. & Thomson in Fl.",1,flowers white,WHITE
19. Thalictrum secundum Edgew. in Trans. Linn. Soc. 20:26.1846. T. pauciflorum,1,flowers purplish,PURPLE/BLUE
20. Thalictrum squamiferum Lecoyer in Bull. Bot. Soc. Bot. Belg. 26:229.1877.,1,no flower colour mentioned,UNKNOWN
"21. Thalictrum virgatum Hook. f. & Thomson, Fl. Ind.  14.1855 & Fl. Brit. India 1:",1,flowers white,WHITE
28. Trollius L.,1,flowers yellow,YELLOW
"1. Trollius acaulis Lindley, Bot. Reg. Misc. 56.1842; Hook. f. & Thomson in Fl.",1,flowers yellow-orange,YELLOW
"2. Trollius farreri Stapf in Bot. Mag. 152, t. 9143.1928.",1,flowers golden yellow,YELLOW
"3. Trollius pumilus D. Don, Prodr. Fl. Nep. 195.1825; Hook. f. & Thomson in Fl.",1,no flower colour mentioned,UNKNOWN
1974. T. pumilus D. Don subsp. normalis var. sikkimensis Bruehl in Ann. R. Bot. Gard.,1,flowers yellow,YELLOW
19. Circaeaster agrestis Maxim.: a. plant; b. cotyledons; c. leaf; d. flower; e. stamen;,1,sepals usually white,WHITE
1. Acrotrema  .,1,flowers white or yellow,WHITE
2. DilknJa,1,flowers white to reddish white,WHITE
3. Tetracera,1,no flower colour mentioned,UNKNOWN
1. Acrotrema Jack,1,flowers bright yellow,YELLOW
2. Dillenia L.,1,flowers white,WHITE
4. D. indica,1,no flower colour mentioned,UNKNOWN
3. D. bracteata,1,no flower colour mentioned,UNKNOWN
6. D. retusa,1,no flower colour mentioned,UNKNOWN
1. D. andamanica,1,no flower colour mentioned,UNKNOWN
"1. Dillenia andamanica C.E. Parkinson in Indian For. 61:425, t.29.1935. D.pilosa",1,flowers yellow,YELLOW
"2. Dillenia aurea J. E. Smith in Exot. Bot. 2: 65, t. 93.1806; Hook. f. & Thomson in",1,flowers yellow,YELLOW
"3. Dillenia bracteata Wight, Icon. 2:4, t.358.1840; Hook. f. & Thomson in Fl. Brit.",1,flowers yellow,YELLOW
1872. Fig. 22.,1,flowers white,WHITE
"5. Dillenia pentagyna Roxb., PI. Corom. 1:21, t.20.1795; Hook. f. & Thomson in Fl.",1,flowers bright yellow,YELLOW
"6. Dillenia retusa Thunb. in Trans. Linn. Soc. 1:200,1.19.1791; Hook. f. & Thomson",1,no flower colour mentioned,UNKNOWN
"7. Dillenia scabrella Roxb.  ex Wallich, PI. As. Rar.  1: 20, t. 22.  1830; Hook. f.  &",1,flowers bright yellow,YELLOW
3. Tetracera L.,1,flowers white or reddish white,WHITE
1. T. alcara,1,no flower colour mentioned,UNKNOWN
1. Tetracera akara (Burm. f.) Merr. in Philip. J. Sci. 19:366.1921. Calophyllum akara,1,"flowers white, turning maroon",WHITE
"2. Tetracera indica  (Houtt.  ex Christm.  &  Panz.) Merr., Interpr. Rumph. Herb.",1,flowers reddish white,WHITE
3. Tetracera sarmentosa (L.) Vahl subsp. andamanica (Hoogl.) Hoogl. in Blumea,1,flowers white or yellowish white,WHITE
"4. Tetracera scandens (L.) Merr., Interpr. Rumph. Herb. Amboin. 365.1917. Tragia",1,no flower colour mentioned,UNKNOWN
"1824. Shrubs, up to 2 m tall, or lianas, up to 30 m long. Leaves oblong to obovate, 6 -15 x",1,"flowers white, yellowish or reddish white",WHITE
1. Dillenia mansonii (Gage) Hoogl. in Blumea 7:83.1952. Wormia mansonii Gage,1,no flower colour mentioned,UNKNOWN
"2. Dillenia repanda Roxb., Fl. Ind. 2:652.1832.",1,usually white or red,WHITE
2. M khelia,1,flowers yellow,YELLOW
3. Pachylaraax,1,flowers white or reddish pink,WHITE
1. Magnolia L.,1,flowers variously coloured,RED
7. M. hodgsonli,1,no flower colour mentioned,UNKNOWN
4. M. globosa,1,no flower colour mentioned,UNKNOWN
10. M. pterocarpa,1,no flower colour mentioned,UNKNOWN
6. M. gustavii,1,no flower colour mentioned,UNKNOWN
1. Magnolia  andamanica  (King)  Raju & Nayar in Indian J. Bot. 3:  171.  1980.,1,sepals pinkish purple,PINK
"2. Magnolia campbelli Hook. f. & Thomson, Fl. Ind. 77.1855 & in Fl. Brit. India 1:",1,flowers yellow with white or purple base,WHITE
"1980. Manglietia caveana Hook. f. & Thomson, Fl. Ind. 76.1855 & in Fl. Brit. India 1;",1,flowers white,WHITE
"4. Magnolia globosa Hook. f. & Thomson, Fl. Ind. 77.1855 & in Fl. Brit. India 1:",1,flowers white or cream-coloured,WHITE
"5. Magnolia griffithii Hook. f. & Thomson, Fl. Ind. 77.1855 & in Fl. Brit. India 1:",1,flowers pale white to yellow,WHITE
"6. Magnolia gustavii King in Ann. R. Bot. Gard. Calc. 3:209, t. 61.1891; Raju in J.",1,no flower colour mentioned,UNKNOWN
7. Magnolia hodgsonii (Hook. f. & Thomson) Keng in Gard. Bull. Singapore 31(2):,1,flowers white or pale pink,WHITE
8. Magnolia hookeri (Cubitt & Smith) Raju & Nayar in Indian J. Bot. 3:171.1980.,1,"flowers white, turning to pale yellow",WHITE
"9. Magnolia insignis Wallich, Tent. Fl. Nep. 3, t.l. 1824 & in PI. Asiat. Rar. 2:78, t.",1,"flowers pale pink, petals white or pinkish",WHITE
"10. Magnolia pterocarpa Roxb., PI. Corom. 3:62, t. 266.1820. Liriodendron grandi-",1,flowers white,WHITE
11. Magnolia rabaniana (Hook. f. & Thomson) Raju & Nayar in Indian J. Bot. 3:,1,flowers white,WHITE
2. Michelia L.,1,no flower colour mentioned,UNKNOWN
"5. Carpels few, never more than 5",1,no flower colour mentioned,UNKNOWN
4. M. doltsopa,1,no flower colour mentioned,UNKNOWN
11. M. velutina,1,no flower colour mentioned,UNKNOWN
5. M. glabra,1,no flower colour mentioned,UNKNOWN
9. M. oblonga,1,no flower colour mentioned,UNKNOWN
3. M. champaca,1,no flower colour mentioned,UNKNOWN
6. M. ldsopa,1,no flower colour mentioned,UNKNOWN
7. M. mannU,1,no flower colour mentioned,UNKNOWN
10. M. punduana,1,no flower colour mentioned,UNKNOWN
1. Michelia baillonii (Pierre) Finet & Gagnepain in Mem. Soc. Bot. France 1(4):,1,flowers white,WHITE
"2. Michelia cathcartii Hook. f. & Thomson, Fl. Ind.  79.1855 & in Fl. Brit. India 1:",1,"flowers creamy-white, reddish when dry",WHITE
"3. Michelia champaca L., Sp. PI. 536.1753; Hook. f. & Thomson in Fl. Brit. India",1,"flowers pale yellow, becoming orange",YELLOW
"1824. Magnolia excelsa Wallich, Tent. Fl. Nep. 5:  t.2.1824. Michelia excelsa (Wallich)",1,flowers white,WHITE
"5. Michelia glabra Parment. in Bull. Soc. Fr. Belg. 27:214,283.1896. Michelia kingii",1,flowers white,WHITE
"6. Michelia kisopa Buch.-Ham. ex DC., Syst. Nat. 1:448.1818; Hook. f. & Thomson",1,"flowers pale yellow, rarely white",WHITE
"7. Michelia  mannii King in Ann. R. Bot. Gard. Calc. 3:218.1891; Kanjilal et al., Fl.",1,flowers white,WHITE
"8. Michelia  nilagirica  Zenk., PI. Ind. 21, t.30.1855; Hook. f. & Thomson in Fl. Brit.",1,flowers white,WHITE
"9. Michelia oblonga Wallich ex Hook. f. & Thomson, Fl. Ind.  81.1855 & in Fl. Brit.",1,flowers white,WHITE
"11. Michelia velutina DC., Prodr. 1:79.1824. M. lanuginosa Wallich, Tent. FI. Nep.",1,flowers pale white,WHITE
12. Michelia wardii Dandy in J. Bot. 65: 222.1929.,1,flowers cream-coloured,RED
3. Pachylarnax Dandy,1,flowers yellow or cream-coloured,YELLOW
1. Illicium cambodianum Hance in  J. Bot. 14: 240.  1876; Subbarao & Kumari in,1,flowers pink,PINK
"2. Illicium griffithii Hook. f. & Thomson, Fl. Ind.  74.1855 & in Fl. Brit. India 1:",1,no flower colour mentioned,UNKNOWN
3. Illicium manipurense Watt ex King in Ann. R. Bot. Gard. Calc. 3:200.1891.,1,no flower colour mentioned,UNKNOWN
"4. Illicium simonsii Maxim, in Bull.  Acad. Sci. St. Petersb. 32.480.1888.1, fargesii",1,no flower colour mentioned,UNKNOWN
1. Kadfcura,1,no flower colour mentioned,UNKNOWN
2. Schisandra,1,no flower colour mentioned,UNKNOWN
1. Kadsura Juss.,1,flowers white or light yellowish,WHITE
2. Schisandra Michx.,1,flowers yellow or reddish,YELLOW
2. S.  neglecta,1,flowers white or pale,WHITE
1. S. grandiflora,1,flowers red or scarlet,RED
"1872. Kadsura grandiflora Wallich, Tent. Fl. Nep. 10,1.14.1824.",1,flowers white or pale pink,WHITE
2. Schisandra neglecta  A.C. Smith in Sargentia  7:  127.1947.  S.  elongatum auct.,1,flowers yellowish,YELLOW
3. Schisandra plena A.C. Smith in Sargentia 7:154.1947.,1,no flower colour mentioned,UNKNOWN
4. Schisandra propinqua  (Wallich) Baill. ex A.C. Smith in Sargentia  7:149.1947.,1,flowers yellowish or dull scarlet,YELLOW
"5. Schisandra rubriflora Rehder & Wilson in Sargent, PI. Wils.  1:  412.1913.  S.",1,flowers brownish red,RED
1. Annonineae,1,no flower colour mentioned,UNKNOWN
2. Mlllnseae,1,no flower colour mentioned,UNKNOWN
5. Uvarieae,1,no flower colour mentioned,UNKNOWN
4. Unoneae,1,no flower colour mentioned,UNKNOWN
6. Xylopieae,1,no flower colour mentioned,UNKNOWN
3. Mitrephoreae,1,no flower colour mentioned,UNKNOWN
4. Orophea,1,no flower colour mentioned,UNKNOWN
2. Alphonsea,1,no flower colour mentioned,UNKNOWN
3. M iliusa,1,no flower colour mentioned,UNKNOWN
9. Pseud uvaria,1,no flower colour mentioned,UNKNOWN
8. Popowia,1,no flower colour mentioned,UNKNOWN
6. Goniothalamus,1,no flower colour mentioned,UNKNOWN
7. Mitrephora,1,no flower colour mentioned,UNKNOWN
13. Desmos,1,no flower colour mentioned,UNKNOWN
10. Artabotrys,1,no flower colour mentioned,UNKNOWN
12. Cyathocalyx,1,no flower colour mentioned,UNKNOWN
11. Cananga,1,no flower colour mentioned,UNKNOWN
16. M ezzettia,1,no flower colour mentioned,UNKNOWN
15. M elogyne,1,no flower colour mentioned,UNKNOWN
17. Polyalthia,1,no flower colour mentioned,UNKNOWN
21. U varb,1,no flower colour mentioned,UNKNOWN
19. Sageraea,1,no flower colour mentioned,UNKNOWN
20. Trivalvaria,1,no flower colour mentioned,UNKNOWN
24. Xyiopia,1,no flower colour mentioned,UNKNOWN
23. Fbebtigm a,1,no flower colour mentioned,UNKNOWN
1. Annona L.,1,no flower colour mentioned,UNKNOWN
1. A. cherim ola,1,no flower colour mentioned,UNKNOWN
4. A. reticulata,1,no flower colour mentioned,UNKNOWN
"1. Annona cherimola  Miller, Gard. Diet, ed.8, no.5.1768.",1,"greenish yellow or rufous on upper surface, pale yellow or whitish inside, purple at base",WHITE
"2. Annona glabra L., Sp. PI. 537.1753; Bailey, Cycl. Hort. 1: 293.1958; Kadavil &",1,flowers cream-coloured with reddish and yellow patches,YELLOW
"3. Annona muricata L., Sp. PI. 1:536.1753;",1,flowers yellow,YELLOW
"4. Annona reticulata L., Sp. PI. 1:573.1753; Hook. f. & Thomson in Fl. Brit. India",1,no flower colour mentioned,UNKNOWN
"5. Annona squamosa L., Sp. PI. 1:537.1753; Hook. f. & Thomson in Fl. Brit. India",1,"greenish white or yellow, reddish at base inside",WHITE
2. Alphonsea Hook. f. & Thomson,1,no flower colour mentioned,UNKNOWN
4. A. ventricosa,1,no flower colour mentioned,UNKNOWN
"1. Alphonsea lutea (Roxb.) Hook. f. & Thomson, Fl. Ind.  153.1855 & in Fl. Brit.",1,no flower colour mentioned,UNKNOWN
"2. Alphonsea madraspatana Beddome, Icon. PI. Ind. Or. t. 92.1868 -1874; Hook,",1,flowers bright yellow,YELLOW
"3. Alphonsea sclerocarpa Thwaites, Enum. PI. Zeyl. 11.1858; Hook. f. & Thomson",1,no flower colour mentioned,UNKNOWN
"4. Alphonsea ventricosa (Roxb.) Hook. f. & Thomson, Fl. Ind.  152.1855 & in Fl.",1,flowers greenish white,WHITE
3. Miliusa Leschen. ex DC.,1,no flower colour mentioned,UNKNOWN
3. M. eriocarpa,1,no flower colour mentioned,UNKNOWN
5. M. indica,1,no flower colour mentioned,UNKNOWN
10. M. nilagirica,1,no flower colour mentioned,UNKNOWN
7. M. macrocarpa,1,no flower colour mentioned,UNKNOWN
4. M. globosa,1,no flower colour mentioned,UNKNOWN
1. Miliusa andamanica (King) Finet & Gagnepain in Bull. Soc. Bot. Fr. 53(4): 151.,1,no flower colour mentioned,UNKNOWN
2. Miliusa dolichantha Craib in Bull. Misc. Inf. Kew 1920:108.1920.,1,no flower colour mentioned,UNKNOWN
"3. Miliusa eriocarpa Dunn in Gamble, Fl. Pres. Madras 1:21.1915. Miliusa indica",1,flowers greenish pink,PINK
4. Miliusa globosa (DC.) Panigr. & S. C. Mishra in Taxon 33:713.1984. Guatteria,1,flowers blood red with dark veins,RED
"5. Miliusa indica Leschen. ex  DC. in Mem. Soc. Phys. & Hist. Nat. Geneve 5:213,",1,no flower colour mentioned,UNKNOWN
6. Miliusa longiflora (Hook. f. & Thomson) Finet & Gagnepain in Bull. Soc. Bot.,1,no flower colour mentioned,UNKNOWN
"7. Miliusa macrocarpa Hook. f. & Thomson, Fl. Ind.  150.1855 & in Fl. Brit. India",1,flowers pink with reddish brown veins,PINK
"8. Miliusa montana Gard. ex Hook. f. & Thomson, Fl. Ind.  148.1855; Beddome,",1,flowers white,WHITE
9. Miliusa mufceijeeana D. Mitra & P. Chakrab. in Bull. Bot. Surv. India  (ined.),1,flowers greenish yellow,YELLOW
"10. Miliusa  nilagirica Beddome, Icon. Pi. Ind.  Or.  t. 88.  1868  74; Hook. f.  &",1,flowers purplish green,PURPLE/BLUE
"11. Miliusa tectona Hutch,  ex C.E. Parkinson, For.  Fl. Andaman Isl.  75.  1923.",1,no flower colour mentioned,UNKNOWN
1948. Hindi:  Jungli-saguan.,1,no flower colour mentioned,UNKNOWN
"1906. Uvaria tomentosa Roxb., PI. Corom. 1: t.35.1795 & Fl. Ind. 2:667.1832. Saccope-",1,no flower colour mentioned,UNKNOWN
"13. Miliusa velutina (Dunal) Hook. f. & Thomson, Fl. Ind.  151.1855 & in Fl. Brit.",1,flowers pale yellow or greenish,YELLOW
"14. Miliusa wightiana Hook. f. & Thomson, Fl. Ind.  149.1855 & in Fl. Brit. India",1,flowers pink,PINK
4. Orophea Blume,1,no flower colour mentioned,UNKNOWN
84. Flowers and pedicels densely brown tomentose;  ripe carpels not curved,1,no flower colour mentioned,UNKNOWN
1. Orophea  erythrocarpa Beddome in Trans. Linn. Soc. Lond. 20:  5.1846 &  in,1,no flower colour mentioned,UNKNOWN
"2. Orophea hexandra Blume, Bijdr.  1:18.1825. O. acuminata  DC. in Mem. Soc.",1,no flower colour mentioned,UNKNOWN
"3. Orophea katschallica Kurz in J. Bot. 4:323 - 324.1875, emend. Thoth. in Indian",1,flowers creamy white,WHITE
4. Orophea  monosperma  (Kurz)  Craib  in Bull.  Misc.  Inf.  Kew  1915:  434.  1915.,1,flowers reddish green to greenish yellow,YELLOW
5. Orophea  polycarpa  DC.  in Mem.  Soc. Phys.  Geneve 5: 39.1832; Hook. f. &,1,flowers greenish yellow,YELLOW
"34. Orophea polycarpa D C .: a. flowering twig; b. flower; c. stamens, front and",1,no flower colour mentioned,UNKNOWN
"6. Orophea salacifolia Hutch, in Bull. Misc. Inf. Kew 1923:371.1923.",1,no flower colour mentioned,UNKNOWN
7. Orophea thomsonii Beddome in Trans. Linn. Soc. Lond. 20:5.1846 & in Madras,1,reddish inside,RED
"8. Orophea torulosa Hutch, in Bull. Misc. Inf. Kew 1923:115. T",1,no flower colour mentioned,UNKNOWN
"9. Orophea uniflora Hook. f. & Thomson, Fl. Ind.  111. 1855 & in Fl. Brit. India 1:",1,no flower colour mentioned,UNKNOWN
"10. Orophea zeylanlca Hook. f. & Thomson, Fl. Ind.  111. 1855 & in Fl. Brit. India",1,no flower colour mentioned,UNKNOWN
5. Phaeanthus Hook. f. & Thomson,1,no flower colour mentioned,UNKNOWN
"1984. Shrubs or small trees, 2 - 5 m tall; young parts ferruginous pubescent. Leaves obovate",1,flowers pale yellow to reddish,YELLOW
6. Goniothalamus (Blume) Hook. f. & Thomson,1,no flower colour mentioned,UNKNOWN
4. G. meeboldU,1,no flower colour mentioned,UNKNOWN
5. G. rhynchantherus,1,no flower colour mentioned,UNKNOWN
7. G. sim onsii,1,no flower colour mentioned,UNKNOWN
6. G. sesquipedalb,1,no flower colour mentioned,UNKNOWN
"1. Goniothalamus cardiopetalus (Dalz.) Hook. f. & Thomson, Fl. Ind.  107.1855 &",1,no flower colour mentioned,UNKNOWN
2. Goniothalamus macranthus (Kurz) Boerl. in Icon. Bogor. 1:137.1899. Unona,1,"greenish white, becoming yellowish",WHITE
36. Goniothalamus macranthus (Kurz) Boerl. var. brevipetaius D. M itra: a.,1,no flower colour mentioned,UNKNOWN
"3. Goniothalamus malayanus Hook. f. & Thomson, Fl. Ind.  107.1855 & in Fl. Brit.",1,greenish yellow,YELLOW
5. Goniothalamus rhynchantherus Dunn in Bull. Misc. Inf. Kew  1914:182.1914;,1,flowers yellowish green,YELLOW
"6. Goniothalamus sesquipedalis (Wallich) Hook. f. & Thomson, Fl. Ind.  108.1855",1,no flower colour mentioned,UNKNOWN
"1832. Kh.:  Laikhami, Skum-synsar, Soh-umsynrang;  Lus.:  Kham;  Nep.:  Sane.",1,flowers greenish yellow,YELLOW
"7. Goniothalamus simonsii Hook. f. & Thomson, Fl. Ind.  108.1855 & in Fl. Brit.",1,flowers cream-coloured,RED
"8. Goniothalamus thwaitesii Hook. f. & Thomson, Fl. Ind.  106.1872 & in Fl. Brit.",1,no flower colour mentioned,UNKNOWN
"9. Goniothalamus  wightii Hook. f. & Thomson, Fl. Ind.  106.1855 & Fl. Brit. India",1,flowers purple with yellow tinge,YELLOW
"10. Goniothalamus  wynaadensis (Beddome) Beddome, Icon. PI. Ind. Or. 1:13, t.",1,flowers yellowish green,YELLOW
7. Mitrephora Hook. f. & Thomson,1,no flower colour mentioned,UNKNOWN
4. M. beyneana,1,no flower colour mentioned,UNKNOWN
3. M. harae,1,no flower colour mentioned,UNKNOWN
1. Mitrephora  andamanica Thoth. & D. Das in J. Bombay Nat. Hist. Soc. 54(3):,1,no flower colour mentioned,UNKNOWN
"2. Mitrephora grandiflora Beddome, Fl. Sylv. 1: t. 75.1869 - 73 & in Icon. PI. Ind.",1,flowers white or white-streaked with red,WHITE
"3. Mitrephora harae Ohashi in Hara, Fl. E. Himalaya 97.1966 (as harait).",1,no flower colour mentioned,UNKNOWN
"4. Mitrephora heyneana (Hook. f. & Thomson) Thwaites, Enum. PI. Zeyl. 8.1864;",1,flowers yellow with pink tinge,YELLOW
"5. Mitrephora tomentosa Hook. f. & Thomson, Fl. Ind.  113.1855 & in Fl. Brit. India",1,flowers yellow with faint purple veins,YELLOW
8. Popowia Endl.,1,no flower colour mentioned,UNKNOWN
3. P. parvtfolta,1,no flower colour mentioned,UNKNOWN
3. Popowia parvifolia Kurz in J. Bot. 13:324.1875.,1,no flower colour mentioned,UNKNOWN
9. Pseuduvaria Miquel,1,no flower colour mentioned,UNKNOWN
10. Artabotrys R. Brown,1,no flower colour mentioned,UNKNOWN
2. A. cubltUl,1,no flower colour mentioned,UNKNOWN
4. A. nicobarianus,1,no flower colour mentioned,UNKNOWN
1. A. caudatus,1,no flower colour mentioned,UNKNOWN
5. A. spedosus,1,flowers yellow,YELLOW
2. Artabotrys cubittii Chatterjee in J. Bombay Nat. Hist. Soc. 19:1.1940.,1,no flower colour mentioned,UNKNOWN
3. Artabotrys  hexape talus  (L.  f.)  Bhandari in Baileya  12(4):  147.  1964. Annona,1,petals greenish yellow to yellow,YELLOW
4. Artabotrys nicobarianus D. Das in Bull. Bot. Surv. India 11:194.1969.,1,no flower colour mentioned,UNKNOWN
5. Artabotrys speciosus Kurz ex Hook. f. & Thomson in Fl. Brit. India 1:55.1872.,1,flowers yellow,YELLOW
"6. Artabotrys zeylanicus Hook. f. & Thomson, Fl. Ind.  128.1855 & in Fl. Brit. India",1,no flower colour mentioned,UNKNOWN
"11. Cananga (DC.) Hook. f. & Thomson, nom. cons.",1,yellow with age,YELLOW
12. Cyathocalyx Champion,1,no flower colour mentioned,UNKNOWN
1. Cyathocalyx martabanicus Hook. f. & Thomson in Fl. Brit. India 1:53.1872.,1,petals yellowish,YELLOW
"2. Cyatbocalyx zeylanicus Champ, in Hook. f. & Thomson, Fl. Ind.  127.1855 & in",1,flowers pale green,OTHER
13. Desmos Lour.,1,flowers cream-coloured,RED
6. D. longlflorus,1,no flower colour mentioned,UNKNOWN
4. D. dumosus,1,no flower colour mentioned,UNKNOWN
1. D. chinensis,1,no flower colour mentioned,UNKNOWN
"1. Desmos chinensis Lour., Fl. Cochinch. 1:352.1790. Unona discolor Vahl, Symb.",1,flowers pale yellowish green or cream-coloured,YELLOW
"2. Desmos cochinchinensis Lour., Fl. Cochinch. 1:352.1790. Unona cochinchinensis",1,"petals greenish yellow to yellow, pink at base inside",YELLOW
3. Desmos dasymaschalus (Blume) Safford in Bull. Torrey Bot. Club 39:507.1912.,1,no flower colour mentioned,UNKNOWN
4. Desmos dumosus (Roxb.) Safford in Bull. Torrey Bot. Club 39:506.1912. Unona,1,"flowers yellowish, yellowish green",YELLOW
"1912. Unona lawii Hook. f. & Thomson, Fl. Ind.  132.1855 & in Fl. Brit. India 1:59.1872.",1,no flower colour mentioned,UNKNOWN
6. Desmos  longiflorus  (Roxb.)  Safford  in Bull. Torrey Bot.  Club 39:  507.  1912.,1,"flowers reddish orange outside, yellow inside",YELLOW
1872. Asm.:  Parteng-phang.,1,no flower colour mentioned,UNKNOWN
8. Desmos viridifloros (Beddome)  Safford in Bull. Torrey Bot. Club 39:506.1912.,1,no flower colour mentioned,UNKNOWN
14. Friesodielsia van Steenis,1,no flower colour mentioned,UNKNOWN
"93. STEENIS, C.G.GJ. van (1948) Bull. Bot. Gard. Buitenz.  17:457 - 464.",1,no flower colour mentioned,UNKNOWN
1. Friesodielsia fornicata  (Roxb.) D. Das in Bull. Bot. Surv. India 5:43 & 93.1963.,1,no flower colour mentioned,UNKNOWN
2. Friesodielsia khoshooi Vasud. & T. Chakrab. in J. Econ. Tax. Bot. 6:435.1985.,1,flowers yellow or creamy yellow,YELLOW
15. Meiogyne Miq.,1,no flower colour mentioned,UNKNOWN
1. Meiogyne pannosa (Dalz.) Sinclair in Sarawak Mus. J. 5(3): 604.1951; Hook. f.,1,flowers yellowish green or dirty white,WHITE
"2. Mieogyne ramarowii (Dunn) Gandhi in Saldanha & Nicolson, Fl. Hassan Dist.",1,flowers straw-coloured,RED
16. Mezzettia  Beccari,1,no flower colour mentioned,UNKNOWN
17. Polyalthia Blume,1,no flower colour mentioned,UNKNOWN
2. P. cerasoides,1,no flower colour mentioned,UNKNOWN
11. P. paiidnsonil,1,no flower colour mentioned,UNKNOWN
4. P. crassa,1,no flower colour mentioned,UNKNOWN
14. P. snberosa,1,no flower colour mentioned,UNKNOWN
7. P. korin til,1,no flower colour mentioned,UNKNOWN
12. P. rafescens,1,no flower colour mentioned,UNKNOWN
9. P. kmgifoUa,1,no flower colour mentioned,UNKNOWN
6. P.Jenkbmil,1,no flower colour mentioned,UNKNOWN
1. P. canlifloni,1,no flower colour mentioned,UNKNOWN
3. P. coffeoides,1,no flower colour mentioned,UNKNOWN
13. P. slmiaram,1,no flower colour mentioned,UNKNOWN
1. Polyalthia caullflora Hook. f. & Thomson var. desmantha (Hook. f. & Thomson),1,flowers chocolate brown,OTHER
"2. Polyalthia cerasoides (Roxb.) Beddome, Fl. Sylv. 1.1.1869; Hook. f. & Thomson",1,flowers greenish white,WHITE
"3. Polyalthia coffeoides (Hook. f. & Thomson) Thwaites, Enum. PI. Zeyl. 398.1864;",1,flowers greenish yellow,YELLOW
4. Polyalthia crassa R. Parker in Indian For. 55:375.1929.,1,no flower colour mentioned,UNKNOWN
"5. Polyalthia fragrans (Dalz.) Beddome, Fl. Sylv. t. 74.1871; Hook. f. & Thomson",1,flowers greenish yellow,YELLOW
6. Polyalthia jenkinsii (Hook. f. & Thomson) Hook. f. & Thomson in Fl. Brit. India,1,flowers white to pale yellow,WHITE
"7. Polyalthia  korintii  (Dunal)  Thwaites,  Enum.  PI.  Zeyl.  398.  1864;  Hook.  f.  &",1,no flower colour mentioned,UNKNOWN
8. Polyalthia  lateriflora  (Blume)  Kurz  in  J.  Asiat.  Soc.  Beng.  43(2):  52.  1874.,1,"greenish yellow, reddish at base",YELLOW
"9. Polyalthia longifolia (Sonner.) Thwaites, Enum. PI. Zeyl. 398.1864; Hook. f. &",1,flowers greenish yellow,YELLOW
"1990. Shrubs,  erect, unbranched or few-branched; stem black with numerous lenticels.",1,flowers pinkish yellow,YELLOW
"11. Polyalthia parkinsonii Hutch, in Bull. Misc. Inf. Kew 1917: 25.1917.",1,flowers white,WHITE
12. Polyalthia rufescens Hook. f. & Thomson in Fl. Brit. India 1:66.1872.,1,no flower colour mentioned,UNKNOWN
13. Polyalthia simiarum (Hook. f. & Thomson) Hook. f. & Thomson in Fl. Brit.,1,flowers yellowish green,YELLOW
43. Polyalthia simiarum (Hook. f. & Thomson) Hook. f.  & Thomson:  a. branch,1,no flower colour mentioned,UNKNOWN
"14. Polyalthia suberosa  (Roxb.) Thwaites, Enum. PI. Zeyl. 398.1864; Hook. f. &",1,flowers greenish yellow,YELLOW
18. Cyathostemma Griffith,1,no flower colour mentioned,UNKNOWN
1. C. micranthum,1,no flower colour mentioned,UNKNOWN
2. C. viridiflorwn,1,no flower colour mentioned,UNKNOWN
"2. Cyathostemma viridiflomm Griffith,  Notul.  4: 707.1854 & in Icon. 4: t. 650.",1,no flower colour mentioned,UNKNOWN
19. Sageraea Dalz.,1,no flower colour mentioned,UNKNOWN
2. S. elliptica,1,no flower colour mentioned,UNKNOWN
5. S. listeri var. andamanica,1,no flower colour mentioned,UNKNOWN
1. S. dalzellii,1,no flower colour mentioned,UNKNOWN
"1. Sageraea dalzelli Beddome, Icon. PI. Ind. Or. 9: t. 42.1868 -1874; King in Ann.",1,flowers ivory-yellow,YELLOW
"2. Sageraea elliptica (DC.) Hook. f. & Thomson, Fl. Ind.  93.1855; C.E. Parkinson,",1,flowers reddish,RED
"3. Sageraea grandiflora Dunn in Bull. Misc. Inf. Kew 1914:182.1914  & in Gamble,",1,no flower colour mentioned,UNKNOWN
4. Sageraea laurifolia (Graham) Blatter in J. Bombay Nat. Hist. Soc. 34:294.1931.,1,flowers white,WHITE
"5. Sageraea listeri King in Ann. R. Bot. Gard. Calc. 4:7, t. 35A. 1893.",1,no flower colour mentioned,UNKNOWN
20. Trivalvaria Miq.,1,no flower colour mentioned,UNKNOWN
3. T. kai\)UaliI,1,no flower colour mentioned,UNKNOWN
1951. Polyalthia argentea Hook. f. & Thomson in Fl. Brit. India  1: 67.  1872. Popowia,1,no flower colour mentioned,UNKNOWN
2. Trivalvaria dubia (Kurz) Sinclar in Gard. Bull. Singapore 14:47.1955. Polyalthia,1,flowers white,WHITE
21. Uvaria L.,1,flowers yellow or purple or reddish brown,YELLOW
3. U. euclncta,1,no flower colour mentioned,UNKNOWN
9. U. rufa,1,no flower colour mentioned,UNKNOWN
2. U. cordata,1,no flower colour mentioned,UNKNOWN
4. U. ham ilfonii,1,no flower colour mentioned,UNKNOWN
10. U. zeylanica,1,no flower colour mentioned,UNKNOWN
1. Uvaria andamanica King in J. Asiat. Soc. Beng. 61(2): 21.1892 & in Ann. R. Bot.,1,no flower colour mentioned,UNKNOWN
"2. Uvaria cordata (Dunal) Alston, Handb. Fl. Ceylon, Suppl. 6: 4.1931. Guatteria",1,petals reddish brown,RED
3. Uvaria eucincta Beddome ex Dunn in Bull. Misc. Inf. Kew 1914:182.1914.,1,no flower colour mentioned,UNKNOWN
"4. Uvaria hamiltonii Hook. f. & Thomson, Fl. Ind. 96.1855 & in Fl. Brit. India 1:",1,"petals brick red, brown tomentose on both sides",RED
"5. Uvaria hookeri King in Ann. R. Bot.  Gard.  Calc. 4:  28, t. 22.  1893.  IA narutn",1,flowers brick red,RED
"7. Uvaria narum  (Dunal)  Blume, Fl. Java 5.1828; H ook. f. &  Thomson in Fl. Brit-",1,flesh-coloured,RED
8. Uvaria nicoharica Raizada & Sahni in Indian For. 87:101.1961.,1,no flower colour mentioned,UNKNOWN
"5. Uvaria rufa Blume, Fl. Java 19, t. 4 & 13c. 1828.",1,flowers bright red to dull reddish-purple,RED
"10. Uvaria zeylanica L., Sp. PI. 536.1753; Hook. f. & Thomson in Fl. Brit. India 1:",1,petals dull red or purple,RED
22. Anaxagorea St. Hill.,1,flowers white,WHITE
23. Fissistigma Griffith,1,no flower colour mentioned,UNKNOWN
8. F. wallichii,1,no flower colour mentioned,UNKNOWN
3. F. polyanthum,1,no flower colour mentioned,UNKNOWN
4. F. rubiginosum,1,no flower colour mentioned,UNKNOWN
1. Fissistigma bicolor (Roxb.) Merr. in Philip. J. Sci. (Bot.)  15:131.1919.  Uvaria,1,petals red,RED
2. Fissistigma  ellipticum  (King)  D. Mitra in Bull.  Bot.  Surv. India,1,no flower colour mentioned,UNKNOWN
3. Fissistigma poiyanthum (Hook. f. & Thomson) Merr. in Philipp. J. Sri. (Bot.),1,"flowers pale orange, petals orange-red",RED
4. Fissistigma rubiginosum ( DC.) Merr. in Philipp. J. Sci. (Bot.)  15:135.1919.,1,petals pale pink and hoary inside,PINK
5. Fissistigma rufinerve ( Hook. f. & Thomson) Merr. in Philip. J. Sci. (Bot.)  15:,1,no flower colour mentioned,UNKNOWN
6. Fissistigma santapaui D. Das in Bull. Bot. Surv. India 10:263 - 266.1969.,1,"inner petals reddish, outer petals whitish",WHITE
7. Fissistigma verrucosum (Hook. f. & Thomson) Merr. in Philip. J. Sci. (Bot.) 15:,1,flowers pale yellow,YELLOW
"1919. Melodorum wallichii Hook. f. & Thomson, Fl. Ind.  118.1855 & in Fl. Brit. India",1,inner petals brown purple,PURPLE/BLUE
24. Xylopia L.,1,flowers yellow,YELLOW
"3133. WILKINSON,  H.  P.  (1989)  Leaf  anatomy  of  the",1,no flower colour mentioned,UNKNOWN
3. Menispermeae,1,no flower colour mentioned,UNKNOWN
5. Tinosporeae,1,no flower colour mentioned,UNKNOWN
1. Anamirta,1,no flower colour mentioned,UNKNOWN
2. Coacinium,1,no flower colour mentioned,UNKNOWN
3. Flbraureu,1,no flower colour mentioned,UNKNOWN
4. Tlnomiscium,1,no flower colour mentioned,UNKNOWN
10. Pachygone,1,no flower colour mentioned,UNKNOWN
12. Stephania,1,no flower colour mentioned,UNKNOWN
5. Cissampeloa,1,no flower colour mentioned,UNKNOWN
7. Cyclea,1,no flower colour mentioned,UNKNOWN
15. Haematocarpas,1,no flower colour mentioned,UNKNOWN
13. Albertfela,1,no flower colour mentioned,UNKNOWN
14. Eleutharrbena,1,no flower colour mentioned,UNKNOWN
18. Apsidocarya,1,no flower colour mentioned,UNKNOWN
19. Parabaena,1,no flower colour mentioned,UNKNOWN
20. Tinospora,1,no flower colour mentioned,UNKNOWN
1. Anamirta Colebr.,1,"flowers green, scented",OTHER
2. Coscinium Colebr.,1,sepals yellow,YELLOW
3. Fi bra urea Lour.,1,flowers white or yellow,WHITE
4. Tinomiscium Hook. f. & Thomson,1,flowers white to yellow,WHITE
5. Cissampelos L.,1,no flower colour mentioned,UNKNOWN
"6. Cocculus DC.,  nom. cons.",1,flowers pale yellow,YELLOW
1. C. h in a ta s,1,flowers white,WHITE
3. C. orbiculatus,1,no flower colour mentioned,UNKNOWN
2. C. laurifoUus,1,no flower colour mentioned,UNKNOWN
4. C. pendulu*,1,no flower colour mentioned,UNKNOWN
"1. Cocculus hirsutus (L.) Diels in Engler, Pflanzenr. 46:236.1910. Menispermum",1,no flower colour mentioned,UNKNOWN
"1797. Hindi (Bih.):  Jaljamanv,  Tam.:  Kattukodi, Sirungarukodi.",1,no flower colour mentioned,UNKNOWN
"2. Cocculus laurifolius DC., Syst. Nat. 1:530.1817; Hook. f. & Thomson in Fl. Brit.",1,flowers yellow,YELLOW
"3. Cocculus orbiculatus (L.) DC., Syst. Nat. 1:523.1817. Menispermum orbiculatum",1,flowers white,WHITE
"4. Cocculus pendulus (J. R. & G. Forst.) Diels in Engler, Pflanzenr. 46:237.1910.",1,no flower colour mentioned,UNKNOWN
5. Cocculus prainianus (Diels) Pramanik & Thoth. in Kew Bull. 42(3): 706.1986.,1,no flower colour mentioned,UNKNOWN
7. Cyclea Arn. ex Wight,1,no flower colour mentioned,UNKNOWN
2. C. bkristate,1,no flower colour mentioned,UNKNOWN
3. C. debiliflora,1,no flower colour mentioned,UNKNOWN
"1. Cyclea barbata Miers (in Ann. Mag. Nat. Hist. ser. 3,18:19.1866, nom. nud.)",1,no flower colour mentioned,UNKNOWN
"2. Cyclea bicristata  (Griffith) Diels in Engler, Pflanzenr. 46:  317.  1910.  Lopho-",1,no flower colour mentioned,UNKNOWN
1855. MENISPERMACEAE,1,no flower colour mentioned,UNKNOWN
"3. Cyclea debiliflora Miers [in Ann. Mag. Nat. Hist, ser.3,18:20.1866, nom. nud.]",1,no flower colour mentioned,UNKNOWN
4. Cyclea fissicalyx Dunn in  Gamble Fl. Pres. Madras 1: 31.1915 & in Kew Bull,1,no flower colour mentioned,UNKNOWN
"5. Cyclea meeboldii Diels in Engler, Pflanzenr. 46:315.1910.",1,no flower colour mentioned,UNKNOWN
"6. Cyclea peltata (Lam.) Hook. f. & Thomson, Fl. Ind. 201.1855 & in Fl. Brit. India",1,no flower colour mentioned,UNKNOWN
"7. Cyclea pendulina Miers [in Ann. Mag. Nat. Hist. ser. 3,18:19.1866, nom. nud.]",1,no flower colour mentioned,UNKNOWN
"8. Cyclea wattii Diels in Engler, Pflanzenr. 46:320.1910.",1,no flower colour mentioned,UNKNOWN
8. Diploclisia Miers,1,no flower colour mentioned,UNKNOWN
"1910. Cocculus glaucescens Blume, Bijdr. 25.1825.  Cocculus macrocarpus Wight &",1,male flowers pale yellow,YELLOW
9. Hypserpa Miers,1,flowers yellow,YELLOW
10. Pachygone Miers,1,flowers yellow,YELLOW
11. Pericampylus Miers,1,flowers white or yellow,WHITE
12. Stephania Lour.,1,no flower colour mentioned,UNKNOWN
1. S. andam anka,1,no flower colour mentioned,UNKNOWN
8. S. w ighli),1,no flower colour mentioned,UNKNOWN
3. S. glabra,1,no flower colour mentioned,UNKNOWN
5. S. gradients,1,no flower colour mentioned,UNKNOWN
1872. Kh.: Mi-soh-iong-rit.,1,"male flowers green or purple, female flowers no flower colour mentioned",PURPLE/BLUE
"3. Stephania glabra (Roxb.) Miers, Contrib. Bot. 3: 217.1817. Cissampelos glabra",1,no flower colour mentioned,UNKNOWN
"4. Stephania glandulifera Miers, Contrib. Bot. 220.1871.5. rotunda auct. non Lour.;",1,no flower colour mentioned,UNKNOWN
"5. Stephania gracilenta Miers, Contrib. Bot. 3:223.1817.",1,flowers purple,PURPLE/BLUE
"1160. Menispermum japonicum Thunb., Fl. Jap. 193.1784.  Cissampelos hemandifolia",1,no flower colour mentioned,UNKNOWN
"7. Stephania venosa (Blume) Spreng., Syst. Veg. 4:316.1827. Clypea venosa Blume,",1,no flower colour mentioned,UNKNOWN
"8. Stephania wightii (Arn.) Dunn in Gamble, Fl. Pres. Madras 30.1915 & in Kew",1,no flower colour mentioned,UNKNOWN
13. Albertisia Becc.,1,no flower colour mentioned,UNKNOWN
14. Eleutharrhena Forman,1,no flower colour mentioned,UNKNOWN
15. Haematocarpus Miers,1,no flower colour mentioned,UNKNOWN
"1871. H. thomsonii Miers, 1. c.  1867; Hook. f. & Thomson in Fl. Brit. Indict 1:106.1872.",1,no flower colour mentioned,UNKNOWN
16. Pycnarrhena Hook. f. & Thomson,1,no flower colour mentioned,UNKNOWN
"1868. Cocculus lucidus Teijsm. & Binn., Nat. Tijd. 4: 397.1853.  Antitaxis fasciculata",1,no flower colour mentioned,UNKNOWN
2. Pycnarrhena pleniflora Hook. f. & ThomsonrFl. Ind. 206.1855 (as ’planiflora’),1,no flower colour mentioned,UNKNOWN
17. Tiliacora Colebr.,1,no flower colour mentioned,UNKNOWN
1. T. acuminata,1,no flower colour mentioned,UNKNOWN
2. T. triandra,1,no flower colour mentioned,UNKNOWN
"1. Tiliacora acuminata  (Lam.) Hook. f. & Thomson, Fl. Ind.  187.  1855; Dunn in",1,flowers bright yellow,YELLOW
"2. Tiliacora triandra  (Colebr.) Diels in Engler, Pflanzenr. 46: 62.1910. Cocculus",1,male flowers yellow,YELLOW
18. Aspidocarya Hook. f. & Thomson,1,"male flowers: petals yellow, female flowers: petals narrower, staminodes linear, club-shaped",YELLOW
19. Parabaena Miers,1,no flower colour mentioned,UNKNOWN
20. Tinospora Miers,1,no flower colour mentioned,UNKNOWN
2. T. crisp*,1,no flower colour mentioned,UNKNOWN
3. T. glabra,1,no flower colour mentioned,UNKNOWN
1. T. cordifolla,1,no flower colour mentioned,UNKNOWN
"1. Tinospora cordifolia (Willd.) Hook. f. & Thomson, Fl. Ind.  184.1855 & in Fl.",1,no flower colour mentioned,UNKNOWN
"2. Tinospora crispa (L.) Hook. f. & Thomson, Fl. Ind. 183.1855 & Fl. Brit. India 1:",1,flowers yellowish green,YELLOW
3. Tinospora glabra (Burm. f.) Merr. in J. Arn. Arb. 19: 340.1938.  Menispermum,1,no flower colour mentioned,UNKNOWN
4. Tinospora sinensis (Lour.) Merr. in Sunyatsenia 1:193.1934.  Campylus sinensis,1,no flower colour mentioned,UNKNOWN
1797. Cocculus tomentosa Colebr. in Trans. Linn. Soc. Lond. 13:56.1872.  T. tomentosa,1,flowers usually yellow,YELLOW
2. Epim edium,1,no flower colour mentioned,UNKNOWN
1. Berberis L.,1,flowers pale yellowish green,YELLOW
"1. Berberis virescens Hook. f. in Bot. Mag.  116, t. 7116.1880.  B.  vulgaris L. var.",1,flowers pale yellowish green,YELLOW
2. B. angnlnaa,1,no flower colour mentioned,UNKNOWN
3. B. condnna,1,no flower colour mentioned,UNKNOWN
5. B. macroaepala,1,no flower colour mentioned,UNKNOWN
"2. Berberis angulosa Wallich ex Hook. f. & Thomson, Fl. Ind. 227.1855 & in Fl.",1,flowers yellow,YELLOW
"3. Berberis concinna Hook. f. & Thomson in Bot. Mag. 79, t. 4744.1853 & in Fl.",1,flowers yellowish,YELLOW
"4. Berberis kumaonensis Schneider in Bull. Herb. Boiss. ser. 2,5:397.1905.",1,flowers bright yellow,YELLOW
6. Berberis parisepala Ahrendt in Gard. Chron. (3)109:100.1941 & J. Bot. Lond.,1,no flower colour mentioned,UNKNOWN
12. B. osmastonii,1,no flower colour mentioned,UNKNOWN
9. B. himalalca,1,no flower colour mentioned,UNKNOWN
8. B. hamlltoniana,1,no flower colour mentioned,UNKNOWN
360. FLORA  OF  INDIA,1,no flower colour mentioned,UNKNOWN
7. Berberis apiculata Ahrendt in J. Linn. Soc. Lond. (Bot.) 57:135.1961.5. usteriana,1,no flower colour mentioned,UNKNOWN
8. Berberis hamiltoniana Ahrendt in Gard. Illus. 64:426.1944.,1,no flower colour mentioned,UNKNOWN
9. Berberis himalaica Ahrendt in J. Bot. Lond. 79 (suppl.): 68.1942.,1,no flower colour mentioned,UNKNOWN
"10. Berberis jaeschkeana Schneider in Bull. Herb. Boiss.  ser.2,  5:  399.  1905;  R.",1,no flower colour mentioned,UNKNOWN
"5. Berries ca 1 x 0.5 cm, red, shortly stylose.  Seeds dark purple.",1,no flower colour mentioned,UNKNOWN
11. Berberis lambertii R. Parker in Bull. Misc. Inf. Kew 1921:367.1921.,1,no flower colour mentioned,UNKNOWN
12. Berberis osmastonii Dunn in Kew Bull. 1920:335.1920.,1,no flower colour mentioned,UNKNOWN
13. Berberis orthobotrys Bienert ex Aitch. in J. Linn. Soc. Lond. 19:150.1882.,1,flowers yellow,YELLOW
15. B. astatica,1,no flower colour mentioned,UNKNOWN
17. B. halnesU,1,no flower colour mentioned,UNKNOWN
16. B. glaucocarpa,1,no flower colour mentioned,UNKNOWN
"14. Berberis ahrendtii R. R. Ra° & Un‘^* '""^""^i/n^Soc^L ond  57:89.1961,",1,no flower colour mentioned,UNKNOWN
"15. Berberis asiatica Roxb. ex DC., Syst. Nat. 2:13.1821, non Griffith, 1847; Hook,",1,no flower colour mentioned,UNKNOWN
"16. Berberis glaucocarpa Stapf in Bot. Mag. 151,  sub. t. 9102.1926, in obs.; Ahrendt",1,no flower colour mentioned,UNKNOWN
17. Berberis hainesii Ahrendt in J. Bot. Lond. 80 (suppl.): 105.1944 & in J. Linn.,1,no flower colour mentioned,UNKNOWN
18. Berberis khasiana Ahrendt in J. Bot. Lond. 80 (suppl.): 100.1943 & in J. Iinn*,1,no flower colour mentioned,UNKNOWN
"19. Berberis  lydum Royle  in Trans.  Linn. Soc. Lond.  17:  94.  1834; Hook,  f* ^",1,no flower colour mentioned,UNKNOWN
"20. Berberis parkeriana Schneider in Fedde, Repert. Spec. Nov. 11:162.1912.",1,no flower colour mentioned,UNKNOWN
21. B. calllobotrys,1,no flower colour mentioned,UNKNOWN
"21. Berberis calliobotrys Aitch. ex Koehne, Deutsche Dendr. 168.1898. B. vulgans",1,flowers yellow,YELLOW
"2. Berries globose to obovoid, ca 5 x 2 mm, black, conspicuously pruinose, stylose; styles",1,no flower colour mentioned,UNKNOWN
"22. Berberis  cretica L., Sp.  PI. 331.  1753.  B.",1,no flower colour mentioned,UNKNOWN
23. Berberis pseudoumbellata R. Parker in  Bull. Misc. Inf. Kew 1921:118.1921. if*,1,no flower colour mentioned,UNKNOWN
24. Berberis royleana Ahrendt in J. Asiat. Soc. Beng. (Sci.)  11:5.1945; Chatteijee,1,no flower colour mentioned,UNKNOWN
"25. Berberis koehneana Schneider in Bull. Herb. Boiss. ser. 2,5:814.1905.",1,no flower colour mentioned,UNKNOWN
"26. Berberis kunawurensis Royle, Illus. Bot. Himal. 64.1834.  B.  vulgaris L. vars.",1,flowers red-brown,RED
33. B. sikldmemfa,1,no flower colour mentioned,UNKNOWN
30. B. corUria,1,no flower colour mentioned,UNKNOWN
27. B.afflnls,1,no flower colour mentioned,UNKNOWN
32. B. micranlha,1,no flower colour mentioned,UNKNOWN
"28. Berberis aristata DC., Syst. Nat. 2:8.1821; Hook. f. & Thomson in Fl. Brit. India",1,flowers no flower colour mentioned,UNKNOWN
29. Berberis chitria Edwards in Bot. Reg. 9: t. 729.1823. B. aristata auct. non DC.;,1,no flower colour mentioned,UNKNOWN
"30. Berberis coriaria Royle ex Lindley, Bot. Reg. 27: t. 46.1841.",1,no flower colour mentioned,UNKNOWN
"31. Berberis floribunda Wallich ex G. Don, Gen. Syst.  1:115.1831.  B. umbellata",1,no flower colour mentioned,UNKNOWN
32. Berberis micrantha (Hook. f. & Thomson) Ahrendt in Gard. Illus. 64:426.1944.,1,no flower colour mentioned,UNKNOWN
33. Berberis sikkimensis (Schneider) Ahrendt in J. Bot. Lond. 80 (suppl.): 85.1942.,1,flowers bright yellow,YELLOW
36. B. petiolarls,1,no flower colour mentioned,UNKNOWN
"34. Berberis huegeliana Schneider in Bull. Herb. Boiss. ser.2,5:451.1905.",1,no flower colour mentioned,UNKNOWN
35. Berberis nilghiriensis Ahrendt in J. Asiat. Soc. Beng. (Sci.) 11:1.1945 & in J.,1,"flowers yellow, flushed red",YELLOW
"36. Berberis petiolaris Wallich ex G. Don, Gen. Syst. 1:116.1831; Ahrendt in J.",1,no flower colour mentioned,UNKNOWN
"37. Berberis tinctoria Leschen. in Mem. Mus. Paris 9:306.1822; Fyson, Fl. South",1,no flower colour mentioned,UNKNOWN
"38. Berberis wightiana Schneider in Bull. Herb. Boiss. ser.2,5:452.1905.",1,no flower colour mentioned,UNKNOWN
39. Berberis kashmiriana Ahrendt in J. Bot. Lond. 80 (suppl.): 97.1943 & in J. linn.,1,no flower colour mentioned,UNKNOWN
41. B. thomaonian*,1,no flower colour mentioned,UNKNOWN
40. Berberis brandisiana Ahrendt in J. Asiat. Soc. Beng. (Sci. )11:2.1945.,1,no flower colour mentioned,UNKNOWN
"41. Berberis thomsoniana Schneider in Bull. Herb. Boiss. ser.2,5:8.1905.",1,no flower colour mentioned,UNKNOWN
"42. Berberis  umbellata Wallich ex G.  Don,  Gen.  Syst.  1:  116.  1831;  Hook.  f.  &",1,flowers yellow,YELLOW
"43. Berberis ulicina Hook. f. & Thomson, Fl. Ind. 227.1855 & in Fl. Brit. India 1:",1,flowers yellow,YELLOW
"44. Berberis pachyacantha Koehne, Deutsche Dendr. 170.1892; R. Parker in For.",1,no flower colour mentioned,UNKNOWN
"45. Berberis micropetala Schneider in Fedde, Repert. Spec. Nov. 46:266.1939.",1,no flower colour mentioned,UNKNOWN
"47. Berberis hookeri Lemaire in Illus. Hort. 6:207.1859. B. wallichiana sensu Hook,",1,no flower colour mentioned,UNKNOWN
48. Berberis dasyclada Ahrendt in J. Bot. Lond. 79 (suppl.): 12.1941 & in J. Linn.,1,flowers golden yellow,YELLOW
"49. Berberis insignis Hook. f. & Thomson, Fl. Ind. 226.1855 & in Fl. Brit. India 1:",1,no flower colour mentioned,UNKNOWN
51. B. wardii,1,no flower colour mentioned,UNKNOWN
"51. Berberis  wardii Schneider in Fedde, Repert. Spec. Nov. 46:262.1959.",1,flowers red,RED
52. B. grifflthiana,1,no flower colour mentioned,UNKNOWN
"52. Berberis  griffithiana  Schneider  in  Bull. Herb.  Boiss.  ser.  2,  5:  403.  1905. B.",1,no flower colour mentioned,UNKNOWN
"53. Berberis praecipua Schneider in Fedde, Repert. Spec. Nov. 46: 248.1939.  B.",1,no flower colour mentioned,UNKNOWN
54. Berberis sublevis W. Smith in Notes R. Bot. Gard. Edinb. 9:83.1916.,1,no flower colour mentioned,UNKNOWN
"1928. B. wallichinana var. microcarpa Hook. f. & Thomson, Fl. Ind. 226.1855 & in Fl.",1,no flower colour mentioned,UNKNOWN
2. Epimedium L.,1,no flower colour mentioned,UNKNOWN
3. M ahonia N uttall,1,"flowers yellow or greenish, sometimes tinged red",YELLOW
12. M .slkldm en^,1,no flower colour mentioned,UNKNOWN
3. M. calam kaalfc,1,no flower colour mentioned,UNKNOWN
2. M. borealis,1,no flower colour mentioned,UNKNOWN
5. M. jaunsareiuis,1,no flower colour mentioned,UNKNOWN
11. M. roxbarghli,1,no flower colour mentioned,UNKNOWN
9. M. napaulensis,1,no flower colour mentioned,UNKNOWN
7. M. m agnifies,1,no flower colour mentioned,UNKNOWN
2. Mahonia borealis Takeda in Notes R. Bot. Gard. Edinb. 6:221.1917.,1,no flower colour mentioned,UNKNOWN
3. Mahonia calamicaulis Sparre & Fisch. in Bull. Misc. Inf. Kew 1929:2 4 9 .1 9 2 9 .,1,no flower colour mentioned,UNKNOWN
4. Mahonia feddei Ahrendt in J. Linn. Soc. Lond. (Bot.)57:303.1961.,1,flowers golden yellow,YELLOW
5. Mahonia jaunsarensis Ahrendt in J. Linn. Soc. Lond. (Bot.) 57:310.1961.,1,no flower colour mentioned,UNKNOWN
6. Mahonia leschenaultii (Wight & Arn.) Takeda in Notes R. Bot. Gard. Edinb. 6:,1,no flower colour mentioned,UNKNOWN
7. Mahonia magnifica Ahrendt in J. Linn. Soc. Lond.  (Bot.)  57:309.1961.,1,flowers brilliant yellow,YELLOW
8. Mahonia manipurensis Takeda in Notes R. Bot. Gard. Edinb. 6:222.1917.,1,no flower colour mentioned,UNKNOWN
"9. Mahonia napaulensis DC., Syst. Nat. 2:21.1821 & Prodr. 1:109.1824.  Berberis",1,no flower colour mentioned,UNKNOWN
"1901. Leaves oblong, ca 30 x 15 cm; leaflets 5 -6  pairs, mostly contiguous, lowermost pair",1,no flower colour mentioned,UNKNOWN
11. Mahonia roxburghii (DC.) Takeda in Notes R. Bot. Gard. Edinb. 6:218.1917.,1,no flower colour mentioned,UNKNOWN
12. Mahonia sikkimensis Takeda in Notes R. Bot. Gard. Edinb. 6:220.1917.,1,no flower colour mentioned,UNKNOWN
13. Mahonia simonsii Takeda in Notes R. Bot. Gard. Edinb. 6:222.1917.,1,"flowers white, rose-cloured",WHITE
"1. Podophyllum  hexandrum  Royle,  Illus.  Bot.  Himal.  64.  1834;  Cambess.  in",1,flowers pinkish white,WHITE
2. Podophyllum sikkimensis Chatterjee & Mukerjee in Rec. Bot. Surv. India 16(2):,1,no flower colour mentioned,UNKNOWN
1. Decaisnea,1,no flower colour mentioned,UNKNOWN
"1. Decaisnea Hook. f. & Thomson, nom. cons.",1,flowers pale yellowish green with slight purple tinge,YELLOW
2. Holboellia Wallich,1,no flower colour mentioned,UNKNOWN
1. H. khaalana,1,no flower colour mentioned,UNKNOWN
2. H. latifolia,1,no flower colour mentioned,UNKNOWN
1. Holboellia khasiana T. K. Paul & Nayar in Bull. Bot. Surv. India 27:105.1986 &,1,no flower colour mentioned,UNKNOWN
"2. Holboellia latifolia Wallich, Tent. Fl. Nep. 24, t.16.1824; Hook. f. & Thomson in",1,flowers green or purplish green,PURPLE/BLUE
3. Parvatia Decaisne,1,no flower colour mentioned,UNKNOWN
2. P. elliptic*,1,no flower colour mentioned,UNKNOWN
"1. Parvatia brunoniana Decaisne in Arch. Mus. Hist. Nat. Paris 1:190, t.l2A. 1839;",1,flowers greenish-yellow,YELLOW
1. Euryale Salisb.,1,"sepals violet or pinkish-violet, petals dark-violet fading to white towards centre",WHITE
"2. Nymphaea L., nom. cons.",1,no flower colour mentioned,UNKNOWN
"5. Leaves cleft to petiole-base,  non-peltate; primary veins impressed beneath",1,no flower colour mentioned,UNKNOWN
3. N.  nouchali,1,flowers white or a few sepals and outer petals with a tinge of purple towards apex outside,WHITE
4. N.  pubescens,1,flowers crimson red,RED
5. N. rubra,1,no flower colour mentioned,UNKNOWN
6. N. tetragona,1,no flower colour mentioned,UNKNOWN
"1872. Nymphaea alba L., Sp. PI. 510.1753; Hook. f. & Thomson in Fl. Brit. India 1:114.",1,flowers white,WHITE
"2. Nymphaea Candida  C. Presl  in J.  &   C.  Presl, Del.  Prag. 224.  1822.  N.  alba var.",1,flowers white,WHITE
"3. Nymphaea nouchali Burm. f., Fl. Ind. 120.1768. N. stellata W illd., Sp. PI. 2:1153-",1,"flowers bluish-purple, blue, or pale bluish-white",WHITE
"4. Nymphaea pubescens Willd., Sp. PI. 2:1154.1798.  A. lotus auct. non L. (1753);",1,"sepals white inside, petals yellow",WHITE
"5. Nymphaea rubra Roxb. ex Andrews, Bot. Rep. 8(104): t. 503.1808.  N. lotus auct.",1,flowers white,WHITE
"1. Nymphaea caerulea Savigny in Dec. Egypt. 3:74.1793; Conard, I.e. 141, pi. 8.",1,no flower colour mentioned,UNKNOWN
"2. Nymphaea micrantha Guill. & Perr., Fl. Seneg. Tent. 1:16.1830; Conard, I.e. 146,",1,flowers yellow,YELLOW
3. Nymphaea alba x N. mexicana  = Nymphaea marliacea Latour-Marliac in Gard.,1,flowers carmine red,RED
"4. Nymphaea alba var. rubra Loennroth in Bot. Notis. 124.1856, Conard, I.e. 179,",1,"flowers deep red in the centre, paler towards periphery",RED
"1. Victoria amazonica (Poepp.) Sowerby in Ann. & Mag. Nat. Hist. ser. 2,6: 310.",1,no flower colour mentioned,UNKNOWN
"2. Victoria cruziana Orbigny in Ann. Sci. Nat. ser. 2.13.57.1840; Bailey, I.e.",1,no flower colour mentioned,UNKNOWN
1. Braseni*,1,no flower colour mentioned,UNKNOWN
2. C a b o m b s,1,no flower colour mentioned,UNKNOWN
1. Brasenia Schreb.,1,flowers reddish,RED
2. Cabomba Aubl.,1,flowers rose-pink or white,WHITE
"442. Dec. 1827) by six months. However, BarelayaWaWich has been conserved against",1,flowers purplish,PURPLE/BLUE
9. Achillea  millefolium  L.,12,no flower colour mentioned,UNKNOWN
21. Waldheimia  tomentosa  Regel,12,no flower colour mentioned,UNKNOWN
35. Erigeron  annuus  (L.)  Pers.,12,no flower colour mentioned,UNKNOWN
42. Solidago  virgaurea  L.,12,no flower colour mentioned,UNKNOWN
43. Calendula  officinalis  L.,12,no flower colour mentioned,UNKNOWN
55. Tricholepis  elongata  DC.,12,no flower colour mentioned,UNKNOWN
66. Dubyaea  hispida  (D.  Don)  DC.,12,no flower colour mentioned,UNKNOWN
70. Lactuca  decipiens  C.B.  Clarke,12,no flower colour mentioned,UNKNOWN
90. Tragopogon  gracilis  D.  Don,12,no flower colour mentioned,UNKNOWN
92. Eupatorium  riparium  Regel,12,no flower colour mentioned,UNKNOWN
108. Glossogyne  bidens  (Retz.)  Alston,12,no flower colour mentioned,UNKNOWN
123. Guizotia  abyssinica  (L.f.)  Cass.,12,no flower colour mentioned,UNKNOWN
5. Cichorieae,12,no flower colour mentioned,UNKNOWN
6. Eupatorieae,12,no flower colour mentioned,UNKNOWN
12. Vernonieae,12,no flower colour mentioned,UNKNOWN
7. Heliantbeae,12,no flower colour mentioned,UNKNOWN
9. Mutisieae,12,no flower colour mentioned,UNKNOWN
10. Senecioneae,12,no flower colour mentioned,UNKNOWN
11. Tageteae,12,no flower colour mentioned,UNKNOWN
7. Heliantbeae,12,no flower colour mentioned,UNKNOWN
1. Achillea,12,no flower colour mentioned,UNKNOWN
12. Waldheimia,12,no flower colour mentioned,UNKNOWN
8. Matricaria,12,no flower colour mentioned,UNKNOWN
7. Leucantheinum  ^,12,no flower colour mentioned,UNKNOWN
10. Sphaeroinorphaea  s,12,no flower colour mentioned,UNKNOWN
6. Cotula  u,12,no flower colour mentioned,UNKNOWN
1. Achillea  L.,12,white,WHITE
1. Achillea  alpina  L.'  Sp. PI.  899.  1753.-A  sibirica  Ledeb.  Ind.  Sem.  H.  Dopart.,12,flowers white or pale pink,WHITE
2. Anthemis  L.,12,"ray florets white, disc florets yellow",WHITE
3. Artemisia  L.,12,no flower colour mentioned,UNKNOWN
18. A.  maritima,12,no flower colour mentioned,UNKNOWN
16. A.  japonica,12,no flower colour mentioned,UNKNOWN
8. A.  dracunculus,12,no flower colour mentioned,UNKNOWN
24. A.  salsoloides,12,no flower colour mentioned,UNKNOWN
27. A.  stricta,12,no flower colour mentioned,UNKNOWN
4. A.  biennis,12,no flower colour mentioned,UNKNOWN
7. A.  caruifolia,12,no flower colour mentioned,UNKNOWN
30. A.  tournefortiana,12,no flower colour mentioned,UNKNOWN
20. A.  myriantha,12,no flower colour mentioned,UNKNOWN
5. A,12,no flower colour mentioned,UNKNOWN
23. A.  roxburghiana,12,no flower colour mentioned,UNKNOWN
28. A.  strongylocephala,12,no flower colour mentioned,UNKNOWN
31. A.  verlotiorum/,12,no flower colour mentioned,UNKNOWN
13. A. gmelinii,12,no flower colour mentioned,UNKNOWN
29. A. thelliuigiaiia,12,no flower colour mentioned,UNKNOWN
14. A. incisa,12,no flower colour mentioned,UNKNOWN
12. A.  filifonnilobulata,12,no flower colour mentioned,UNKNOWN
10. A. elegantissinia,12,no flower colour mentioned,UNKNOWN
11. A. eriocephala,12,no flower colour mentioned,UNKNOWN
25. A. stracheyi,12,no flower colour mentioned,UNKNOWN
22. A. persica,12,no flower colour mentioned,UNKNOWN
1. A.  absinthium,12,no flower colour mentioned,UNKNOWN
26. A. sieversiana,12,no flower colour mentioned,UNKNOWN
"1. Artemisia  absinthium  L.,  Sp.  PI.  848.  1753;  Hook.f.,  Fl.  Brit.  India  3:  328.",12,no flower colour mentioned,UNKNOWN
"1881. Eng.:  Absinth,  Madderwort;  Hindi:  Vilayati  afsanth;  Mai.:  Shula  bandha.",12,no flower colour mentioned,UNKNOWN
"2. Artemisia  amygdalina Decne.  in Jacq.  Voy. Ind.  92. t.  100.  1844; Hook.f.,  Fl.",12,flowers yellow,YELLOW
3. Artemisia  austro-himalayana  (Y.R.  Ling et Puri) Ling et Puri  in Guihaia  8(1):,12,flowers purple,PURPLE/BLUE
"4. Artemisia  biennis Willd.,  Phytogr.  11, n.  39.  1794; Hook.f.,  Fl.  Brit.  India  3:",12,no flower colour mentioned,UNKNOWN
"5. Artemisia  campbellii  Hook.f.  &  Thomson  ex  C.B.  Clarke,  Comp.  Ind.  164.",12,no flower colour mentioned,UNKNOWN
"6. Artemisia  capillaris  Thunb., Fl. Jap. 309.  1787. A.  scoparia  Waldst.  & Kit.  PI.",12,no flower colour mentioned,UNKNOWN
7. Artemisia  caruifolia  Buch.-Ham.  in Roxb. Fl.  Ind. 2. 3: 422.  1832; Hook.f.  Fl.,12,no flower colour mentioned,UNKNOWN
"1881. Eng.: Little  dragon,  Mugwart,  Tetragon.",12,no flower colour mentioned,UNKNOWN
11. Artemisia  eriocephala  Pamp.  in  Nuovo  Giorn.  Bot.  Ital.  n.s.  33: 454.  1926.,12,no flower colour mentioned,UNKNOWN
12. Artemisia  filiformilobulata  Ling  &  Puri  in  Guihaia  5(1):  I.  1985.,12,no flower colour mentioned,UNKNOWN
"13. Artemisia gmelinii Web. ex Stechm.,  Dissert de Hortem,  30.1775. A.  sacrorum",12,"disc florets, yellow",YELLOW
14. Artemisia  incisa  Pamp.  in  Nuovo  Giorn.  Bot.  Ital.  n.s.  33: 456.  1926.,12,no flower colour mentioned,UNKNOWN
"15. Artemisia  indica  Willd.,  Sp. PI.  3:  1846.  1803. A.  grata  Wallich  ex  Bess,  in",12,no flower colour mentioned,UNKNOWN
"16. Artemisia japonica Thunb. Fl. Jap. 310. 1784. A. parviflora  Roxb. ex D.  Don,",12,no flower colour mentioned,UNKNOWN
"17. Artemisia macrocephala  Jacq.  ex Bess,  in Bull.  Soc.  Nat.  Mosc.  9:  28.  1836;",12,disc florets yellow,YELLOW
"18. Artemisia  maritima  L.,  Sp. PI.  846.  1753. et ed.  2,  1186.  1763; Hook.f.,  Fl.",12,no flower colour mentioned,UNKNOWN
"19. Artemisia minor Jacq.  ex Bess, in Bull.  Soc. Nat.  Mosc. 9: 22.  1836; Hook.f.,",12,disc florets yellow,YELLOW
1834. A.  vulgaris  auct  non.  Hook.f.  Fl.  Brit.  India  3: 325.  1881. p.p.,12,no flower colour mentioned,UNKNOWN
21. Artemisia  nilagirica  (C.B.  Clarke)  Pamp.  in Nuovo Giorn.  Bot.  Ital.  n.s.  33:,12,no flower colour mentioned,UNKNOWN
"22. Artemisia  persica  Boiss.,  Diagn.  Ser.  1,  6:  91.  1845fHook.f.,  Fl.  Brit.  India",12,no flower colour mentioned,UNKNOWN
"23. Artemisia  roxburghiana Wallich  ex Bess, in Bull. Soc. Nat. Mosc. 9: 57. 1836;",12,no flower colour mentioned,UNKNOWN
1927. A.  hypoleuca  Edgew.  in Trans Linn.  Soc. Bot. 20: 71. 1846; A.  roxburghiana  var.,12,no flower colour mentioned,UNKNOWN
"24. Artemisia salsoloides Willd.,  Sp. PI. 3: 1832.  1803; Hook.f.,  Fl. Brit. India 3:",12,no flower colour mentioned,UNKNOWN
"25. Artemisia sieversiana  Ehrh. ex Willd., Sp. PI. 3: 1845. 1803; Hook.f., Fl. Brit.",12,"outer florets dull white, disc florets yellow",WHITE
"26. Artemisia  stracheyi  Hook.f.  &  Thomson  ex  C.B.  Clarke,  Comp.  Ind.  164.",12,no flower colour mentioned,UNKNOWN
"27. Artemisia  stricta  Edgew.  in Trans. Linn.  Soc. 20: 73.  1846; Hook.f.,  Fl.  Brit.",12,no flower colour mentioned,UNKNOWN
"1926. Herbs,  perennial;  rhizome  horizontal;  stems  purple,  30-70  cm  high,  grooved,",12,disc florets purple,PURPLE/BLUE
29. Artemisia  thellungiana  Pamp.  in Nuovo Giorn.  Bot.  Ital.  n.s.  33: 457.  1926;,12,no flower colour mentioned,UNKNOWN
"30. Artemisia  tournefortiana  Reichnb.,  Ic.  Exot.  1:  6.  t.  5.  1824;  Hook.f.,  Fl.",12,no flower colour mentioned,UNKNOWN
31. Artemisia verlotiorum  Lamotte in Mem. Ass. France.  Cong. Clerm.  Ferr. 511.,12,no flower colour mentioned,UNKNOWN
"32. Artemisia  wallichiana  Bess,  in Nouvo  Mem.  S.  Nat.  Moscow  3: 69.  1834. A.",12,no flower colour mentioned,UNKNOWN
1881. A.  brunnea  Pamp.  in  Rend.  Sem.  Fac.  Sci.  Univ.  Caliari  8:  168.  1938.,12,no flower colour mentioned,UNKNOWN
4. Centipeda  Lour.,12,no flower colour mentioned,UNKNOWN
5. Chrysanthemum  L.,12,ligule white or yellow or rosy,WHITE
1. C.  atkinsonii,12,no flower colour mentioned,UNKNOWN
"1. Chrysanthemum  atkinsonii  C.B.  Clarke,  Comp.  Ind.  147.  1876;  Hook.f.,  Fl.",12,flowers purple,PURPLE/BLUE
"2. Chrysanthemum  pyrethroides  (Kar.  & Kir.)  B. Fedtsch-Rostit.,  Turke  st.  737.",12,flowers yellow,YELLOW
"3. Chrysanthemum  stoliczkai  C.B.  Clarke,  Comp.  Ind.  147.  1876;  Hook.f.  Fl.",12,"ray florets white, disc florets yellow",WHITE
"4. Chrysanthemum  tibeticum  Hook.f.  &  Thomson  ex  C.B.  Clarke,  Comp.  Ind.",12,"flowers white, ray florets yellow",WHITE
6. Cotula  L.,12,no flower colour mentioned,UNKNOWN
3. C.  australis,12,no flower colour mentioned,UNKNOWN
2. C.  aurea,12,no flower colour mentioned,UNKNOWN
"1. Cotula anthemoides L.,  Sp. PI. 891. 1753; Hook.f., Fl. Brit. India 3: 316. 1881.",12,no flower colour mentioned,UNKNOWN
"2. Cotula  aurea  Loeffl.,  Iten.  163.  1758;  Hook.f.,  Fl.  Brit.  India  3:  316.  1881.",12,no flower colour mentioned,UNKNOWN
"3. Cotula australis (Sieb. ex Spreng.) Hpok.f.,  Bot. Antarch.  Voy. 2(1):  128.  1852",12,no flower colour mentioned,UNKNOWN
"4. Cotula hemisphaerica  (Roxb.) Wallich  ex C.B.  Clarke,  Comp.  Ind.  150.  1876.",12,no flower colour mentioned,UNKNOWN
7. Leucanthemum  Mill.,12,flowers white or yellow,WHITE
8. Matricaria  L.,12,no flower colour mentioned,UNKNOWN
"1. Matricaria  disciformis  (Sch.-Bip.)  D C ,  Prodr.  6: 51.  1838.  Tripleurospermum",12,flowers yellow,YELLOW
"2. Matricaria  recutita  L.,  Sp. PI. 891. 1753. M.  chamomilla L.,  Sp. PL  891. 1753",12,flowers white,WHITE
9. Soliva  Ruiz  &  Pavon,12,no flower colour mentioned,UNKNOWN
"76. MUNZ,  P.A.  (1959) A.  California Flora.  California  1233.",12,no flower colour mentioned,UNKNOWN
10. Sphaeromorphaea  DC.,12,no flower colour mentioned,UNKNOWN
"1881. Herbs;  rootstock  15-30 cm long, stout, woody;  stems  much branched;  branches  15-",12,no flower colour mentioned,UNKNOWN
11. Tanacetum  L.,12,no flower colour mentioned,UNKNOWN
6. T.  gossypinum,12,no flower colour mentioned,UNKNOWN
4. T.  fruticulosum,12,no flower colour mentioned,UNKNOWN
1. T.  artemisioides,12,no flower colour mentioned,UNKNOWN
8. T.  nubigenum,12,no flower colour mentioned,UNKNOWN
7. T.  nanum,12,no flower colour mentioned,UNKNOWN
12. T.  tripinnatifidum,12,no flower colour mentioned,UNKNOWN
11. T.  tomentosum,12,no flower colour mentioned,UNKNOWN
2. T.  dolichophyllum,12,no flower colour mentioned,UNKNOWN
"1. Tanacetum  artemisioides  Sch.-Bip.  ex  Hook.f.,  Fl.  Brit.  India  3:  318.  1881.",12,no flower colour mentioned,UNKNOWN
2. Tanacetum dolichophyllum (Kitam.) Kitam. inEnum. Fl. PI. Nepal 3: 45.  1981,12,no flower colour mentioned,UNKNOWN
"3. Tanacetum  falconeri  Hook.f.,  Fl.  Brit.  India  3:  320.  1881.",12,no flower colour mentioned,UNKNOWN
"4. Tanacetum  fruticulosum  Ledeb.,  Fl.  Alt.  4: 58.  1833; Hook.f.,  Fl.  Brit.  India",12,no flower colour mentioned,UNKNOWN
5. Tanacetum  gracile  Hook.f.  &  Thomson  in  Fl.  Brit.  India  3:  318.  1881.  T.,12,heads golden yellow,YELLOW
"1876. Hook.f.,  Fl.  Brit.  India  3:  321.  1881.  Chrysanthemum  gossypinum  (Hook.f.  &",12,no flower colour mentioned,UNKNOWN
"7. Tanacetum  nanum C.B. Clarke.,  Comp. Ind.  155. 1876. Hook.f., Fl. Brit. India",12,no flower colour mentioned,UNKNOWN
"8. Tanacetum  nubigenum Wallich  in D C ,  Prodr. 6:  130.  1838; Hook.f., Fl.  Brit.",12,no flower colour mentioned,UNKNOWN
"9. Tanacetum  robustum  Hook.f.  &  Thomson  ex  C.B.  Clarke,  Comp.  Ind.  154.",12,no flower colour mentioned,UNKNOWN
"10. Tanacetum  tibeticum Hook.f.  & Thomson ex C.B.  Clarke,  Comp.  India.  154.",12,no flower colour mentioned,UNKNOWN
"11. Tanacetum  tomentosum  D C ,  Prodr.  6:  130.  1838.  T. senecionis  Gay in DC.,",12,no flower colour mentioned,UNKNOWN
12. Tanacetum  tripinnatifidum  Oliver  in Hook.  Ic.  4:  2306.  1894.,12,no flower colour mentioned,UNKNOWN
"1970. Chrysanthemum  griffithii  C.B.  Clarke,  Comp.  Ind.  148.  1876.",12,no flower colour mentioned,UNKNOWN
12. Waldheimia  Kar.  &  Kir.,12,"ray florets white, rosy or liliac, disc florets yellow",WHITE
1. W.  glabra,12,no flower colour mentioned,UNKNOWN
1. Waldheimia  glabra  (Decne.)  Regel  in  Acta.  H.  Petrop  6:  309.  1879.  Allardia,12,no flower colour mentioned,UNKNOWN
"1881. Herbs, perennial,  tufted or creeping, strongly aromatic,  glabrous. Leaves  cuneiform,",12,flowers purple or yellow,YELLOW
2. Waldheimia  nivea  (Hook.f.  &  Thomson  ex  C.B.  Clarke)  Regel  in  Acta  Hort.,12,"ray florets pale pink to blue, disc florets yellow",YELLOW
"3. Waldheimia stoliczkai (C.B. Clarke) Ostanf, in Heads,  South Tibet 6(3): 38 (List",12,"ray florets pink, disc florets yellow",YELLOW
4. Waldheimia  tomentosa  (Decne.)  Regel  in  Acta  Hort  Petrop.  6:  310.  1879.,12,flowers purplish white,WHITE
"5. Waldheimia  vestita  (Hook.f.  &  Thomson)  Pamp.,  Fl.  del.  Carac.  208.  1930.",12,flowers yellow,YELLOW
17. Solidago,12,no flower colour mentioned,UNKNOWN
8. Grangea,12,no flower colour mentioned,UNKNOWN
5. Cyathocline,12,no flower colour mentioned,UNKNOWN
13. Myriactis,12,no flower colour mentioned,UNKNOWN
3. Brachycome,12,no flower colour mentioned,UNKNOWN
11. Lagenifera,12,no flower colour mentioned,UNKNOWN
18. Thespis,12,no flower colour mentioned,UNKNOWN
10. Kalimeris,12,no flower colour mentioned,UNKNOWN
4. Conyza,12,no flower colour mentioned,UNKNOWN
1. Aster  L.,12,no flower colour mentioned,UNKNOWN
2. Brachyactis,12,no flower colour mentioned,UNKNOWN
15. Psychrogeton,12,"flowers white, pink, purplish or blue",WHITE
2. A.  albescens,12,no flower colour mentioned,UNKNOWN
22. A.  trinervius,12,no flower colour mentioned,UNKNOWN
17. A.  pycnophyllus,12,no flower colour mentioned,UNKNOWN
23. A.  vestitus,12,no flower colour mentioned,UNKNOWN
7. A.  falconeri,12,no flower colour mentioned,UNKNOWN
20. A.  thomsoni,12,no flower colour mentioned,UNKNOWN
8. A.  flaccidus,12,no flower colour mentioned,UNKNOWN
14. A.  neoelegans,12,no flower colour mentioned,UNKNOWN
10. A.  himalaicus,12,no flower colour mentioned,UNKNOWN
12. A.  laka,12,no flower colour mentioned,UNKNOWN
21. A.  tricephalus,12,no flower colour mentioned,UNKNOWN
1. Aster  ageratoides  Turcz.  subsp.  alatopetiolata  Kitam.  in  Fauna  &  Fl.  Nep.,12,ray florets white to pale pink,WHITE
2. Aster  albescens  (DC.)  Hand.  -  Mazz.  in  Acta  Hort.  Goteb.  12:  205.  1938.,12,no flower colour mentioned,UNKNOWN
"1843. Shrubs, erect,  50-150 cm high.  Leaves elliptic-lanceolate  or ovate, acute,  cuneate at",12,"ray florets blue, pink, mauve, or white",WHITE
"3. Aster altaicus Willd.,  Enum.  Hort.  Berol.  881.  1809; Hook.f.  Fl.  Brit.  India  3:",12,"ray florets pale blue or mauve, disc florets yellow",YELLOW
"4. Aster  asteroides  (DC.)  O.  Kuntze,  Rev.  Gen.  PI.  315.  1891.  Heterochaeta",12,"ray florets bluish purple or mauve, disc florets orange yellow or purplish",YELLOW
5. Aster  barbellatus  Grierson  in Notes Roy.  Bot.  Gard.  Edinb.  26(1):  119.  1964.,12,"ray florets mauve or blue, disc florets yellow",YELLOW
"6. Aster  diplostephioides  (DC.)  C.B.  Clarke,  Comp.  Ind.  45.  1876; Hook.f.,  Fl.",12,"ray florets mauve or bluish violet, disc florets purple at tip, yellow or orange within",YELLOW
"7. Aster  falconeri  (C.B.  Clarke)  Hutch,  in  Gard.  Chron.  ser.  III.  47:  389.  1910.",12,"ray florets bluish or bluish mauve, white at base; disc florets yellow or orange",WHITE
8. Aster  flaccidus  Bunge  in  Mem.  Acad.  Sci.  St.  Petersb.  2:  599.  1835.  A.,12,"ray florets blue or mauve, disc florets yellow",YELLOW
9. Aster  heliopsis  Grierson  in  Notes  Roy.  Bot.  Gard.  Edinb.  26(1):  124.  1964.,12,ray florets blue lilac,PURPLE/BLUE
"10. Aster  himalaicus  C.B.  Clarke,  Comp.  Ind.  43.  1876; Hook.f.,  Fl.  Brit.  India",12,"ray florets purplish blue, disc florets yellow or purplish",YELLOW
11. Aster  indamellus  Grierson  in Notes  Roy.  Bot.  Gard.  Edinb.  26(1):  87.  1964.,12,"flowers blue, mauve or pink",PINK
"12. Aster laka  C.B.  Clarke,  Comp.  Ind.  49.  1876; Hook.f.,  Fl. Brit. India  3: 253.",12,"ray florets mauve, disc florets mauve",OTHER
"13. Aster  molliusculus  (Lindl.  ex  DC.)  C.B.  Clarke,  Comp.  Ind.  45.  1876;",12,"ray florets pink or lilac, disc florets yellow",YELLOW
14. Aster  neoelegans  Grierson  in Notes Roy.  Bot. Gard.  Edinb.  26:  118.  1964. A.,12,"ray florets white, mauve or bluish violet",WHITE
"15. Aster  peduncularis  Wallich  ex  Nees,  Gen.  et  Sp.  Ast.  24.  1832.  Amphirhapis",12,"ray florets bluish mauve or white, disc florets yellow",WHITE
16. Aster  platylepsis  Chen  in  Kew  Bull.  39(1):  159.  1984.,12,no flower colour mentioned,UNKNOWN
17. Aster  pycnophyllus W.W.  Sm. in Notes Roy.  Bot. Gard. Edinb.  8: 332.  1915.,12,disc florets yellow,YELLOW
"1881. Herbs,  perennial,  erect,  0.9-1.2  m  tall,  much  branched,  flexuose,  glabrous  or",12,"ray florets white, pink, blue or purple",WHITE
"1886. Herbs,  erect  or  ascending,  villous  5-6  cm  high  with  many  long,  stolons.  Leaves",12,"ray florets blue, mauve; disc florets yellow",YELLOW
"20. Aster  thomsonii  C.B.  Clarke,  Comp.  Ind.  48.  1876; Hook.f.,  Fl.  Brit.  India",12,ray florets pink or purplish,PINK
"21. Aster tricephalus  C.B.  Clarke  , Comp.  Ind.  43.  1876; Hook.f.,  Fl.  Brit.  India",12,"ray florets usually white, sometimes pale pink",WHITE
"1964. Aster  wattii  C.B.  Clarke,  Comp.  Ind.  40.  1876.",12,no flower colour mentioned,UNKNOWN
23. Aster  vestitus Franch.  in J.  de Bot.  10: 378.  1896; Grierson  in Notes Roy.  Bot.,12,flowers white with purplish tinge,WHITE
2. Brachyactis  Ledeb.,12,no flower colour mentioned,UNKNOWN
1. B.  anomalum,12,no flower colour mentioned,UNKNOWN
1. Brachyactis  anomalum  (DC.)  Kitam.  in Fl.  E.  Himal.  3:  113.  1975.  Erigeron,12,flowers pale blue,PURPLE/BLUE
"1880. Conyza  pubescens  D C ,  Prodr.  5:  381.  1836.  Brachyactis  robusta  Benth.  in",12,no flower colour mentioned,UNKNOWN
"3. Brachyactis  roylei  (DC)  Wendelbo  inNytt,  Mag.  B.  1:62.  1952.  Conyza roylei",12,flowers white with violet tinge,WHITE
4. Conyza  Less.  nom.  cons.,12,no flower colour mentioned,UNKNOWN
3. C.  bonariensis,12,no flower colour mentioned,UNKNOWN
4. C.  canadensis,12,no flower colour mentioned,UNKNOWN
9. C.  stricta,12,no flower colour mentioned,UNKNOWN
6. C.  leucantha,12,no flower colour mentioned,UNKNOWN
1. C.  aegyptiaca,12,no flower colour mentioned,UNKNOWN
7. C.  rufa,12,no flower colour mentioned,UNKNOWN
"1. Conyza  aegyptiaca  (L.) W.  Ait.,  Hort.  Kew.  ed.  1. 3:  183.  1789. Hook.f.,  Fl.",12,no flower colour mentioned,UNKNOWN
"2. Conyza angustifolia  Roxb., Hort.  Beng.  61. 1814,(worn,  nud.)  et Fl.  Ind.  ed.  2,",12,no flower colour mentioned,UNKNOWN
3. Conyza  bonariensis  (L.)  Cronq.  in  Bull.  Torrey  Bot.  Club.  70:  632.  1943.,12,"corolla ray florets purplish tipped, disc florets pale yellow",YELLOW
4. Conyza  canadensis  (L.)  Cronq.  in  Bull.  Torrey  Bot.  Club  79:  632.  1943.,12,no flower colour mentioned,UNKNOWN
"5. Conyza japonica  (Thunb.) Less,  ex D C ,  Prodr.  5: 382.  1836; Hook.f.,  Fl.  Brit.",12,corolla yellow or white,WHITE
6. Conyza  leucantha  (D.Don)  Ludlow  &  Raven  in  Kew  Bull.  17:  71.  1963.,12,disc florets white,WHITE
"7. Conyza  rufa  Wallich.  ex  D C ,  Prodr.  5:  384.  1836; Hook.f.,  Fl.  Brit.  India 3:",12,no flower colour mentioned,UNKNOWN
"8. Conyza semipinnatifida  Wallich ex D C ,  Prodr. 5: 382.  1836; Hook.f., Fl. Brit.",12,no flower colour mentioned,UNKNOWN
"9. Conyza  stricta  Willd.,  Sp.  PI.  3:  1922.  1803. Hook.f.,  Fl.  Brit.  India  3: 258.",12,no flower colour mentioned,UNKNOWN
"1881. C.  adenocarpa  Dalz.  &  Gibs.,  Bombay  Fl.  125. 1861.",12,no flower colour mentioned,UNKNOWN
10. Conyza sumatrensis  (Retz.) E.H. Walker  in J. Jap. Bot. 46: 72.  1971.  Erigeron,12,no flower colour mentioned,UNKNOWN
5. Cyathocline  Cass.,12,flowers bright yellow or purplish white or purple,WHITE
"1. Cyathocline  lutea  Law  ex  Wight  in  Calc.  J.  Nat.  Hist.  7:  158.  1847;  Hook.f.,",12,flowers yellow,YELLOW
"1891. Tanacetum  purpureum  Buch.-Ham.  ex  D.  Don,  Prodr.  Fl.  Nepal.  181.  1825.",12,flowers white or purplish white,WHITE
6. Dichrocephala  L'Herit  ex  DC.,12,"flowers reddish, flowers yellow",YELLOW
1. D.  benthaniii,12,no flower colour mentioned,UNKNOWN
4. D.  iotegrifolia,12,no flower colour mentioned,UNKNOWN
"1. Dichrocephala  benthamii  C.B.  Clarke,  Comp.  Ind.  36.  1876; Hook.f.  Fl. Brit.",12,no flower colour mentioned,UNKNOWN
"2. Dichrocephala  chrysanthemifolia  (Blume) DC. in Wight,  Contrib. Bot. Ind. 11.",12,no flower colour mentioned,UNKNOWN
"3. Dichrocephala  hamiltonii  Hook.f.,  Fl.  Brit.  India  3:  246.  1881.  Cotula",12,no flower colour mentioned,UNKNOWN
"1952. Herbs,  annual,  15-60  cm  high;  stem  erect  or  spreading,  usually  divaricately",12,"ray florets pink or purplish, corollas of disc florets yellow",YELLOW
7. Erigeron  L.,12,flowers white,WHITE
5. E.  karvinskianus  ^,12,no flower colour mentioned,UNKNOWN
12. E.  sublyratus  -,12,no flower colour mentioned,UNKNOWN
6. E.  kuinaonensis,12,no flower colour mentioned,UNKNOWN
"4. E.  bellidioides  """"'",12,no flower colour mentioned,UNKNOWN
14. E.  vvightii,12,no flower colour mentioned,UNKNOWN
3. E.  aiimius  S,12,no flower colour mentioned,UNKNOWN
9. E.  pusillus,12,no flower colour mentioned,UNKNOWN
"1. Erigeron  acer  L.,  Sp.  PI.  863.  1753,  'acre'.  Hook.f.,  Fl.  Brit.  India  3:  255.",12,no flower colour mentioned,UNKNOWN
"2. Erigeron  angustissimum  Lindl. ex D C ,  Prodr.  5: 286.  1836; Hook.f.,  Fl.  Brit.",12,no flower colour mentioned,UNKNOWN
"3. Erigeron  annuus  (L.)  Pers.,  Syn.  PI.  2:  431.  1807. Aster  annum  L.  Sp.  PI.  875.",12,no flower colour mentioned,UNKNOWN
"1753. Herbs,  50-75  cm  (or  sometimes  more)  high,  sparsely  hirsute.  Basal  leaves  broadly",12,disc florets yellow,YELLOW
"4. Erigeron  bellidioides  (Buch.-Ham.  ex  D.  Don)  Benth.  ex  C.B.  Clarke,  Comp.",12,flowers purple or white,WHITE
"5. Erigeron  karvinskianus  D C ,  Prodr.  5: 285.  1836. E.  mucronatus  D C ,  Prodr.",12,"flowers white to purplish, disc florets yellow",WHITE
6. Erigeron  kumaonensis  (Vierh.)  Wendelbo  in  Nytt  Mag.  B.  1.  62.  1952.,12,no flower colour mentioned,UNKNOWN
"881. Herbs,  perennial,  glabrous  or  sparsely  hairy,  8-16  cm  high,  usually  scapigerous,",12,no flower colour mentioned,UNKNOWN
"8. Erigeron  multiradiatus  (Lindl.  ex  DC.)  C.B.  Clarke,  Co/np.  Ind.  56.  1876,",12,"ray florets dark purple, disc florets yellow",YELLOW
"10. Erigeron  roylei  D C ,  Prodr.  5:  292.  1836.  E.  ellissii  Hook.f.,  Icones  PI.  t.",12,no flower colour mentioned,UNKNOWN
"11. Erigeron  semibarbatus  D C ,  Prodr.  5:  292.  1836.  E.  alpinus  L.  var.",12,no flower colour mentioned,UNKNOWN
12. Erigeron  sublyratus  DC.  in Wight.  Contr.  Bot.  Ind.  9.  1834.  E.  asteroides,12,"flowers pink or purplish, ray florets yellow, disc florets",YELLOW
"13. Erigeron  uniflorus  L.,  Sp.  PI.  864.  1753. E.  alpinus  L.  var.  uniflorus  Ledeb.",12,no flower colour mentioned,UNKNOWN
"1836. Herbs,  subscapigerous,  hirsute.  Radical  leaves  obovate-lanceolate;  cauline  linear-",12,no flower colour mentioned,UNKNOWN
"14. Erigeron  wightii  D C ,  Prodr.  5:  286.  1836. E.  alpinus  L.  var.  wightii  (DC.)",12,no flower colour mentioned,UNKNOWN
1972. Erigeron jaeschkei  Vierh.  in Beih.  Bot.  Centralbl.  19: 491.  1906.,12,flowers yellow,YELLOW
9. Heteropappus  Less.,12,"ray florets blue or mauve, disc florets yellow",YELLOW
1. Heteropappus  crenatifolius  (Hand.-Mazz.)  Grierson  in Notes  Roy.  Bot.  Gard.,12,"ray-florets mauve or blue, disc florets yellow",YELLOW
3. Heteropappus  holohermaphroditus  Grierson  in Notes  Roy.  Bot.  Qard.  Edinb.,12,disc florets yellow,YELLOW
10. Kalimeris  Cass.,12,no flower colour mentioned,UNKNOWN
11. Lagenifera  Cass.,12,no flower colour mentioned,UNKNOWN
1917. Bellis  stipitata  Labill.  PI.  Nov.  Holl.  2:  55.t.  205.  1806.,12,no flower colour mentioned,UNKNOWN
12. Microglossa  DC.,12,no flower colour mentioned,UNKNOWN
13. Myriactis  Less.,12,no flower colour mentioned,UNKNOWN
2. M.  javanica,12,no flower colour mentioned,UNKNOWN
4. M.  wallichii,12,no flower colour mentioned,UNKNOWN
1. Myriactis  assamensis  C.E.C.  Fischer  in Kew  Bull.  35.  1940.,12,no flower colour mentioned,UNKNOWN
"2. Myriactis javanica  (Blume)  D C ,  Prodr.  5: 308.  1836; Hook.f.,  Fl.  Brit.  India",12,no flower colour mentioned,UNKNOWN
"3. Myriactis nepalansis Less, in Linnaea  6:  128.t. 2.  1831; Hook.f.,  Fl. Brit. India",12,no flower colour mentioned,UNKNOWN
"4. Myriactis  wallichii  Less,  in  Linnaea  6:  129.  1831; Hook.f.,  Fl.  Brit.  India  3:",12,no flower colour mentioned,UNKNOWN
"5. Myriactis wightiiDC.  in Wight,  Contrib.  Bot.  10.  1834; etProdr.  5: 308.  1836;",12,flowers yellow,YELLOW
14. Psiadia  Jacq.,12,no flower colour mentioned,UNKNOWN
"1836. Microglossa  zeylanica  (Arn.) benth. in Benth. ex Hook.f., Gen. PI. 2: 282. 1873;",12,no flower colour mentioned,UNKNOWN
15. Psychrogeton  Boiss.,12,"ray florets white, yellow or reddish",WHITE
1. Psychrogeton  andryaloides  (DC.) Novopkr.  ex Krasch.  in Acta Inst. Bot. Acad.,12,no flower colour mentioned,UNKNOWN
"836. Erigeron  andryaloides  (DC.)  Benth.  ex  C.B.  Clarke,  Comp.  Ind.  52.  1876;",12,"rays white, rays yellow",WHITE
16. Rhynchospermum  Reinw.,12,flowers all white or those of the disc pale yellow,WHITE
17. Solidago  L.,12,no flower colour mentioned,UNKNOWN
1. S.  canadensis,12,no flower colour mentioned,UNKNOWN
3. S.  microglossa,12,no flower colour mentioned,UNKNOWN
"1. Solidago  canadensis  L.,  Sp.  PI.  878.  1753.",12,flowers yellow,YELLOW
"2. Solidago  decurrens  Lour.,  Fl.  Cochinch.  501.  1790.  S.  pubescens  Wallich,",12,no flower colour mentioned,UNKNOWN
"3. Solidago microglossa D C ,  Prodr. 5: 332.  1836; N. Rani & Matthew in Matthew",12,no flower colour mentioned,UNKNOWN
"4. Solidago virgaurea  L.,  Sp. PI. 880.  1753; Hook.f., Fl. Brit. India 3: 245. 1881.",12,no flower colour mentioned,UNKNOWN
18. Thespis  DC.,12,no flower colour mentioned,UNKNOWN
1852. Eng.:  Hairy  burr-daisy.,12,"ray florets yellow, disc florets yellow",YELLOW
"3. Vittadinia  australis  A.  Rich.,  Ess.  Fl.  Nouv.  Zel.  261.  1832.  V.  triloba  D C ,",12,corolla mostly yellow or orange,YELLOW
"1. Calendula  arvensis  L.,  Sp.  PI.  ed.  2,  1303.  1763; Hook.f.,  Fl.  Brit.  India  3:",12,no flower colour mentioned,UNKNOWN
"2. Calendula  officinalis  L.,  Sp.  PI.  921.  1753; Hook.f.,  Fl.  Brit.  India  3:  357.",12,no flower colour mentioned,UNKNOWN
"1881. Herbs, annual,  erect,  viscid pubescent.  Stems angular,  glandular hairy,  particularly",12,flowers yellow or orange,YELLOW
11. Echinops,12,no flower colour mentioned,UNKNOWN
6. Carthamus,12,no flower colour mentioned,UNKNOWN
19. Silybum,12,no flower colour mentioned,UNKNOWN
9. Cousinia,12,no flower colour mentioned,UNKNOWN
16. Onopordum,12,no flower colour mentioned,UNKNOWN
3. Arctium,12,no flower colour mentioned,UNKNOWN
2. Amberboa,12,no flower colour mentioned,UNKNOWN
10. Crupina,12,no flower colour mentioned,UNKNOWN
7. Centaurea,12,no flower colour mentioned,UNKNOWN
1. Acroptilon,12,no flower colour mentioned,UNKNOWN
12. Goiiiocanion,12,no flower colour mentioned,UNKNOWN
14. Jurinea,12,no flower colour mentioned,UNKNOWN
1. Acroptilon  Cass.,12,corolla pink or violet,PINK
2. Amberboa  (Pers.)  Less.,12,"heads purple, violet or blue",PURPLE/BLUE
"1. Amberboa moschata (L.) D C ,  Prodr. 6: 560. 1838. Centaurea moschata L., Sp.",12,flowers pale purple,PURPLE/BLUE
3. Arctium  L.,12,flowers purple,PURPLE/BLUE
4. Breea  Less.,12,flowers purplish,PURPLE/BLUE
"1753. Crisiwn  arvense  (L.)  Scop.,  Fl.  Cam.  ed.  2,  2:  126.  1772.  Cnicus arvensis  (L.)",12,corolla purplish,PURPLE/BLUE
5. Carduus  L.,12,"flowers white, yellow or red",WHITE
2. C.  edelbergii,12,no flower colour mentioned,UNKNOWN
4. C.  tenuiflorus,12,no flower colour mentioned,UNKNOWN
"1. Carduus  crispus  L.,  Sp.  PI.  821.  1753.",12,no flower colour mentioned,UNKNOWN
1. C.  crispus,12,no flower colour mentioned,UNKNOWN
2. Carduus  edelbergii  Rech.  f.  in  K.  Danske  Vid.  Selsk.  Biol.  Skr.  8(2)  Symb.,12,flowers pink or dark purple,PINK
"3. Carduus  pycnocephalus  L.,  Sp.  PI.  1151. 1753.",12,corolla purple or white,WHITE
"4. Carduus tenuiflorus  Curtis, Fl. Lond.  'Fasc'.  6: PI. 55.  1790-98; Azad & Javeid",12,no flower colour mentioned,UNKNOWN
6. Carthamus  L.,12,"flowers yellow, white or purplish",WHITE
3. C.  tinctorius,12,no flower colour mentioned,UNKNOWN
"1. Carthamus lanatus  L.,  Sp. PI. 830.  1753; Hook.f., Fl. Brit. India 3: 386. 1881.",12,flowers pale yellow,YELLOW
"2. Carthamus oxyacantha M.Bieb. Fl. Taur.  Cauc. 2: 283. 1808; Hook.f., Fl. Brit.",12,flowers orange yellow,YELLOW
1881. Eng.:  Sqfflower;  Hindi:  Kusum;  Tamil.:  Sendurkem;  Tel.:  Kusamba.,12,flowers orange red,RED
7. Centaurea  L.,12,flowers usually purple,PURPLE/BLUE
1. C.  bruguiseriana,12,no flower colour mentioned,UNKNOWN
6. C.  melitensis,12,no flower colour mentioned,UNKNOWN
"1. Centaurea  bruguiseriana  (DC.) Hand.-Mazz.  in Ann. Nat.  Hofmus.  Wien.  27:,",12,no flower colour mentioned,UNKNOWN
"1881. Herbs, 25-80 cm high, erect  or spreading,  divaricately  branched  from base,  cottony",12,flowers pale purple,PURPLE/BLUE
"3. Centaurea  cyanusL.,  Sp. PI. 911. 1753. C. lanataRoxb.,  Fl. Ind. 3: 644.  1832;",12,"outer florets blue, inner bluish violet",PURPLE/BLUE
"4. Centaurea  depressa  M.Bieb.  Fl.  Taur.  Cauc.  2:  346.  1803; Hook.f.,  Fl.  Brit.",12,"outer florets dark blue, inner violet",PURPLE/BLUE
"5. Centaurea  iberica  Trev.  ex Spreng.,  Syst.  3: 406.  1826; Hook.f., Fl. Brit.  India",12,flowers purple,PURPLE/BLUE
"1881. Herbs,  annual  or  biennial,  20-70  cm  high,  pubescent  or  glabrous;  stems  winged",12,flowers yellow,YELLOW
8. Cirsium  P.  Mill.,12,flowers purple or yellowish,YELLOW
7. C.  wallichii,12,no flower colour mentioned,UNKNOWN
5. C.  shansiense,12,no flower colour mentioned,UNKNOWN
4. C.  iiiterpositum,12,no flower colour mentioned,UNKNOWN
2. C.  eriophoroides,12,no flower colour mentioned,UNKNOWN
"1. Cirsium argyracanthum  D C ,  Prodr. 6: 640.  1838. Cnicus argyracanthus  (DC.)",12,flowers pale yellow or white,WHITE
2. Cirsium  eriophoroides  (Hook.f.)  Petrak  in  Bail.  Bot.  78:  9.  1912.  Cnicus,12,no flower colour mentioned,UNKNOWN
"3. Cirsium  falconeri  (Hook.f.)  Petrak  in  Feddes,  Repert.  9:  198.  1911.  Cnicus",12,no flower colour mentioned,UNKNOWN
"4. Cirsium  interpositum  Petrak  in  Feddes,  Rep.  43: 283.  1838.  Cnicus  griffithii",12,no flower colour mentioned,UNKNOWN
1911. Khasi:  Soh-chila;  Nep.:  Sumori-kaura.,12,no flower colour mentioned,UNKNOWN
5. Cirsium shansiense Petrak in Mitt. Thuring. Bot. Ver.  n.f.  1: 176.  1943.  Cnicus,12,corolla purple,PURPLE/BLUE
"6. Cirsium verutum  (D. Don) Spreng., Syst. Veg.  3: 370.  1826. Cnicus verutus D.",12,no flower colour mentioned,UNKNOWN
"7. Cirsium wallichii D C ,  Prodr. 6: 643. 1838.  Cnicus arachnoideus  Wallich,  Cat.",12,"corolla white, yellow or red",WHITE
9. Cousinia  Cass.,12,flowers white or purple,WHITE
4. C.  prolifera,12,no flower colour mentioned,UNKNOWN
5. C.  thomsonii,12,no flower colour mentioned,UNKNOWN
"1. Cousinia  auriculata  Boiss.,  Fl.  Diagn.  Ser.  2,  3:  58.  1856; Hook.f.,  Fl.  Brit.",12,no flower colour mentioned,UNKNOWN
"2. Cousinia  falconeri  Hook.f.,  Fl.  Brit.  India  3:  360.  1881.",12,no flower colour mentioned,UNKNOWN
"3. Cousinia  microcarpa  Boiss.,  Diagn.  PI.  Or.  Ser.  2,  3:  59.  1856;  Hook.f.,  Fl.",12,flowers purple,PURPLE/BLUE
"4. Cousinia  prolifera  Jaub.  & Spach.,  111. PI.  Or.  2: 75.  t.  157.  1845.  C.  minuta",12,flowers yellow,YELLOW
"5. Cousinia thomsonii C.B. Clarke,  Comp. Ind. 213.  1876; Hook.f.,  Fl. Brit. India",12,corolla purplish,PURPLE/BLUE
10. Crupina  (Pers.)  DC.,12,no flower colour mentioned,UNKNOWN
11. Echinops  L.,12,flowers blue or white,WHITE
2. E.  echinatus,12,no flower colour mentioned,UNKNOWN
3. E.  niveus,12,no flower colour mentioned,UNKNOWN
"1. Echinops cornigerus  D C ,  Prodr.  6: 525.  1838; Hook.f.,  Fl. Brit.  India 3: 358.",12,no flower colour mentioned,UNKNOWN
"1881. Annuals,  erect,  simple,  stout;  stems  very  leafy.  Leaves  ovate-oblong  or  oblong,",12,no flower colour mentioned,UNKNOWN
"2. Echinops  echinatus  Roxb.,  Fl.  Ind.  3:  447.  1832;  Hook.f.,  Fl.  Brit.  India  3:",12,no flower colour mentioned,UNKNOWN
"3. Echinops  niveus  Wallich  ex D C ,  Prodr.  6.  526.  1838; Hook.f.  Fl.  Brit.  India",12,no flower colour mentioned,UNKNOWN
12. Goniocaulon  Cass.,12,flowers rose-purple,PURPLE/BLUE
13. Hemistepta  Bunge  ex  Fischer  et  Mey,12,corolla pale red,RED
14. Jurinea  Cass.,12,flowers purple,PURPLE/BLUE
1. Jurinea  cooperi  Anthony  in  Notes  Roy.  Bot.  Gard.  Edinb.  18: 21. 1933.,12,flowers purple,PURPLE/BLUE
"2. Jurinea  dolomiaea  Boiss.,  Fl.  Or.  Suppl.  311.  1888.  Carduus  macrocephalus",12,no flower colour mentioned,UNKNOWN
15. Olgaea  Iljin.,12,no flower colour mentioned,UNKNOWN
16. Onopordum  L.,12,florets pink or reddish purple or white,WHITE
17. Saussurea  DC.,12,flowers usually bluish or purple,PURPLE/BLUE
11. S.  ceratocarpa,12,no flower colour mentioned,UNKNOWN
19. S.  depsangensis,12,no flower colour mentioned,UNKNOWN
5. S.  aster,12,no flower colour mentioned,UNKNOWN
27. S.  graminifolia,12,no flower colour mentioned,UNKNOWN
26. S.  gossypiphora,12,no flower colour mentioned,UNKNOWN
49. S.  simpsoniana,12,no flower colour mentioned,UNKNOWN
35. S.  medusa,12,no flower colour mentioned,UNKNOWN
37. S.  nana,12,no flower colour mentioned,UNKNOWN
18. S.,12,no flower colour mentioned,UNKNOWN
30. S.  hookeri,12,no flower colour mentioned,UNKNOWN
32. S.  laneana,12,no flower colour mentioned,UNKNOWN
17. S.  crispa,12,no flower colour mentioned,UNKNOWN
2. S.  albescens,12,no flower colour mentioned,UNKNOWN
"12. S,",12,no flower colour mentioned,UNKNOWN
20. S.  diffusa,12,no flower colour mentioned,UNKNOWN
28. S.  heteromalla,12,no flower colour mentioned,UNKNOWN
3. S. jacea,12,no flower colour mentioned,UNKNOWN
21. S.  fastuosa,12,no flower colour mentioned,UNKNOWN
57. S.  thomsonii,12,no flower colour mentioned,UNKNOWN
6. S.  atkinsonii,12,no flower colour mentioned,UNKNOWN
44. S.  pachyneura,12,no flower colour mentioned,UNKNOWN
55. S.  sughoo,12,no flower colour mentioned,UNKNOWN
41. S.  obscura,12,no flower colour mentioned,UNKNOWN
60. S.  wemerioides,12,no flower colour mentioned,UNKNOWN
54. S.  sudhanshui,12,no flower colour mentioned,UNKNOWN
15. S.  columnaris,12,no flower colour mentioned,UNKNOWN
14. S.  clarkei,12,no flower colour mentioned,UNKNOWN
38. S.  nepalensis,12,no flower colour mentioned,UNKNOWN
54. S.  sughoo,12,no flower colour mentioned,UNKNOWN
56. S.  taraxicifolia,12,no flower colour mentioned,UNKNOWN
24. S.  glanduligera,12,no flower colour mentioned,UNKNOWN
1. Saussurea  abnormis  .Lipschitz  in B.J.  URSS.  56:  826.  1971 & Rod  Saussurea,12,no flower colour mentioned,UNKNOWN
"1976. Herbs, erect, ca 30 cm high. Basal leves obovate-oblong or lanceolate-oblong,  lyrate-",12,flowers white,WHITE
2. Saussurea  albescens  (DC.)  Sch.-Bip.  in  Linnaea  19:  330.  1846.  Aplotaxis,12,no flower colour mentioned,UNKNOWN
"3. Saussurea  andersonii  C.B.  Clarke,  Comp.  Ind.  226.  1876; Hook.f.,  Fl.  Brit.",12,no flower colour mentioned,UNKNOWN
4. Saussurea  andryaloides  (DC.)  Sch.-  Bip. in Linnaea  19: 331.  1846.  Aplotaxis,12,no flower colour mentioned,UNKNOWN
"1881. S.  crassicaulis  C.B.  Clarke  ex  Pamp.,  Fl.  Carac.  218.  1930.",12,no flower colour mentioned,UNKNOWN
5. Saussurea  aster  Hemsl.  in J.  Linn.  Soc.  30:  115.  1894.,12,flowers purple,PURPLE/BLUE
"6. Saussurea  atkinsonii  C.B.  Clarke,  Comp.  Ind.  224.  1876;  Hook.f.,  Fl.  Brit.",12,no flower colour mentioned,UNKNOWN
7. Saussurea  auriculata  (Spreng.  ex  DC.)  Sch.-Bip.  in  Linnaea  19:  331.  1846.,12,no flower colour mentioned,UNKNOWN
"8. Saussurea  bracteata  Decne.  in Jacq.,  Voy.  Inde  94.  t.  102.  1843. S.  schultzii",12,no flower colour mentioned,UNKNOWN
9. Saussurea  caespitosa  (DC.)  Wallich  ex  Sch.-Bip.  in  Linnaea  19:  330.  1846.,12,no flower colour mentioned,UNKNOWN
"10. Saussurea  candolleana  Wallich  ex  D C ,  Prodr.  6:  541.  1838,  pro  syn.  S.",12,no flower colour mentioned,UNKNOWN
"11. Saussurea  ceratocarpa  Decne.  in  Jacq.  Voy.  Inde  4:  93,  t.  101.  1843  et  in",12,no flower colour mentioned,UNKNOWN
1881. Fl.  & Fr.  Aug.  -  Sept.,12,no flower colour mentioned,UNKNOWN
"12. Saussurea  chenopodifolia  Klatt, Sitzungsuer.  Math.  Physik.  Kl.  Akad.  Wiss.",12,no flower colour mentioned,UNKNOWN
"13. Saussurea  chitralica  Duthie  in  Ann.  Bot.  Gard.  Calc.  9.  pt.  7,  45.  1901.",12,corolla pale purple,PURPLE/BLUE
"14. Saussurea  clarkei  Hook.f.,  Fl.  Brit.  India  3:  372.  1881.",12,no flower colour mentioned,UNKNOWN
15. Saussurea columnaris Hand.-Mazz.  inNotizbl.  Bot. Gart. Berl.  13:652.  1937.,12,"flowers deep blue, crimson or rose purple",PURPLE/BLUE
16. Saussurea  costus  (Falc.)  Lipschitz  in  Bot.  J.  URSS  49:  131.  1964  et  Rod,12,no flower colour mentioned,UNKNOWN
"1841. Saussurea  lappa (Decne.)  Sch.-Bip.  inLinnaea  19: 331.  1846; Hook.f.,  Fl.  Brit.",12,corolla pale purple,PURPLE/BLUE
18. Saussurea  deltoidea  (DC.)  Sch.-Bip.  in  Linnaea  19:  331.  1846.  Aplotaxis,12,no flower colour mentioned,UNKNOWN
"19. Saussurea depsangensis Pamp.,  Aggiunte Fl. Caracorum  (Lav. Inst. Bot. Univ.",12,no flower colour mentioned,UNKNOWN
"20. Saussurea  diffusa  Lipschitz,  Rod  Saussurea  141-142.  1979. S.  albescens  var.",12,no flower colour mentioned,UNKNOWN
21. Saussurea  fastuosa  (Decne.)  Sch.-Bip.  in  Linnaea  19:  331.  1846.  Aplotaxis,12,no flower colour mentioned,UNKNOWN
"1881. Stems  0.3-1.25  m,  simple  below,  branched  above,  glabrous  or  cottony.  Leaves",12,no flower colour mentioned,UNKNOWN
22. Saussurea  gilesii  Hemsl.  in Hook.  Icones  18: t.  1736.  1888.,12,no flower colour mentioned,UNKNOWN
"23. Saussurea  glacialis  Herd,  in  Bull.  Soc.  Nat.  Mosc.  40,  3:  144.  1867.  S.",12,no flower colour mentioned,UNKNOWN
"24. Saussurea  glanduligera  Sch.-Bip.  ex Hook.f.,  Fl.  Brit.  India  3: 371.  1881. S.",12,no flower colour mentioned,UNKNOWN
25. Saussurea  gnaphalodes  (Royle  ex  DC.)  Sch.-Bip.  in  Linnaea  19:  331.  1846.,12,no flower colour mentioned,UNKNOWN
26. Saussurea  gossypiphora  D. Don in Mem.  Wern.  Nat.  Hist.  Soc. 3: 414. 1821.,12,flowers purple,PURPLE/BLUE
1966. Fl.  & Fr.  July  -  Aug.,12,no flower colour mentioned,UNKNOWN
1966. Fl.  & Fr.  July  -  Aug.,12,no flower colour mentioned,UNKNOWN
"27. Saussurea graminifolia Wallich ex D C ,  Prodr. 6: 536. 1838; Hook.f., Fl. Brit.",12,no flower colour mentioned,UNKNOWN
28. Saussurea  heteromalla  (D.  Don)  Hand.-Mazz.  Symb.  Sin.  7:  1152.  1936.,12,flowers purple,PURPLE/BLUE
"29. Saussurea  hieracioides  Hook.f.,  Fl.  Brit.  India  3:  371. 1881.",12,no flower colour mentioned,UNKNOWN
"30. Saussurea hookeri C.B. Clarke,  Comp. Ind. 230.  1876; Hook.f., Fl. Brit. India",12,no flower colour mentioned,UNKNOWN
"31. Saussurea jacea (Klotzsch) C.B. Clarke,  Comp. Ind. 233. 1876. Aplotaxis  jacea",12,no flower colour mentioned,UNKNOWN
"32. Saussurea  laneana  W.W.  Sm.  in J.  Asiat.  Soc.  Bengal  n.s.,  7:  74.  1911.",12,no flower colour mentioned,UNKNOWN
33. Saussurea  leontodontoides  (DC.)  Sch.-Bip.  in  Linnaea  19:  330.  1846.,12,heads deep purple,PURPLE/BLUE
"34. Saussurea  Ieptophylla  Hemsl.  in Hook.,Icones  18: t.  1734.  1888.",12,no flower colour mentioned,UNKNOWN
"35. Saussurea  medusa  Maxim,  in  Bull.  Acad.  Sci.  Petersb.  27:  488.  1881.  S.",12,no flower colour mentioned,UNKNOWN
36. Saussurea  nagensis  C.E.C.  Fischer  in Kew  Bull.  1940:  36.  1940.,12,no flower colour mentioned,UNKNOWN
37. Saussurea  nana  (Pamp.)  Pamp.  in  Aggiunte  Fl.  Caracorum  176.  1934  (excl.,12,no flower colour mentioned,UNKNOWN
"1915. S.  bracteata  (  auct.  non  Decne.)  C.B.  Clarke,  Comp.  Ind.  224.  1876  (p.p.);",12,no flower colour mentioned,UNKNOWN
"38. Saussurea  nepalensis  Spreng.,  Syst.  Veg.  3: 380.  1826. S.  eriostemon  Wallich",12,no flower colour mentioned,UNKNOWN
"39. Saussurea  nimborum  W.W.  Smith  in J.  et Proc.  Asiat.  Soc. Bengal  n.s.  7,  3:",12,no flower colour mentioned,UNKNOWN
40. Saussurea  nishiokae  Kitam.  in  Acta  Phyt.  Geobot.  24  (1-2):  6-7.  1969.,12,no flower colour mentioned,UNKNOWN
"1971. S.  inconspicua  Lipschitz  in  Novit,  Syst.  PI.  Vase.  Acad.  Sci.  URSS,  211.  1968,",12,no flower colour mentioned,UNKNOWN
"42. Saussurea obvallata (DC.) Edgew. in Trans. Linn.  Soc. 20: 76.  1846. Hook.f.,",12,no flower colour mentioned,UNKNOWN
"43. Saussurea  ovata  Benin,  in  Henders.  and  Hume,  Lahore  to  Yarkand  325  t.",12,no flower colour mentioned,UNKNOWN
44. Saussurea  pachyneura  Franch.  in J.  Bot.  Paris B. 8:  354.  1894.  S.  kunthiana,12,no flower colour mentioned,UNKNOWN
"45. Saussurea  pantlingiana  W.W.  Smith in J.  et Pro. Asiat.  Soc. Bengal  n.s.  7, 3:",12,no flower colour mentioned,UNKNOWN
"46. Saussurea  piptathera  Edgew.  in Trans.  Linn.  Soc. 20; 76.  1846; Hook.f.,  Fl.",12,no flower colour mentioned,UNKNOWN
"47. Saussurea  polystichoides  Hook.f.,  Fl.  Brit.  India  3:  369.  1881.",12,no flower colour mentioned,UNKNOWN
48. Saussurea  roylei  {DC.)  Sch.-Bip.  in Linnaea  19: 330.  1846.  Aplotaxis  roylei,12,no flower colour mentioned,UNKNOWN
"49. Saussurea simpsoniana (Field. & Gard.) Lipschitz,  Nov. Syst. PI. Vase.  1964:",12,no flower colour mentioned,UNKNOWN
"50. Saussurea  Stella  Maxim,  in  Bull.  Acad.  Sci.  Petersb.  27:  490.  1881.",12,no flower colour mentioned,UNKNOWN
52. Saussurea  stracheyana  (Kuntze)  Lipschitz  in Sist.  Zam.  Gerb.  Tomsk.  Univ.,12,no flower colour mentioned,UNKNOWN
"53. Saussurea  subulata  C.B.  Clarke,  Comp.  Ind.  226.  1876;  Hook.f.,  Fl.  Brit.",12,no flower colour mentioned,UNKNOWN
54. Saussurea  sudhanshui  Hajra  in Indian  For.  109(2):  77.  1983.,12,corolla purple,PURPLE/BLUE
"55. Saussurea sughoo C.B.  Clarke,  Comp. Ind. 225.  1876; Hook.f., Fl. Brit. India",12,no flower colour mentioned,UNKNOWN
"56. Saussurea  taraxacifolia  Wallich  ex  D C ,  Prodr.  6:  532.  1838;  Hook.f.,  Fl.",12,no flower colour mentioned,UNKNOWN
111. Bot.  Himal.  251. t.  56.  f.  2.  1835.,12,corolla purple,PURPLE/BLUE
"57. Saussurea  thomsonii  C.B.  Clarke,  Comp.  Ind.  227.  1876;  Hook.f.,  Fl.  Brit.",12,no flower colour mentioned,UNKNOWN
"58. Saussurea  tridactyla  Sch.-Bip.  ex  Hook.f.,  Ft.  Brit.  India  3:  377.  1881.",12,heads deep purple,PURPLE/BLUE
59. Saussurea  uniflora  (DC.)  Wallich.  ex  Sch.-Bip.  in  Linnaea  19:  330.  1846;,12,heads purple,PURPLE/BLUE
"60. Saussurea  wernerioides  Sch.-Bip.  ex  Hook.f.,  Fl.  Brit.  India  3:  367.  1881.",12,no flower colour mentioned,UNKNOWN
"61. Saussurea  yakla  C.B.  Clarke,  Comp.  Ind.  227.  1876; Hook.f.,  Fl.  Brit.  India",12,no flower colour mentioned,UNKNOWN
18. Serratula  L.,12,"flowers purple, violet or white",WHITE
19. Silybum  Vaill.  ex  Adans.,12,flowers rose purple,PURPLE/BLUE
20. Tricholepis  DC.,12,flowers yellow or red or purple,YELLOW
2. T.  angustifolia,12,no flower colour mentioned,UNKNOWN
6. T.  karensium,12,no flower colour mentioned,UNKNOWN
"4. T,  fuccata",12,no flower colour mentioned,UNKNOWN
8. T.  stewartii,12,no flower colour mentioned,UNKNOWN
"1. Tricholepis amplexicaulis C.B. Clarke, Comp. Ind. 240. 1876; Hook.f., Fl. Brit.",12,no flower colour mentioned,UNKNOWN
"2. Tricholepis  angustifolia  D C ,  Prodr.  6:  564.  1838; Hook.f.,  Fl.  Brit.  India  3:",12,no flower colour mentioned,UNKNOWN
"3. Tricholepis  elongate D C ,  Prodr.  6: 563.  1838; Hook.f.,  Fl. Brit. India 3: 380.",12,no flower colour mentioned,UNKNOWN
"1881. Herbs,  perennial,  60-150  cm  tall,  pubescent  or  scaberulous,  sparingly  branched.",12,corolla yellow,YELLOW
"1881. Herbs, 0.6-1.8  m tall, slender,  glabrous or puberulous, branched;  branches  from  the",12,corolla yellow,YELLOW
"5. Tricholepis  glaberrima  D C ,  Prodr.  6:  754.  1837; Hook.f.,  Fl.  Brit.  India  3:",12,no flower colour mentioned,UNKNOWN
"6. Tricholepis  karensium KurzinJ.  Asiat.  Soc. Bengal 41(2): 318.  1872; Hook.f.,",12,no flower colour mentioned,UNKNOWN
"7. Tricholepis  radicans (Roxb.) D C ,  Prodr. 6: 584.  1838; Hook.f., Fl. Brit. India",12,corolla lilac,OTHER
"8. Tricholepis  stewartei  C.B.  Clarke  ex  Hook.f.,  Fl.  Brit.  India  3:  380.  1881.",12,no flower colour mentioned,UNKNOWN
"9. Tricholepis stictophyllum C.B. Clarke, Comp. Ind. 241. 1876; Hook.f., Fl. Brit,",12,no flower colour mentioned,UNKNOWN
"10. Tricholepis  tibetica  Hook.f.  &  Thomson  in  C.B.  Clarke,  Comp.  Ind.  241.",12,corolla red,RED
21. Zoegia  L.,12,no flower colour mentioned,UNKNOWN
4. Hypochoerideae,12,no flower colour mentioned,UNKNOWN
3. Hyoserideae,12,no flower colour mentioned,UNKNOWN
6. Lapsaneae,12,no flower colour mentioned,UNKNOWN
8. Scorzonereae,12,no flower colour mentioned,UNKNOWN
2. Hieracieae,12,no flower colour mentioned,UNKNOWN
5. Lactuceae,12,"ligules yellow, white, orange-pink or reddish",WHITE
3. Soroseris,12,no flower colour mentioned,UNKNOWN
1. Crepis  L.,12,"ligules yellow, orange, pink or tinged reddish",YELLOW
7. C.  sancta,12,no flower colour mentioned,UNKNOWN
1. C.  capillaris,12,no flower colour mentioned,UNKNOWN
"1. Crepis  capillaris  (L.)  Wallr.  in  Linnaea  14: 657.  1841. Lapsana  capillaris  L.,",12,no flower colour mentioned,UNKNOWN
"2. Crepis  dachigamensis  Singh,  For.  Fl.  Srinagar  127.  1976.",12,no flower colour mentioned,UNKNOWN
3. Crepis  kashmirica  Babcock  in  Uni.  Calif.  Publ.  14.  no.  13:  328.  1928.  C.,12,no flower colour mentioned,UNKNOWN
"4. Crepis multicaulis Ledeb.,  Fl. Alt. 4:  125. 1833. C. multicaulis  subsp.  genuina",12,no flower colour mentioned,UNKNOWN
5. Crepis  naniforma  Babcock  in Univ.  Calif.  Publ.  22:  536.  1947.,12,no flower colour mentioned,UNKNOWN
"6. Crepis  pulchra  L.,  Sp. PI.  806.  1753. Phaecasium  lampsanoides  Cass,  in Diet.",12,no flower colour mentioned,UNKNOWN
7. Crepis  sancta  (L.)  Babcock  in  Univ.  Calif.  Publ.  19:  403.  1941.  Hieracium,12,no flower colour mentioned,UNKNOWN
"1881. Herbs,  annual  with  slender  roots;  stems  swollen,  semidecumbent,  strict  or  erect,",12,no flower colour mentioned,UNKNOWN
"8. Crepis thomsonii Babcock  in Bot. 76: 208-209.  1938. C.foetida  Sensu Hook.f.,",12,no flower colour mentioned,UNKNOWN
9. Crepis  tibetica  Babcock  in Univ.  Calif.  Publ.  14:  330.  1928.,12,no flower colour mentioned,UNKNOWN
2. Picris  L.,12,no flower colour mentioned,UNKNOWN
"1881. Herbs,  tall;  stems 30-120 cm tall,  hairy with straight  or hooked hairs,  corymbosely",12,no flower colour mentioned,UNKNOWN
3. Soroseris  Stebbins,12,no flower colour mentioned,UNKNOWN
3. S.  glomerata,12,no flower colour mentioned,UNKNOWN
1. S.  deasyi,12,no flower colour mentioned,UNKNOWN
1. Soroseris  deasyi  (S. Moore)  Stebbins in Mem.  Torr. Bot.  Club  19(3): 36.  1940.,12,corolla yellow,YELLOW
2. Soroseris  gillii  (S. Moore)  Stebbins in Mem.  Torr.  Bot.  Club  19(3): 41.  1940.,12,corolla yellow,YELLOW
"1940. Prenanthes glomerata Decne.  in Jacquem.,  Voy. 4 (Bot.). 99. t.  107. 1844. Crepis",12,no flower colour mentioned,UNKNOWN
"1940. Crepis hookeriana  C.B. Clarke, Comp. Ind. 255. 1876. Crepis glomerata Hook.f.,",12,no flower colour mentioned,UNKNOWN
5. Soroseris  pumila  Stebbins  in  Mem.  Torr.  Bot.  Club  19(3):  38.  1940.  Crepis,12,no flower colour mentioned,UNKNOWN
2. H.  echioides,12,no flower colour mentioned,UNKNOWN
6. H.  vulgatuni,12,no flower colour mentioned,UNKNOWN
5. H.  virosum,12,no flower colour mentioned,UNKNOWN
1. H.  crocatum,12,no flower colour mentioned,UNKNOWN
"1. Hieracium  crocatum  Fries,  symb.  Hierac.  183.  1864; Hook.f.,  Fl.  Brit.  India",12,no flower colour mentioned,UNKNOWN
"2. Hieracium  echioides  Lumnitz.,  Fl.  Poson.  348.  1791.  R.R.  Rao  et  al.  Fl.",12,no flower colour mentioned,UNKNOWN
"1881. Herbs,  perennial;  stems  ca  80 cm high;  branches, spreading,  glabrous  or  glandular",12,no flower colour mentioned,UNKNOWN
"1881. Herbs,  biennial  or  perennial;  stems  ca  30-70  cm  high,  glabrous  or  rarely  hirsute,",12,no flower colour mentioned,UNKNOWN
"5. Hieracium  virosum Pallas,  Reise  1: 501. 1771; Hook.f.,  Fl. Brit.  India  3: 400.",12,ligules yellow,YELLOW
"6. Hieracium  vulgatum Fries,  Nov. Fl.  Suec.  ed.  2.  258.  1828; Hook.f.,  Fl.  Brit.",12,no flower colour mentioned,UNKNOWN
"120. STEBB1NS, G.L.  Jr.  (1933).  New  classification  of the  Cichorieae,  family  Compositae.  Madrono  12:",12,no flower colour mentioned,UNKNOWN
"1. Cichorium  endivia  L.,  Sp.  PI.  813.  1753.",12,no flower colour mentioned,UNKNOWN
"2. Cichorium  intybus L.,  Sp. PI. 813. 1753; Hook.f.,  Fl. Brit. India 3: 391. 1881.",12,"ligules bright blue, rarely white or pink",WHITE
172. KEY  TO THE  GENERA,12,no flower colour mentioned,UNKNOWN
1. Hypochoeris  L.,12,no flower colour mentioned,UNKNOWN
"195. KAMMATHY R.V.  (1963).  1964. On the occurrence of two species of Hypochoeris  L. in Nilgiris, South",12,no flower colour mentioned,UNKNOWN
"1. Hypochoeris glabra L., Sp. PI. 810.  1753; Hook.f., Fl. Brit. India 3: 401. 1881.",12,no flower colour mentioned,UNKNOWN
"2. Hypochoeris  radicata  L.,  Sp. PI.  810.  1753.",12,no flower colour mentioned,UNKNOWN
2. Taraxacum  Weber,12,no flower colour mentioned,UNKNOWN
1. T.  leucanthum,12,no flower colour mentioned,UNKNOWN
2. T.  officinale,12,no flower colour mentioned,UNKNOWN
"1. Taraxacum  leucanthum  (Ledeb.)  Ledeb.,  Fl.  Ross.  2:  815.  1844,  p.p.",12,no flower colour mentioned,UNKNOWN
"2. Taraxacum  officinale  Weber  in Wiggers,  Prim.  Fl.  Holset  56.  1780;  Hook.f.,",12,no flower colour mentioned,UNKNOWN
"3. Taraxacum  wattii  Hook.f.,  Fl.  Brit.  India  3: 402.  1881.",12,no flower colour mentioned,UNKNOWN
1907. Distrib.  India:  Himachal  Pradesh.,12,no flower colour mentioned,UNKNOWN
1961. Distrib.  India:  Uttar  Pradesh.,12,no flower colour mentioned,UNKNOWN
1907. Distrib.  India:  Jammu  &  Kashmir.,12,no flower colour mentioned,UNKNOWN
1913. Distrib.  India:  W.  Bengal.,12,no flower colour mentioned,UNKNOWN
1961. Distrib.  India:  Jammu  &  Kashmir.,12,no flower colour mentioned,UNKNOWN
1961. Distrib.  India:  Jammu  &  Kashmir.,12,no flower colour mentioned,UNKNOWN
1963. Distrib.  India:  Jammu  &  Kashmir.,12,"corolla yellow, white, blue, pinkish, pale whitish purple",WHITE
1. Chondrilla,12,no flower colour mentioned,UNKNOWN
2. Cicerbita,12,no flower colour mentioned,UNKNOWN
8. Reichardia,12,no flower colour mentioned,UNKNOWN
7. Prenanthes,12,no flower colour mentioned,UNKNOWN
9. Sonchus,12,no flower colour mentioned,UNKNOWN
1. Chondrilla  L,12,no flower colour mentioned,UNKNOWN
1. C.  graminea,12,no flower colour mentioned,UNKNOWN
2. C.  setulosa,12,no flower colour mentioned,UNKNOWN
"1. Chondrilla graminea M. Bieb., Fl. Taur.  Cauc. 2: 244.  1808; Hook.f., Fl. Brit.",12,no flower colour mentioned,UNKNOWN
"2. Chondrilla  setulosa  C.B.  Clarke  in Hook.f.,  Fl.  Brit.  India  3:  402.  1881.",12,no flower colour mentioned,UNKNOWN
2. Cicerbita  Wallr.,12,"florets bluish-purple, creamy white or violet",WHITE
1. C.  crambifolia,12,no flower colour mentioned,UNKNOWN
2. C.  filkina,12,no flower colour mentioned,UNKNOWN
"1910. Steptorhamphus  crambifolius  Bunge,  Beitr.  Kennt Fl.  Russland  V.D.  Steep  cent.",12,no flower colour mentioned,UNKNOWN
"1910. Sonchus  cyaneus  D.  Don,  Prodr.  Fl.  Nepal.  164.  1825. Lactuca  hastata  D C ,",12,no flower colour mentioned,UNKNOWN
"1910. Herbs,  perennial;  stems  1-3.5  m  tall,  erect,  unbranched  or  sparingly  paniculately",12,"ligules blue, purple, violet or creamy white",WHITE
3. Cicerbita  fllicina  (Duthie ex Stebbins) Mamgain  & Rao in J. Bombay  Nat.  Hist.,12,no flower colour mentioned,UNKNOWN
4. Cicerbita  lessertiana  (Wallich  ex DC.) Mamgain  & Rao in J.  Bomb. Nat.  Hist.,12,ligules blue or violet,PURPLE/BLUE
5. Cicerbita macrantha  (Hook.f. & Thomson ex C.B. Clarke)  Beauv. in Bull. Soc.,12,no flower colour mentioned,UNKNOWN
"1910. Mulgedium  macrorhizum  Royle,  111. Bot.  Himal.  251. t.  61. f.  1.  \%35.Lactuca",12,"ligules violet, purple or pink",PINK
3. Dubyaea  DC.,12,corolla usually yellow,YELLOW
"1. Dubyaea  hispida  (D.  Don)  D C ,  Prodr.  7:  247.  1838.  Lactuca  dubyaea  C.B.",12,no flower colour mentioned,UNKNOWN
2. Dubyaea  oligocephala  (Sch.-Bip.)  Stebbins  in  J.  Bot.  75:  17.  1937.  Palea,12,no flower colour mentioned,UNKNOWN
4. Ixeris  Cass.,12,flowers usually yellow,YELLOW
1. Ixeris gracilis (Wallich  ex DC.) Stebbins in J. Bot. 75: 50.  1939. Lactuca  gracilis,12,no flower colour mentioned,UNKNOWN
"2. Ixeris  polycephala  Cass,  in Diet.  Sci.  Nat.  24: 50.  1822. Lactuca  polycephala",12,no flower colour mentioned,UNKNOWN
3. Ixeris  sagittarioides  (C.B.  Clarke)  Stebbins  in  J.  Bot.  Lond.  75:  51.  1939.,12,no flower colour mentioned,UNKNOWN
5. Lactuca  L.,12,"corolla usually yellow, sometimes blue, pinkish or purple",YELLOW
1. L.  remotiflora,12,no flower colour mentioned,UNKNOWN
"1. Lactuca  remotiflora  DC.  in Wight,  Contrib.  Bot.  Ind.  26.  1834; Hook.f.,  Fl.",12,ligules pink,PINK
"2. Lactuca  runcinata  DC. in Wight,  Contrib. Bot. Ind. 26.  1834. Lactuca  heyneana",12,no flower colour mentioned,UNKNOWN
"1. Lactuca  benthamii  C.B.  Clarke,  Comp.  Ind. 273.  1876; Hook.f., Fl. Brit. India",12,no flower colour mentioned,UNKNOWN
2. Lactuca  cooperi  Anthony  in Notes  Roy.  Bot.  Gard.  Edinb.  18:  198.  1934.,12,no flower colour mentioned,UNKNOWN
1. L.  quercina,12,no flower colour mentioned,UNKNOWN
"1. Lactuca  quercina  L.,  Sp.  PL  795.  1753.",12,no flower colour mentioned,UNKNOWN
"2. Lactuca tatarica (L.) C.A. Meyer, Enum., Fl. Cauc. 56.1831. Sonchus  tataricus",12,ligules blue,PURPLE/BLUE
2. L.  graciliflora,12,no flower colour mentioned,UNKNOWN
5. L.  rapunculoides,12,no flower colour mentioned,UNKNOWN
4. L.  lahulensis,12,no flower colour mentioned,UNKNOWN
1. L.  decipiens,12,no flower colour mentioned,UNKNOWN
"1. Lactuca  decipiens  C.B.  Clarke,  Comp. Ind.  266.  1876; Hook.f.,  Fl. Brit.  India",12,no flower colour mentioned,UNKNOWN
"2. Lactuca  graciliflora  D C ,  Prodr.  7:  139.  1838; Hook.f.,  Fl.  Brit.  India  3: 406.",12,no flower colour mentioned,UNKNOWN
1881. Prenanthes  graciliflora  Wallich  nom.  nud.,12,no flower colour mentioned,UNKNOWN
3. Lactuca  kashmiriana  Mamgain  & Rao  in J.  Bombay  Nat.  Hist.  Soc.  83: 406-,12,no flower colour mentioned,UNKNOWN
4. Lactuca  lahulensis  Mamgain  & Rao in Bull.  Bot.  Surv.  Ind.  27(1-4):  120-122.,12,no flower colour mentioned,UNKNOWN
"1985. Herbs,  perennial;  stems  50-80 cm high,  erect,  glabrous.  Leaves  4-7  3-7 cm;  upper",12,no flower colour mentioned,UNKNOWN
"5. Lactuca  rapunculoides  (DC.) C.B.  Clarke,  Comp. Ind. 268.  1876; HookX,  Fl.",12,white or purple,WHITE
1. L.  orientalis,12,no flower colour mentioned,UNKNOWN
"1. Lactuca  orientalis  (Boiss.) Boiss.,  Fl.  Orient.  3:  819.  1875; Hook.f.,  Fl.  Brit.",12,corolla yellow,YELLOW
"2. Lactuca  viminea  (L.) Jaub.  & Presl,  Fl.  Coch.  160.  1819. Prenanthes  viminea",12,corolla yellow,YELLOW
4. L.  sativa,12,no flower colour mentioned,UNKNOWN
2. L.  dolichophylla,12,no flower colour mentioned,UNKNOWN
"1. Lactuca  dissecta  D.  Don,  Prodr.  Fl.  Nepal.  164.  1825; Hook.f.  Fl.  Brit.  India",12,no flower colour mentioned,UNKNOWN
"2. Lactuca  dolichophylla  Kitam.  in  Hara,  Fl.  E.  Himal.  1:  341.  1966.  Lactuca",12,"ligules purple, pinkish bluish or whitish",WHITE
"3. Lactuca  indica  L.,  Mant.  2: 278.  1771. Lactuca  brevirostris  Champ,  ex  Benth.",12,no flower colour mentioned,UNKNOWN
"5. Lactuca  serriola  Tourner  in L.,  Cent.  PI. 2: 29.  1756. Lactuca  scariola  L.,  Sp.",12,no flower colour mentioned,UNKNOWN
"6. Lactuca undulata Ledeb., Fl. Alt. 4:  146.  1833; Hook.f., Fl. Brit. India  3: 404.",12,no flower colour mentioned,UNKNOWN
"1881. Herbs, annual; stems  15-35 cm high, glabrous or glaucous,  dichotomously  branched",12,no flower colour mentioned,UNKNOWN
6. Launaea  Cass.,12,flowers yellow,YELLOW
6. L.  procumbens,12,no flower colour mentioned,UNKNOWN
4. L.  microcephala,12,no flower colour mentioned,UNKNOWN
1. L.  acaulis,12,no flower colour mentioned,UNKNOWN
2. L.  aspleniifolia,12,no flower colour mentioned,UNKNOWN
8. L.  sarmentosa,12,no flower colour mentioned,UNKNOWN
"1936. Prenanthes  acaulis  Roxb., Fl.  Ind.  ed.  2,  3: 403.  1832. Crepis acaitHs Hook.f.,",12,no flower colour mentioned,UNKNOWN
"2. Launaea aspleniifolia  (Willd.) Hook.f., Fl. Brit.  Ind.  3: 415.  1881. Prenanthes",12,no flower colour mentioned,UNKNOWN
"3. Launaea  capitata  (Spreng.)  Dandy  in F.W.  Andr.,  Fl.  PI.  Sudan  3: 40.  1956.",12,no flower colour mentioned,UNKNOWN
"4. Launaea  microcephala  Hook.f.,  Fl.  Brit.  India  3:  415.  1881.",12,no flower colour mentioned,UNKNOWN
"5. Launaea  polyclada  (Boiss.)  Burkill,  Fl.  pi.  Blauch.  44.  1909.  Zollikoferia",12,no flower colour mentioned,UNKNOWN
"1881. Punj.:  Batthal,  Dudhalak.",12,ligules yellow,YELLOW
"7. Launaea  resedifolia  (L.)  Kuntze,  Rev.  Gen.  PI.  351.  1891.  Scorzonera",12,no flower colour mentioned,UNKNOWN
"8. Launaea  sarmentosd  (Willd.)  Sch.-Bip.  ex  Kuntze,  Rev.  Gen.  1:  350.  1891.",12,ligules yellow,YELLOW
"9. Launaea  secunda  (Royle ex  C.B.  Clarke) Hook.f.,  Fl. Brit. India 3: 416. 1881.",12,no flower colour mentioned,UNKNOWN
7. Prenanthes  L.,12,"corolla purple, whitish, pinkish, violet or blue",WHITE
4. P.  scandens,12,no flower colour mentioned,UNKNOWN
1. P.  brunoniana,12,no flower colour mentioned,UNKNOWN
5. P.  sikkimensis,12,no flower colour mentioned,UNKNOWN
3. P.  khasiana,12,no flower colour mentioned,UNKNOWN
6. P.  violaefolia,12,no flower colour mentioned,UNKNOWN
"1. Prenanthes  brunoniana Wallich  ex D C ,  Prodr. 7:  195. 1838; Hook.f., Fl. Brit.",12,"ligules purple white, pink, violet or blue",WHITE
"2. Prenanthes  hookeri  C.B.  Clarke  ex  Hook.f.,  Fl.  Brit.  India  3:  412.  1881.",12,ligules blue or purplish,PURPLE/BLUE
"3. Prenanthes  khasiana  C.B.  Clarke,  Comp.  Ind.  273.  1876.",12,no flower colour mentioned,UNKNOWN
"4. Prenanthes  scandens  Hook.f.  &  Thomson  ex  C.B.  Clarke,  Comp.  Ind.  274.",12,ligules reddish purple,RED
"5. Prenanthes  sikkimensis  Hook.f.,  Fl.  Brit.  India  3: 412.  1881.",12,no flower colour mentioned,UNKNOWN
6. Prenanthes  violaefolia  Decne.  in Jacq.  Voy. 4. Bot.  100. t.  108.  1844; Hook.f.,12,"ligules purple, blue or voilet",PURPLE/BLUE
8. Reichardia  Roth,12,no flower colour mentioned,UNKNOWN
9. Sonchus  L.,12,flowers yellow,YELLOW
"420. BOULOS,  L.  (1972). Revision  systematique  du Genere Sonchus  L.S.I.  1. Introduction  et  classification.",12,no flower colour mentioned,UNKNOWN
3. S. jainii,12,no flower colour mentioned,UNKNOWN
1. S.  asper*,12,no flower colour mentioned,UNKNOWN
5. S.  wightianus,12,no flower colour mentioned,UNKNOWN
1. Sonchus  asper  (L.)  Hill.  Herb.  Brit.  1:  47.  1769;  Hook.f.:  Fl.  Brit.  India  3:,12,no flower colour mentioned,UNKNOWN
"2. Sonchus brachyotus  D C ,  Prodr.  7:  186.  1838. Sonchus  arvensis L. var.  glaber",12,no flower colour mentioned,UNKNOWN
"1984. Herbs,  erect;  stems  30-75 cm high,  glabrous.  Leaves  in  spirals,  close  in  the  lower",12,no flower colour mentioned,UNKNOWN
"4. Sonchus  oleraceus  L.,  Sp.  PI.  794.  1753;  Hook.f.,  Fl.  Brit.  India  3:  414.",12,ligules bright yellow,YELLOW
"5. Sonchus wightianus D C ,  Prodr. 7;  187. 1838. S. arvensis auct.  non L.; Hook.f.",12,no flower colour mentioned,UNKNOWN
10. Youngia  Cass.,12,no flower colour mentioned,UNKNOWN
3. Y.  fuscipappa,12,no flower colour mentioned,UNKNOWN
4. Y.  glauca,12,no flower colour mentioned,UNKNOWN
12. Y.  stebbinsiana,12,no flower colour mentioned,UNKNOWN
13. Y.  tenuifolia,12,no flower colour mentioned,UNKNOWN
6. Y.  hondae,12,no flower colour mentioned,UNKNOWN
1. Y.  cineripappa,12,no flower colour mentioned,UNKNOWN
5. Y.  gracilipes,12,no flower colour mentioned,UNKNOWN
2. Y.  depressa,12,no flower colour mentioned,UNKNOWN
"1. Youngia cineripappa  (Babcock)  Babcock  & Stebbins,  Gen.  Youngia 484: 62.  f.",12,no flower colour mentioned,UNKNOWN
2. Youngia  depressa  (Hook.f.  &  Thomson)  Babcock  &  Stebbins  in  Cam.  Inst.,12,no flower colour mentioned,UNKNOWN
"3. Youngia fuscipappa Thw., Enum. PI. Zeyl.  168. 1864. Crepisfuscipappa  (Thw.)",12,no flower colour mentioned,UNKNOWN
4. Youngia  glauca  Edgew.  in  Trans.  Linn.  Soc.  20:  79.  1846.  Crepis  flexuosa,12,no flower colour mentioned,UNKNOWN
5. Youngia  gracilipes  (Hook.f.)  Babcock  &  Stebbins  in  Cam.  Inst.  Wash.  Publ.,12,no flower colour mentioned,UNKNOWN
6. Youngia  hondae  Kitam.  in  Acta.  Phyto.  Geobot.  19:  106.  1963.,12,no flower colour mentioned,UNKNOWN
"7. Youngia japonica  (L.) D C ,  Prodr. 7:  194. 1838. Prenanthes japonica  L.,  Mant.",12,no flower colour mentioned,UNKNOWN
1937. Fl.  & Fr.  Oct.  -  May.,12,no flower colour mentioned,UNKNOWN
8. Youngia  nilgiriensis  Babcock  in Kew  Bull.  1939: 662.  1940.,12,no flower colour mentioned,UNKNOWN
9. Youngia recemifera  (Hook.f.) Babcock & Stebbins in Univ. Calif. Publ. Bot. 18:,12,no flower colour mentioned,UNKNOWN
10. Youngia silhetensis  (DC.) Babcock  & Stebbins in Cam.  Inst. Wash.  Publ. 484:,12,no flower colour mentioned,UNKNOWN
11. Youngia simulatrix  (Babcock)  Babcock  & Stebbins in Cam.  Inst. Wash.  Publ.,12,no flower colour mentioned,UNKNOWN
12. Youngia stebbinsiana  S. Y. Hu in Quart.  J.Taiwan  Mus. 22 (1 & 2 ) :  32.  1969.,12,no flower colour mentioned,UNKNOWN
13. Youngia tenuifolia (Willd.) Babcock & Stebbins in Cam. Inst. Wash. Publ. 484:,12,no flower colour mentioned,UNKNOWN
1. Garhadiolus  Jaub.,12,flowers yellow,YELLOW
2. Koelpinia  Pallas,12,no flower colour mentioned,UNKNOWN
2. Tragopogon,12,no flower colour mentioned,UNKNOWN
"1881. Herbs, perennial with densely fibrous rootstock; rootstock vertical, cylindrical; stems",12,ligules pale lilac,OTHER
"2. Scorzonera  virgata D C ,  Prodr.  7:  125.  1838. S. divaricata  (DC.) Hook.f.,  Fl.",12,no flower colour mentioned,UNKNOWN
2. Tragopogon  L.,12,"ligules usually yellow, purple or blue",YELLOW
1. T.  dubius,12,no flower colour mentioned,UNKNOWN
2. T.  gracilis,12,no flower colour mentioned,UNKNOWN
"1. Tragopogon  dubius Scop., Fl. Cam.  2, 2: 95.  1722.  Tragopogonpratense  sensu",12,no flower colour mentioned,UNKNOWN
2. Tragopogon  gracilis  D.  Don  in Mem.  Wern.  Soc.  3: 414.  1820.,12,no flower colour mentioned,UNKNOWN
"3. Tragopogon  kashmirianus  Singh,  For.  Fl.  Srinagar  123.  1976.",12,"ligules yellow, purple striated",YELLOW
"4. Tragopogon orientals  L.,  Sp. PI. 789.  1753; Stewart in Nasir et  Ali, Ann.  Cat.",12,no flower colour mentioned,UNKNOWN
5. Tragopogon  sinuatum  Ave.  Lai.  PI.  Ital.  Bor.  17.  1829.,12,no flower colour mentioned,UNKNOWN
3. Eupatorium,12,no flower colour mentioned,UNKNOWN
1. Adenostemma  J.R.  & G.  Forster,12,no flower colour mentioned,UNKNOWN
2. Ageratum  L.,12,no flower colour mentioned,UNKNOWN
1. A.  conyzoides,12,no flower colour mentioned,UNKNOWN
"1. A.  conyzoides  L.,  Sp.  PI.  839.  1753; Hook.f.,  Fl.  Brit.  India  3:  243.  1881.",12,corolla white or blue,WHITE
3. Eupatorium  L.,12,no flower colour mentioned,UNKNOWN
"774. RAO, R.R.  & M.K.V.  RAO  (1980). the genus Eupatorium  L.  (Asteraceae)  in North  East  India  .  Proc.",12,no flower colour mentioned,UNKNOWN
3. E.  capillifolium,12,no flower colour mentioned,UNKNOWN
2. E.  cannabinum  ssp.  asiaticum  var.  heterophylluin,12,no flower colour mentioned,UNKNOWN
4. E.  chinense,12,no flower colour mentioned,UNKNOWN
5. E.  erythropappum,12,no flower colour mentioned,UNKNOWN
9. E.  riparium,12,no flower colour mentioned,UNKNOWN
6. E.ligustrinum,12,no flower colour mentioned,UNKNOWN
8. E.  odoratum,12,no flower colour mentioned,UNKNOWN
"1. Eupatorium  adenophorum  Spreng.,  Syst.  3: 420.  1826. Ageratina  adenophora",12,flowers white,WHITE
2. Eupatorium cannabinum L. subsp. asiaticum var. heterophyllum (DC.) Kitam.,12,no flower colour mentioned,UNKNOWN
3. Eupatorium  capillifolium  (Lam.)  Small  in Mem.  Torrey Bot. Club 5: 31. 1894;,12,no flower colour mentioned,UNKNOWN
"4. Eupatorium  chinense L.,  Sp. PI.  837.  1753. E.  reevesii Wallich  ex D C ,  Prodr.",12,no flower colour mentioned,UNKNOWN
5. Eupatorium erythropappum  Robinson in Proc. Bost. Soc. Nat. Hist. 31(6): 248.,12,no flower colour mentioned,UNKNOWN
"6. Eupatorium  ligustrinum  D C ,  Prodr.  5:  181. 1836; Yonzone et al.  in Ind.  For.",12,flowers white,WHITE
"7. Eupatorium  nodiflorum  Wallich  ex  D C ,  Prodr.  5:  179.  1836. E.  cannabinum",12,no flower colour mentioned,UNKNOWN
"9. Eupatorium  riparium  Regel,  Gaertnfiora  15: 324.  t.  525.  1866.",12,flowers white,WHITE
"10. Eupatorium  triplinerve  Vahl,  Symb.  Bot.  3:  97.  1794.  E.  ayapana  Vent,",12,no flower colour mentioned,UNKNOWN
4. Mikania  Willd.,12,no flower colour mentioned,UNKNOWN
5. Stevia  Cav.,12,no flower colour mentioned,UNKNOWN
"511. SOLBRIG, O.T.  (1963). The Tribesof Compositae in Southern United States. J. Am.  Arb.  44: 436-461.",12,no flower colour mentioned,UNKNOWN
2. Adenocaulou,12,no flower colour mentioned,UNKNOWN
18. Parthenium,12,no flower colour mentioned,UNKNOWN
1. Acanthospermum,12,flowers white,WHITE
9. Enhydra,12,no flower colour mentioned,UNKNOWN
7. Eclipta,12,no flower colour mentioned,UNKNOWN
16. Montanoa,12,no flower colour mentioned,UNKNOWN
5. Blainvillea,12,no flower colour mentioned,UNKNOWN
23. Tithonia,12,no flower colour mentioned,UNKNOWN
8. Eleutheranthera,12,no flower colour mentioned,UNKNOWN
"24. Medium  sized  to tall herbs;  leaves  cauline;  style branches  short,  subulate",12,no flower colour mentioned,UNKNOWN
19. Sclerocarpus,12,no flower colour mentioned,UNKNOWN
22. Synedrella,12,no flower colour mentioned,UNKNOWN
12. Glossocardia,12,no flower colour mentioned,UNKNOWN
4. Bidens,12,no flower colour mentioned,UNKNOWN
10. Flaveria,12,"flowers yellow, ray florets yellowish-white",WHITE
2. Adenocaulon  W.J.  Hooker.,12,flowers pale-yellow or white,WHITE
3. Ambrosia  L.,12,heads yellowish-white,WHITE
4. Bidens  L.,12,no flower colour mentioned,UNKNOWN
4. B.  comosa,12,no flower colour mentioned,UNKNOWN
3. B.  cernua,12,no flower colour mentioned,UNKNOWN
9. B.  tetraspinosa,12,no flower colour mentioned,UNKNOWN
10. B.  tripartita,12,no flower colour mentioned,UNKNOWN
7. B.  pilosa  -,12,no flower colour mentioned,UNKNOWN
"1. Bidens  bipinnata  L.,  Sp.  PI.  832.  1753.  B.  pilosa  L.  var.  bipinnata  Hook.f.,",12,no flower colour mentioned,UNKNOWN
2. Bidens  biternata  (Lour.) Merr.  & Sherff  in Bot. Gaz.  88: 293.  1929.  Coreopsis,12,flowers white or yellow,WHITE
"3. Bidens  cernua  L.,  sp.  PI.  832.  1753; Hook.f.,  PL  Brit.  India  3:  309.  1881.",12,no flower colour mentioned,UNKNOWN
4. Bidens comosa  (Gray) Wiegand  in Bull. Torrey  Bot.  Club 436.  1897; Mathur  &,12,no flower colour mentioned,UNKNOWN
"5. Bidens  humilis  H.B.  & K.,  Nov.  Gen.  Sp.  4:  234.  1820.",12,flowers yellow,YELLOW
"6. Bidens  minima  Huds.,  Fl.  Ang.  310.  1762; Kak  & Javeid  in  Curr.  Sc.  44(17):",12,flowers yellow,YELLOW
"7. Bidens  pilosa  L.,  Sp.  PI.  832.  1753.  B.  chinensis  auct.  non  Willd.,  Hook.f.,",12,"ray florets white to cream coloured, disc florets yellow",WHITE
"8. Bidens  sulphurea  (Cav.)  Sch.-Bip.  in  Seemann,  B.  Voy.  Herald  308.  1856.",12,flowers yellow-orange,YELLOW
9. Bidens  tetraspinosa  Kak & Javeid  in J. Bombay  Nat.  Hist.  Soc.  79:  175.  1982.,12,no flower colour mentioned,UNKNOWN
"10. Bidens  tripartita  L.,  sp. PI.  831. 1753; Hook.f.,  Fl.  Brit.  India  3: 309. 1881.",12,no flower colour mentioned,UNKNOWN
5. Blainvillea  Cass.,12,"ray florets yellow, disc florets white or yellow",WHITE
6. Chrysanthellum  Rich.,12,flowers yellow,YELLOW
7. Eclipta  L.  nom.  cons.,12,heads white,WHITE
8. Eleutheranthera  Poit.  ex  Bosc.,12,corolla yellow,YELLOW
9. Enhydra  DC.,12,no flower colour mentioned,UNKNOWN
"1881. Herbs, decumbent,  branched,  submerged,  aquatic,  rooting at nodes; stems purple at",12,corolla white with purple tinge,WHITE
10. Haveria  Juss.,12,flowers yellow,YELLOW
"1. Flaveria  bidentis  (L.)  Kuntze,  Rev.  Gen.  3:  148.  1898.  Ethulia  bidentis  L.,",12,ray florets with short pale-yellow corolla,YELLOW
"2. Flaveria  trinervia  (Spreng.)  C.  Mohr,  Contr.  U.S.  Nat.  Herb.  6:  810.  1901.",12,flowers whitish yellow,WHITE
11. Galinsoga  Ruiz  &  Pavon,12,"flowers white, ray florets yellow, disc florets yellow or yellow-green",WHITE
2. G.  quadriradiata,12,no flower colour mentioned,UNKNOWN
1. G.  parviflora,12,no flower colour mentioned,UNKNOWN
"1. Galinsoga parviflora  Cav.,  Ic. Descr.  PL 3: 41. t. 281. 1795; Hook.f., Fl.  Brit.",12,"flowers white, ray florets; corolla yellow, disc florets",WHITE
"2. Galinsoga  quadriradiata  Ruiz  &  Pavon,  Syst.  Veg.  1:  198.  1798.  G.  ciliata",12,"flowers white, ray florets; corolla yellow",WHITE
12. Glossocardia  Cass.,12,no flower colour mentioned,UNKNOWN
"1. Glossocardia  bosvallea  (L.f.)  DC.  in  Wight,  Contrib.  Bot.  Ind.  19.  1834.",12,no flower colour mentioned,UNKNOWN
2. Glossocardia  setosa Blatt.  etHallb.  in J. Bombay  Nat.  Hist.  Soc. 26: 536.  1919.,12,no flower colour mentioned,UNKNOWN
13. Glossogyne  Cass.,12,"ray florets yellow, disc florets yellow",YELLOW
14. Guizotia  Cass.,12,flowers yellow,YELLOW
15. Lagascea  Cav.,12,flowers white,WHITE
16. Montanoa  La  Llave  &  Lexarza,12,"flowers white, disc florets yellow",WHITE
17. Moonia  Am.,12,no flower colour mentioned,UNKNOWN
"1. Moonia arnottiana Wight, Ic. PI. Ind. Or.  3(4): 9. t.  1105. 1846.  Chrysogonum",12,flowers white or creamy-yellow,WHITE
"2. Moonia  heterophylla  Arn.,  Nov.  Acta  Caes.  Leop.-Carol.  German.  Nat.  Cur.",12,"corolla yellow, disc florets orange",YELLOW
18. Parthenium  L.,12,flowers white to light yellow,WHITE
19. Sclerocarpus  Jacq.,12,no flower colour mentioned,UNKNOWN
20. Siegesbeckia  L.,12,flowers yellow,YELLOW
21. Spilanthes  Jacq.,12,heads yellow or reddish-brown,YELLOW
1. S.  calva,12,no flower colour mentioned,UNKNOWN
5. S.  radicans,12,no flower colour mentioned,UNKNOWN
"1. Spilanthes  calva  DC.  in Wight,  Contrib.  Bot.  Ind.  19.  1834.  S.  acmella  var.",12,corolla tube yellowish white to yellow,WHITE
"2. Spilanthes  ciliata  H.B.K.,  Nov.  Gen.  et  Sp. PI.  208.  1820.",12,no flower colour mentioned,UNKNOWN
"3. Spilanthes oleracea  L.,  Syst. Nat.  ed.  12, 2: 534.  1767.  Spilanthes  acmella var.",12,no flower colour mentioned,UNKNOWN
"4. Spilanthes  paniculata Wallich  ex D C ,  Prodr.  5: 625.  1836. Spilanthes  acmella",12,no flower colour mentioned,UNKNOWN
"5. Spilanthes  radicans  Jacq.,  Collect.  Bot.  Chem.  Hist.  Nat.  11(3):  1714.  1804;",12,no flower colour mentioned,UNKNOWN
"6. Spilanthes uliginosa Sw., Nov. Gen. PL  Seu Prodr. Descr.  Veg. Ind.  Occ.  110.",12,no flower colour mentioned,UNKNOWN
22. Synedrella  Gaertner,12,corolla yellow,YELLOW
1. S.  nodiflora,12,no flower colour mentioned,UNKNOWN
2. S.  vialis,12,no flower colour mentioned,UNKNOWN
"1. Synedrella  nodiflora  (L.)  Gaertn.,  Fruct.  Sem.  2:  456.  t.  171.  f.  7.  1791;",12,flowers yellow,YELLOW
2. Synedrella  vialis (Less.) A Gray in Proc. Amer.  Acad.  17: 217.  1882; Ahuja and,12,flowers yellow,YELLOW
23. Tithonia  Desf.,12,corolla orange or yellow,YELLOW
"436. LaDUKE,  J.C.  (1982).  Revision of  Tithonia. Rhodora  84: 453-522.",12,no flower colour mentioned,UNKNOWN
1. Tithonia  diversifolia  (Hemsl.)  A Gray in Proc.  Amer.  Acad.  Arts  19: 5.  1883.,12,flowers yellow,YELLOW
"1917. Tagetes  rotundifolia  Miller,  Gard.  Diet,  ed  8.  Tagetes  4.  1768.  Tithonia",12,flowers orange to yellow,YELLOW
24. Tridax  L.,12,"ray florets white or yellow, disc florets yellow to purple tinged",WHITE
25. Verbesina  L.,12,flowers yellow,YELLOW
26. Wedelia  Jacquem.,12,flowers yellow or white,WHITE
1. W.  biflora  /,12,no flower colour mentioned,UNKNOWN
4. W.  trilobata,12,no flower colour mentioned,UNKNOWN
2. W.  ctainensis',12,no flower colour mentioned,UNKNOWN
5. W.  urticaefolia,12,no flower colour mentioned,UNKNOWN
"1. Wedelia  biflora  (L.)  DC.  in  Wight,  Contrib.  Bot.  Ind.  18.  1834.  Verbesina",12,no flower colour mentioned,UNKNOWN
2. Wedelia  chinensis  (Osbeck.)  Merr.  inPhilipp.  J.  Sci.  12:  111. 1917.  Solidago,12,no flower colour mentioned,UNKNOWN
3. Wedelia  montana var.  wallichii  (Less.) H. Koyama  in Acta Phytotax.  Geobot.,12,flowers yellow,YELLOW
4. Wedelia  trilobata  (L.)  A.S.  Hitchc.  in Rep.  Missouri  Bot.  Gard.  4:  99.  1898.,12,flowers bright yellow,YELLOW
"5. Wedelia  urticaefolia  DC.  in Wight,  Contrib.  Bot.  Ind.  18.  1834; Hook.f.,  Fl.",12,no flower colour mentioned,UNKNOWN
27. Xanthium  L.,12,no flower colour mentioned,UNKNOWN
3. X.  spinosum,12,no flower colour mentioned,UNKNOWN
1. X.  indicum,12,no flower colour mentioned,UNKNOWN
"1. Xanthium  indicum  Koenig  in Roxb., Fl.  Ind.  3: 601.  1832. X  strumarium  L.,",12,no flower colour mentioned,UNKNOWN
2. Xanthium  pungens  Wallroth  in  Beitr.  Bot.  1(2):  227  &  231-232.  1844;,12,no flower colour mentioned,UNKNOWN
"1959. Herbs,  well branched,  robust,  50-100 cm high, with  1-2  stout,  3-fid,  yellow  spines",12,flowers white,WHITE
7. Caesulia  axillaris  Roxb.,13,no flower colour mentioned,UNKNOWN
13. Filago  hurdwarica  (Wallich  ex  DC.)  Wagenitz,13,no flower colour mentioned,UNKNOWN
32. Gnaphalium  thomsonii  Hook.f.,13,no flower colour mentioned,UNKNOWN
49. Sphaeranthus  indicus  L.,13,no flower colour mentioned,UNKNOWN
58. Leucomeris  spectabilis  D.  Don,13,no flower colour mentioned,UNKNOWN
62. Cissampelopsis  ansteadi  (Tad.  & Jacob.)  C.Jeffrey  &,13,no flower colour mentioned,UNKNOWN
63. Cissampelopsis  buimalia  (Buch.-Ham.  ex  D.  Don),13,no flower colour mentioned,UNKNOWN
70. Ligularia  hookeri  (C.B.  Clarke)  Hand.-Mazz.  var.,13,no flower colour mentioned,UNKNOWN
71. Ligularia jacquemontiana  (Decne.)  M.A.  Rau,13,no flower colour mentioned,UNKNOWN
72. Senecio  bombayensis  Balakr.,13,no flower colour mentioned,UNKNOWN
73. Senecio  candolleanus  Wallich  ex  DC.,13,no flower colour mentioned,UNKNOWN
74. Senecio  desfontainei  Druce,13,no flower colour mentioned,UNKNOWN
75. Senecio  dubitabilis  C.  Jeffrey  &  Y.L.  Chen,13,no flower colour mentioned,UNKNOWN
76. Senecio  graciliflorus  DC.,13,no flower colour mentioned,UNKNOWN
77. Senecio  griffithii  Hook.f.  &  Thomson  ex  C.B.  Clarke,13,no flower colour mentioned,UNKNOWN
78. Senecio  hewrensis  Hook.f.,13,no flower colour mentioned,UNKNOWN
80. Senecio  krascheninnikovii  Schischk.  var.  Krascheninni  Kovii.  261,13,no flower colour mentioned,UNKNOWN
81. Senecio  laetus  Edgew.  var.  laetus,13,no flower colour mentioned,UNKNOWN
82. Senecio  lawsoni  Gamble,13,no flower colour mentioned,UNKNOWN
83. Senecio  ludens  C.B.  Clarke,13,no flower colour mentioned,UNKNOWN
84. Senecio  mayurii  C.  Fischer,13,no flower colour mentioned,UNKNOWN
85. Senecio  nudicaulis  Buch.-Ham.  ex  D.  Don,13,no flower colour mentioned,UNKNOWN
86. Senecio  royleanus  DC.,13,no flower colour mentioned,UNKNOWN
87. Senecio  vulgaris  L.,13,no flower colour mentioned,UNKNOWN
88. Senecio  wightianus  DC.,13,no flower colour mentioned,UNKNOWN
90. Synotis jowaiensis  (Balakr.)  R.  Mathur,13,no flower colour mentioned,UNKNOWN
91. Synotis  kunthiana  (Wallich  ex  DC.)  C.  Jeffrey  &  Y.L.  Chen  294,13,no flower colour mentioned,UNKNOWN
92. Synotis  nagensium  (C.B.  Clarke)  C.  Jeffrey  &  Y.L.  Chen,13,no flower colour mentioned,UNKNOWN
93. Synotis  rufinervis  (DC.)  C.  Jeffrey  &  Y.L.  Chen,13,no flower colour mentioned,UNKNOWN
94. Synotis  simonsii  (C.B.  Clarke)  C.  Jeffrey  &  Y.L.  Chen,13,no flower colour mentioned,UNKNOWN
95. Pseudojacoboea  lavandulaefolius  (DC.)  R.  Mathur,13,no flower colour mentioned,UNKNOWN
96. Cremanthodium  arnicoides  (Wallich)  R.  Good,13,no flower colour mentioned,UNKNOWN
97. Cremanthodium  decaisnei  C.B.  Clarke  f.  decaisnei,13,no flower colour mentioned,UNKNOWN
98. Tussilago  farfara  L.,13,no flower colour mentioned,UNKNOWN
100. Tagetes  minuta  L.,13,no flower colour mentioned,UNKNOWN
117. Vernonia  peninsularis  (C.B.  Clarke)  C.B.  Clarke  ex  Hook.f.,13,no flower colour mentioned,UNKNOWN
122. Vernonia  travancorica  Hook.f.,13,no flower colour mentioned,UNKNOWN
5. Cnaphaleae,13,no flower colour mentioned,UNKNOWN
4. Filagiueae,13,pale blue or white,WHITE
1. Carpesiuin,13,no flower colour mentioned,UNKNOWN
4. Pen tan tin a,13,no flower colour mentioned,UNKNOWN
3. Pegolettia,13,no flower colour mentioned,UNKNOWN
2. Inula,13,no flower colour mentioned,UNKNOWN
1. C.  abrotauoides,13,no flower colour mentioned,UNKNOWN
3. C.  trachelifolium,13,no flower colour mentioned,UNKNOWN
"1. Carpesium  abrotanoides L.,  Sp. PI. 860.  1753; Hook.f., Fl. Brit. India",13,no flower colour mentioned,UNKNOWN
"2. Carpesium  cernuum  L.,  Sp. PI.  859.  1753; Hook.f.,  Fl. Brit.  India 3:",13,flowers yellow,YELLOW
1988. Fl.  & Fr.  Sept.  -  Nov.,13,no flower colour mentioned,UNKNOWN
"3. Carpesium  trachelifolium  Less. inLinnaea  6: 233.  1831; Hook.f.,  Fl.",13,flowers yellow,YELLOW
2. Inula  L.,13,"heads yellow, sometimes white",WHITE
17. I.  rhizocephala  var.  rliizocephaloides,13,no flower colour mentioned,UNKNOWN
8. I.  grantioides,13,no flower colour mentioned,UNKNOWN
9. I.  graveolens,13,no flower colour mentioned,UNKNOWN
11. I.  macrosperma,13,no flower colour mentioned,UNKNOWN
18. I.  royleana,13,no flower colour mentioned,UNKNOWN
4. I.  clarkei,13,no flower colour mentioned,UNKNOWN
10. I.  hookeri,13,no flower colour mentioned,UNKNOWN
11. I.  kalapani,13,no flower colour mentioned,UNKNOWN
7. I.  falconeri,13,no flower colour mentioned,UNKNOWN
2. I.  brittanica,13,no flower colour mentioned,UNKNOWN
"1. Inula acuminata Royle ex D C ,  Prodr.  5: 471. 1856; Hook.f.,  Fl.  Brit.",13,no flower colour mentioned,UNKNOWN
"2. Inula  brittanica  L.  Sp.  PI.  882.  1753.  Stewart  in  Nasir  et  Ali,  Ann.",13,no flower colour mentioned,UNKNOWN
"3. Inula  cappa  (Buch.-Ham.  ex  D.  Don)  D C ,  Prodr.  5:  469.  1836.",13,no flower colour mentioned,UNKNOWN
"4. Inula clarkei  (Hook.f.)  Stewart  in Nasir et Ali, Ann.  Cat.  Vas. PI.  W.",13,no flower colour mentioned,UNKNOWN
"4. Inula  cuspidata  (DC.)  C.B.  Clarke,  Comp.  Ind.  125.  1876;  Hook.f.,",13,no flower colour mentioned,UNKNOWN
"6. Inula eupatorioides  D C ,  Prodr.  5: 469.  1836; Hook.f.,  Fl.  Brit.  India",13,flowers yellow,YELLOW
"7. Inula  falconeri  Hook.f.,  Fl.  Brit.  Ind.  3: 294.  1881.",13,no flower colour mentioned,UNKNOWN
"8. Inula grantioides  Boiss., Diagn.  Ser.  2.  3.  14.  1856; Hook.f.,  Fl.  Brit.",13,flowers yellow,YELLOW
"9. Inula  graveolens  (L.)  Desf.,  Fl.  Atl.  2:  275.  1799; Hook.f.,  Fl.  Brit.",13,no flower colour mentioned,UNKNOWN
"10. Inula  hookeri  C.B.  Clarke,  Comp.  Ind.  122.  1876; Hook.f.,  Fl.  Brit.",13,no flower colour mentioned,UNKNOWN
"11. Inula kalapani  C.B.  Clarke,  Comp.  Ind.  123. 1876; Hook.f.,  Fl. Brit.",13,no flower colour mentioned,UNKNOWN
"12. Inula  macrosperma  Hook.f.,  Fl.  Brit.  India.  3:  292.  1881.",13,no flower colour mentioned,UNKNOWN
"13. Inula nervosa  Wallich  ex D C ,  Prodr. 5: 471. 1836; Hook.f., Fl.  Brit.",13,flowers white with yellow centre,WHITE
14. InulaobtusifoliaKerner  inBer.  Naturw. Ver. Innsbruck.  1: 111. 1870;,13,no flower colour mentioned,UNKNOWN
"15. Inula  orientalis  Lam.,  Encycl.  3:  255.  1789.",13,flowers yellow,YELLOW
"16. Inula  racemosa  Hook.f.,  Fl.  Brit.  India  3:  292  1881.",13,no flower colour mentioned,UNKNOWN
17. Inula  rhizocephala  Schrenk.  var.  rhizocephaloides  (C.B.  Clarke),13,no flower colour mentioned,UNKNOWN
"18. Inula  royleana  D C ,  Prodr.  5:  464.  1836; Hook.f.,  IT.  Brit.  India  3:",13,no flower colour mentioned,UNKNOWN
"19. Inula rubricaulis  (DC.) C.B.  Clarke,  Comp. Ind.  126.  1876; Hook.f.,",13,no flower colour mentioned,UNKNOWN
"20. Inula simonsii  C.B.  Clarke,  Comp.  Ind.  121. 1876; Hook.f.,  Fl.  Brit.",13,flowers white,WHITE
3. Pegolettia  Cass.,13,no flower colour mentioned,UNKNOWN
4. Pentanema  Cass.,13,no flower colour mentioned,UNKNOWN
2. P.  indie urn,13,no flower colour mentioned,UNKNOWN
1. P.  cernuum,13,no flower colour mentioned,UNKNOWN
"1965. Vicoa  cernua Dalz.  in Dalz.  & Gibs.,  Bombay  Fl.  126.  1861; Hook.f.,",13,flowers yellow,YELLOW
2. Pentanema  indicum  (L.) Ling in Acta Phyt.  Sin.  10:  179.  1965.  Inula,13,flowers yellow,YELLOW
1965. Inula vestita Wallich  ex DC. Prodr. 5: 470.  1836. Vicoa vestita  (Wallich,13,no flower colour mentioned,UNKNOWN
5. Pulicaria  Gaertn.,13,no flower colour mentioned,UNKNOWN
7. P.  petiolaris,13,no flower colour mentioned,UNKNOWN
4. P.  foliolosa,13,no flower colour mentioned,UNKNOWN
6. P.  gnaphalodes,13,no flower colour mentioned,UNKNOWN
2. P.  crispa,13,no flower colour mentioned,UNKNOWN
9. P.  rajputanae,13,no flower colour mentioned,UNKNOWN
3. P.  dysenterica,13,no flower colour mentioned,UNKNOWN
"1. Pulicaria  angustifolia  D C ,  Prodr.  5:  479.  1836;  Hook.f.,  Fl.  Brit.",13,no flower colour mentioned,UNKNOWN
"2. Pulicaria crispa (Forsskal) Benth. in Benth. & Hook.f  , Gen. PI. 2: 336.",13,flowers yellow,YELLOW
"3. Pulicaria  dysenterica  (L.)  Gaertn.,  Fruct.  2:  462.  1781; Hook.f.,  Fl.",13,no flower colour mentioned,UNKNOWN
"4. Pulicaria  foliolosa  D C ,  Prodr.  5:  480.  1834; Hook.f.,  Fl.  Brit.  India",13,no flower colour mentioned,UNKNOWN
"5. Pulicaria glaucescens  Jaub. & Spach., Illus. PI. Or. 4: 79. t.  349. 1852;",13,no flower colour mentioned,UNKNOWN
"6. Pulicaria  gnaphalodes  (Vent.)  Boiss.,  Diagn.  ser.  16:  76.  1854;",13,no flower colour mentioned,UNKNOWN
"7. Pulicaria  petiolaris  Jaub.  &  Spach.,  Illus.  PI.  Or 4:  69.  t.  344.  1852;",13,no flower colour mentioned,UNKNOWN
"8. Pulicaria  prostrata  (Gilib.)  Asch.,  Fl.  Brandeno.  1:  304.  1§64.  Inula",13,no flower colour mentioned,UNKNOWN
9. Pulicaria  rajputanae Blatt.  & Hallb.  in J. Bombay.  Nat.  Hist.  Soc. 26:,13,flowers yellow,YELLOW
10. Pulicaria  salviaefolia  Bunge  in  Mem.  Sav.  Etrang.  Petersb.  7:  331.,13,no flower colour mentioned,UNKNOWN
"11. Pulicaria  wightiana  (DC.)  C.B.  Clarke,  Comp.  Ind.  128.  1876;",13,ray florets yellow,YELLOW
1. Athroisma,13,no flower colour mentioned,UNKNOWN
2. Blepharispermum,13,no flower colour mentioned,UNKNOWN
4. Ifloga,13,no flower colour mentioned,UNKNOWN
3. Filago,13,no flower colour mentioned,UNKNOWN
5. Logila,13,no flower colour mentioned,UNKNOWN
2. Blepharispermum  DC.,13,no flower colour mentioned,UNKNOWN
"1. Blepharispermum  petiolare  DC.  in  Wight,  Contrib.  Bot.  12.  1834;",13,no flower colour mentioned,UNKNOWN
"2. Blepharispermum  subsessile  DC.  in  Wight,  Contrib.  Bot.  12.  1834;",13,no flower colour mentioned,UNKNOWN
3. Filago  L.,13,no flower colour mentioned,UNKNOWN
1. F.  hurdwarica,13,no flower colour mentioned,UNKNOWN
1. Filago hurdwarica  (Wallich  ex DC.)  Wagenitz  in Willdenowia  4: 291.,13,no flower colour mentioned,UNKNOWN
2. Filago  paradoxa  Wagenitz  in Willdenowia  5:  429.  1969.,13,no flower colour mentioned,UNKNOWN
4. Ifloga  Cass.,13,no flower colour mentioned,UNKNOWN
"1881. Herbs,  erect-decumbent,  branched,  woolly,  up  to  16  cm  high.  Leaves",13,"outer florets yellowish, disc florets orange yellow",YELLOW
5. Logfia  Cass.,13,no flower colour mentioned,UNKNOWN
"1825. Herbs,  erect,  diffusely  branched,  woolly,  up to  15 cm high. Leaves  linear-",13,no flower colour mentioned,UNKNOWN
5. Phagnalon,13,no flower colour mentioned,UNKNOWN
1. Anaphalis  DC.,13,limb usually yellow,YELLOW
13. A.  lumaclialemis,13,no flower colour mentioned,UNKNOWN
7. A.  busua,13,no flower colour mentioned,UNKNOWN
22. A.  notouiaua,13,no flower colour mentioned,UNKNOWN
5. A.  brevifolia,13,no flower colour mentioned,UNKNOWN
6. A.  bournei,13,no flower colour mentioned,UNKNOWN
25. A.  subdecurrens,13,no flower colour mentioned,UNKNOWN
2. A.  aristata,13,no flower colour mentioned,UNKNOWN
30. A.  wiglitiana,13,no flower colour mentioned,UNKNOWN
16. A.  lawii,13,no flower colour mentioned,UNKNOWN
8. A.  cavei,13,no flower colour mentioned,UNKNOWN
20. A.  meeboldii,13,no flower colour mentioned,UNKNOWN
12. A.  griffitbii,13,no flower colour mentioned,UNKNOWN
9. A.  contorta,13,no flower colour mentioned,UNKNOWN
31. A.  xylorbiza,13,no flower colour mentioned,UNKNOWN
4. A.  beddomei,13,no flower colour mentioned,UNKNOWN
11. A.  elliptica,13,no flower colour mentioned,UNKNOWN
10. A.  desertii,13,involucral bracts glistening white,WHITE
24. A.  staintonii,13,no flower colour mentioned,UNKNOWN
23. A.  royleana,13,no flower colour mentioned,UNKNOWN
29. A.  virgata,13,no flower colour mentioned,UNKNOWN
19. A.  margaritacea,13,no flower colour mentioned,UNKNOWN
"1. Anaphalis  adnata  D C ,  Prodr.  6:  274.  1838;  Hook.f.,  Fl.  Brit.  India",13,no flower colour mentioned,UNKNOWN
"2. Anaphalis  aristata  D C ,  Prodr.  6:  274.  1838; Hook.f.  Fl.  Brit.  India",13,"involucral bracts white, tinged with pink",WHITE
3. Anaphalis  barnesii  C.  Fischer  in  Kew  Bull.  5:  249.  1939.,13,marginal florets yellow,YELLOW
"4. Anaphalis  beddomei  Hook.f.,  Fl.  Brit.  India  3: 282.  1881.",13,no flower colour mentioned,UNKNOWN
5. Anaphalis  bournei  Fyson  in  Kew  Bull.  1914:  209.  1914.,13,no flower colour mentioned,UNKNOWN
"6. Anaphalis brevifolia  D C ,  Prodr. 6: 273. 1837; Hook.f., Fl. Brit. India",13,no flower colour mentioned,UNKNOWN
"7. Anaphalis  busua  (Buch.-Ham.  ex  D.  Don) DC.,  Prodr.  6:  275.  1838.",13,no flower colour mentioned,UNKNOWN
"1881. Herbs,  erect,  30-80 cm high, sparingly branched;  stems somewhat  winged,",13,disc florets yellow,YELLOW
8. Anaphalis  cavei  Chatterjee  in  Bull.  Bot.  Soc.  Bengal  3:  17.  1949.,13,no flower colour mentioned,UNKNOWN
"9. Anaphalis  contorta  (D.  Don)  Hook.f.,  Fl.  Brit.  India  3:  284.  1881.",13,"ray florets yellowish, disc florets yellowish brown",YELLOW
10. Anaphalis  desertii  J.R.  Drumm.  inKew  Bull.  1910: 76.  1910.,13,no flower colour mentioned,UNKNOWN
"11. Anaphalis  elliptica  D C ,  Prodr.  6:  274.  1838. A.  oblonga  DC.  var.",13,no flower colour mentioned,UNKNOWN
"12. Anaphalis  griffithii  Hook.f.,  Fl.  Brit.  India  3:  280.  1881.  Fig.  18.",13,no flower colour mentioned,UNKNOWN
13. Anaphalis  himachalensis  Aswal  et  Goel  in  Nord.  J.  Bot.  8(4):  337-,13,no flower colour mentioned,UNKNOWN
"14. Anaphalis  hookeri  C.B.  Clarke  ex  Hook.f.,  Fl.  Brit.  India  3:  282.",13,no flower colour mentioned,UNKNOWN
"1881. Herbs,  erect,  simple or branched,  slender up to 50 cm high; stems  minutely",13,no flower colour mentioned,UNKNOWN
"15. Anaphalis  kashmiriana  P.C.  Pant,  R.R.  Rao  & Arti  Garg,  in J.  Jap.",13,no flower colour mentioned,UNKNOWN
"16. Anaphalis  lawii  (Hook.f.)  Gamble,  El.  Pres.  Madras  2:  489.  1957.",13,no flower colour mentioned,UNKNOWN
"17. Anaphalis Ieptophylla  (DC.)  D C ,  Prodr.  6:  273.  1838; Hook.f.,  Fl.",13,involucral bracts white,WHITE
"18. Anaphalis  marcescens  (Wight)  C.B.  Clarke,  Comp.  Ind.  110.  1876;",13,no flower colour mentioned,UNKNOWN
"19. Anaphalis margaritacea  (L.) Benth.  in Benth.  & Hook.f., Gen. PI. 2:",13,no flower colour mentioned,UNKNOWN
"20. Anaphalis  meeboldii  W.W.  Smith  in  Rec.  Bot.  Surv."" India  4:  284.",13,no flower colour mentioned,UNKNOWN
"1911. Herbs,  tufted,  woody,  up  to  30  cm  high;  rootstock  thick  woody;  stems",13,no flower colour mentioned,UNKNOWN
"21. Anaphalis neelgerryana  (Sch.-Bip. ex DC.) D C ,  Prodr. 6: 272. 1838;",13,no flower colour mentioned,UNKNOWN
"22. Anaphalis  notoniana  (DC.)  D C ,  Prodr.  6;  273.  1838; Hook.f.,  Fl.",13,no flower colour mentioned,UNKNOWN
"23. Anaphalis royleana  D C ,  Prodr. 6: 272.  1838; Hook.f., Fl. Brit. India",13,no flower colour mentioned,UNKNOWN
24. Anaphalis  staintonii  Georgiadou  in Candollea  33:  137.  1978.,13,"involucral bracts glistening white, outermost brown, inner bracts often tinged with pink",WHITE
"25. Anaphalis  subdecurrens  (DC.)  Gamble,  Fl.  Pres.  Madras  2:  489.",13,no flower colour mentioned,UNKNOWN
"26. Anaphalissubumbellata  C.B. Clarke, Comp. Ind.  108. 1876; Hook.f.,",13,no flower colour mentioned,UNKNOWN
"1911. Herbs to undershrubs,  up to 60 cm high; stems woody,  clothed  with  thick,",13,no flower colour mentioned,UNKNOWN
"28. Anaphalis  triplinervis  (Sims.)  C.B.  Clarke,  Comp.  Ind.  105.  1876;",13,no flower colour mentioned,UNKNOWN
"29. Anaphalis  virgata  Thomson  ex  C.B.  Clarke,  Comp.  Ind.  107.  1876;",13,disc florets pale yellow,YELLOW
"30. Anaphalis  wightiana  (DC.)  D C ,  Prodr.  6:  273.  1838; Hook.f.,  Fl.",13,no flower colour mentioned,UNKNOWN
"31. Anaphalis  xylorhiza  Sch.-Bip.  ex  Hook.f.,  Fl.  Brit.  India  3:  281.",13,no flower colour mentioned,UNKNOWN
2. Gnaphalium  L.,13,no flower colour mentioned,UNKNOWN
"138. GRIERSON,  AJ.C.(1975).  Gnaphalium  Materials  for  a  flora  of Turkey  XXXI.  Notes  Roy.",13,no flower colour mentioned,UNKNOWN
"351. KJTAMURA,  S.  (1978).  La  Correspondance  du  Museum  national  d'histoire  naturelle  Paris.",13,no flower colour mentioned,UNKNOWN
4. G.  luteo-albuin,13,no flower colour mentioned,UNKNOWN
3. G.  kypoleucuin,13,no flower colour mentioned,UNKNOWN
8. G.  purpureiuu,13,no flower colour mentioned,UNKNOWN
2. G.  flaccidum,13,no flower colour mentioned,UNKNOWN
9. G.  stewartii,13,no flower colour mentioned,UNKNOWN
7. G.  pulvinatum,13,no flower colour mentioned,UNKNOWN
"1. Gnaphalium  coarctatum  Willd.,  Sp.  PI.  3:  1886.  1804;  Singh  &",13,no flower colour mentioned,UNKNOWN
"2. Gnaphalium  flaccidum  Kurz  in  C.B.  Clarke,  Comp.  Ind.  115.  1876;",13,no flower colour mentioned,UNKNOWN
"3. Gnaphalium  hypoleucum  DC.  in Wight,  Contrib.  Bot.  Ind.  21.  1834;",13,no flower colour mentioned,UNKNOWN
"4. Gnaphalium luteo-album L., Sp. PI. 851. 1753; Hook.f., Fl. Brit. India",13,no flower colour mentioned,UNKNOWN
"5. Gnaphalium pensylvanicum  Willd.,  Enum. Hort.  Berol.  867.  1809. G.",13,no flower colour mentioned,UNKNOWN
"6. Gnaphalium  polycaulon  Pers., Syn. PI. 2: 421. 1807. G. indicum  auct.",13,no flower colour mentioned,UNKNOWN
"7. Gnaphalium  pulvinatum  Del.,  Fl.  Aegypt.  122.  t.  44.  f.  1.  1812;",13,flowers pale brown to yellowish,YELLOW
"8. Gnaphalium  purpureum  L.,  Sp. PI. 854.  1753; Hook.f., Fl. Brit. India",13,ray florets pink at mouth,PINK
"9. Gnaphalium  stewartii  C.B.  Clarke ex  Hook.f.,  Fl.  Brit. India  3: 289.",13,no flower colour mentioned,UNKNOWN
"1881. Herbs, densely  tufted,  3-12 cm high; stems densely  cottony woolly.  Leaves",13,no flower colour mentioned,UNKNOWN
"10. Gnaphalium  thomsoni  Hook.f.,  Fl.  Brit.  India  3:  290.  1881.",13,no flower colour mentioned,UNKNOWN
3. Helichrysum  Miller,13,no flower colour mentioned,UNKNOWN
1. H.  bracteatum,13,no flower colour mentioned,UNKNOWN
3. H.  cutchicum,13,no flower colour mentioned,UNKNOWN
2. H.  buddleioides,13,no flower colour mentioned,UNKNOWN
4. H.  perlanigenun,13,no flower colour mentioned,UNKNOWN
"1. Helichrysum  bracteatum  (Vent.) Andr., Bot. Repos.  Sub.t. 428. 1805.",13,no flower colour mentioned,UNKNOWN
"2. Helichrysum  buddleioides  DC.  in Wight,  Contrib.  Bot. Ind.  20.  1834;",13,no flower colour mentioned,UNKNOWN
"1881. H.  hookerianum  Wight  &  Am.  in  D C ,  Prodr.  6:  201.  1838.",13,no flower colour mentioned,UNKNOWN
3. Helichrysum  cutchicum  (C.B.  Clarke)  R.  Rao  et  Desh.  in  Bull.  Bot.,13,no flower colour mentioned,UNKNOWN
4. Helichrysum  perlanigerum  Gamble  in Kew  Bull.  1920:  341.  1920.,13,no flower colour mentioned,UNKNOWN
"1881. Herbs,  up  to  30  cm  high,  usually  branched;  stems  stout,  covered  with",13,no flower colour mentioned,UNKNOWN
4. Leontopodium  (Pers.)  R.  Brown,13,no flower colour mentioned,UNKNOWN
8. L.  stracheyi,13,no flower colour mentioned,UNKNOWN
3. L.  haastioides,13,no flower colour mentioned,UNKNOWN
6. L.  monocephalum,13,no flower colour mentioned,UNKNOWN
7. L.  uaimiii,13,no flower colour mentioned,UNKNOWN
4. L.  hiiualayaiiuru,13,no flower colour mentioned,UNKNOWN
5. L. jacotianum,13,no flower colour mentioned,UNKNOWN
1. L.  alpinum,13,no flower colour mentioned,UNKNOWN
"1900. L.  alpinum  auct.  non  Cass,  in  Diet.  Sc.  nat.  25:  474.  1822.,  p.p.;",13,no flower colour mentioned,UNKNOWN
3. Leontopodium  haastioides  (Hand.-Mazz.)  Hand.-Mazz.  in  Bull.  Bot.,13,no flower colour mentioned,UNKNOWN
"4. Leontopodium  himalayanum  D C ,  Prodr.  6.  276.  1838.  L.  alpinum",13,no flower colour mentioned,UNKNOWN
5. Leontopodium  jacotianum  P.  Beauv.  in  Bull.  Soc.  Bot.  Geneve.  Ser.,13,no flower colour mentioned,UNKNOWN
"1846. L.  alpinum  auct.  non Cass,  in Diet.  Sc. nat.  25. 474.  1822, p.p.  L.  evax",13,no flower colour mentioned,UNKNOWN
7. Leontopodium  nanum  (Hook.f.  &  Thomson  ex  C.B.  Clarke)  Hand.-,13,no flower colour mentioned,UNKNOWN
8. Leontopodium  stracheyi  (Hook.f.)  C.B.  Clarke  ex Hemsley  in J.  Linn.,13,no flower colour mentioned,UNKNOWN
5. Phagnalon  Cass.,13,no flower colour mentioned,UNKNOWN
2. P.  darvazicum,13,no flower colour mentioned,UNKNOWN
"1. Phagnalon  acuminatum  Boiss.,  Fl.  Or.  3: 222.  1875.",13,no flower colour mentioned,UNKNOWN
"2. Phagnalon  darvazicum  Krasch.,  Trudy  Bot.  Int.  Akad.  Nauk,  URSS",13,corolla apex pale yellow or violet,YELLOW
"3. Phagnalon  niveum  Edgew.  in Trans. Linn.  Soc. 20: 68.  1846; Hook.f.,",13,"corolla pale yellow, slightly pinkish at mouth",YELLOW
6. Pluchea,13,no flower colour mentioned,UNKNOWN
5. Naiiothamnus,13,no flower colour mentioned,UNKNOWN
3. Epaltes,13,no flower colour mentioned,UNKNOWN
4. Laggera,13,no flower colour mentioned,UNKNOWN
1. Blumea  DC.,13,flowers yellow or pinkish or purple,YELLOW
28. B.  veukataraiuaoii,13,no flower colour mentioned,UNKNOWN
17. B.  lualculuiii,13,no flower colour mentioned,UNKNOWN
11. B.  hieracifolia,13,no flower colour mentioned,UNKNOWN
18. B.  uiartiniaiia,13,no flower colour mentioned,UNKNOWN
8. B.  densiflora,13,no flower colour mentioned,UNKNOWN
16. B.  lanctolaria,13,no flower colour mentioned,UNKNOWN
7. B.  clarkei,13,no flower colour mentioned,UNKNOWN
27. B.  sikkimtnsis,13,no flower colour mentioned,UNKNOWN
1. B.  aroniatica,13,no flower colour mentioned,UNKNOWN
13. B. jiinghnhniiina,13,no flower colour mentioned,UNKNOWN
2. B.  balsamifera,13,no flower colour mentioned,UNKNOWN
22. B.  obliqua,13,no flower colour mentioned,UNKNOWN
10. B.  fistulosa,13,no flower colour mentioned,UNKNOWN
4. B.  belangeriaua,13,no flower colour mentioned,UNKNOWN
23. B.  oxyodonta,13,heads purple,PURPLE/BLUE
15. B.  lacimuta,13,no flower colour mentioned,UNKNOWN
"1. Blumea  aromatica  D C ,  Prodr.  5:  446.  1836; Hook.f.,  Fl.  Brit.  India",13,corolla of bisexual florets yellow,YELLOW
"2. Blumea  balsamifera  (L.) D C ,  Prodr.  5: 447.  1836; Hook.f.,  Fl.  Brit.",13,corolla of bisexual florets yellow,YELLOW
"3. Blumea  barbata DC.  in Wight,  Contrib.  Bot.  Ind.  14.  1834; Hook.f.,",13,corollas of bi-sexual florets yellow,YELLOW
"4. Blumea belangeriana D C ,  Prodr. 5: 555. 1836; Hook.f., Fl. Brit. India",13,corolla of bisexual florets yellow,YELLOW
"5. Blumea  bifoliata  (L.)  DC.  in  Wight,  Contrib.  Bot.  Ind.  14.  1834.",13,no flower colour mentioned,UNKNOWN
"6. Blumea  bovei  (DC.)  Vatke  in  Linnaea  39:  485.  1875;  Raghavan,",13,corollas of bisexual florets yellow,YELLOW
"7. Blumea  clarkei  Hook.f.,  Fl.  Brit.  Ind.  3:  267.  1881. B,  malabarica",13,"corolla yellow, pappus pure white",WHITE
"8. Blumea  densiflora  D C ,  Prodr.  5:  446.  1836; Hook.f.,  Fl.  Brit.  India",13,flowers yellow,YELLOW
"9. Blumea  eriantha  DC.  in Wight,  Contrib.  Bot.  Ind.  15.  1834; Hook.f.,",13,corollas of central florets yellow,YELLOW
"1877. Conyza fistulosa  Roxb.,  Fl.  Ind.  3:  429.  1832.  B.  glomerata  DC.  in",13,corolla of bisexual florets yellow,YELLOW
"11. Blumea  hieracif'olia  (D.  Don)  DC.  in  Wight,  Contrib.  Bot.  Ind.  15.",13,no flower colour mentioned,UNKNOWN
"1825. B.  seriauu  Hook.f.,  Fl.  Ind.  3:  263.  1881. Brit.  India  3: 262.  1881.",13,no flower colour mentioned,UNKNOWN
"1881. B. flexuosa  var.  peninsularis  Hook.f.,  Fl.  Brit.  India  3: 267.  1881.",13,no flower colour mentioned,UNKNOWN
"1881. Herbs,  erect,  stout;  stems green,  herbaceous,  puberulous.  Leaves  oblong-",13,no flower colour mentioned,UNKNOWN
"13. Blumea junghuhniana  (Miq.)  Boerl.,  Hand.  Fl.  Med.  Ind.  2(1): 239.",13,corolla of bisexual florets yellow,YELLOW
"14. Blumea  lacera  (Burm.f.)  DC.  in Wight,  Contrib.  Bot.  Ind.  14.  1834;",13,corolla of bisexual florets yellow,YELLOW
"15. Blumea  laciniata  (Roxb.)  D C ,  Prodr.  5:  436.  1836.  Hook.f.  in  Fl.",13,flowers yellow,YELLOW
"16. Blumea  lanceolaria  (Roxb.)  Druce,  Rep.  Bot.  Exch.  Club  Brit.  Isles",13,no flower colour mentioned,UNKNOWN
"17. Blumea malcolmii  (C.B. Clarke) Hook.f., Fl. Brit. India 3: 266. 1881.",13,corolla of bisexual florets reddish yellow,YELLOW
19. Blumea  megacephala  (Randeria)  Chang  et Tseng  in Acta  Phyto.  Sin.,13,corolla of bisexual florets yellow,YELLOW
"20. Blumea  membranacea  D C ,  Prodr.  5:  440.  1836; Hook.f.,  Fl.  Brit.",13,corolla of bisexual florets yellow,YELLOW
21. Blumea  mollis  (D.Don)  Merr.  in  Philip.  J.  Sci.  (Bot.)  5:  395.  1910.,13,"flowers purple or lilac, sometime white at base",WHITE
"1916. Erigeron  obliquum  L.,  Mant.  PI. 2: 573.  1771. Blumea  amplectens  DC.",13,corolla of bisexual florets yellow,YELLOW
"23. Blumea  oxyodonta  DC.  in  Wight,  Contrib.  Bot.  Ind.  15.  1834;",13,corollas of central florets yellow,YELLOW
"24. Blumea  procera  D C ,  Prodr.  5:  445.  1836; Hook.f.,  Fl.  Brit.  India.",13,flowers yellow,YELLOW
"25. Blumea  riparia  (Blume)  D C ,  Prodr.  5:  444.  1836.  Conyza  riparia",13,corolla yellow,YELLOW
"26. Blumea  sessiliflora  Decne.,  Nouv.  Ann.  Mus.  Par.  3:  140.  1834;",13,corolla of bisexual florets yellow,YELLOW
27. Blumea  sikkimensis  Hook.f.  Fl.  Brit.  India  3:  268.  1881.,13,corolla of bisexual florets yellow,YELLOW
28. Blumea  venkataramanii  R. Rao et Hemadri  in Curr.  Sci. 42(19): 693-,13,outer florets yellow,YELLOW
"29. Blumea  virens  DC.  in Wight,  Contrib.  Bot.  Ind.  14.  1834;  Hook.f.,",13,corolla of bisexual florets yellow,YELLOW
2. Blumeopsis  Gagnep.,13,flowers golden yellow,YELLOW
"1920. Blumea  flava  D C ,  Prodr.  6 : 439.  1836. Laggera  flava  (DC.)  Benth.  in",13,flowers golden yellow,YELLOW
3. Epaltes  Cass.,13,no flower colour mentioned,UNKNOWN
2. E.  pygmaea,13,no flower colour mentioned,UNKNOWN
"1. Epaltes  divaricata  (L.)  Cass.,  Bull.  Sci.  Soc.  Philom.  Paris  1818:",13,flowers pink or purple,PINK
"2. Epaltes  pygmaea  D C ,  Prodr.  5: 461. 1836; Hook.f.,  Fl. Brit.  India 3:",13,heads violet,PURPLE/BLUE
4. Laggera  Sch.-Bip.  ex  Koch,13,no flower colour mentioned,UNKNOWN
2. L.  aurita,13,no flower colour mentioned,UNKNOWN
"1873. Erigeron  alatum D. Don, Prodr. Fl. Nepal.  171. 1825. Blumea  alaia (D.",13,corolla purplish,PURPLE/BLUE
"1881. Herbs, perennial,  erect,  aromatic;  stems up to 90 cm,  not winged;  branches",13,florets pink,PINK
3. Laggera  crispata  (Vahl)  Hepper  & Wood  in  Kew  Bull.  38:  83.  1983.,13,corolla bluish-purple,PURPLE/BLUE
5. Nanothamnus  Thomson,13,no flower colour mentioned,UNKNOWN
6. Pluchea  Cass.,13,"heads white, yellow or purple",WHITE
"23. ROBINSON,  J.  &  J.  CUATRECASAS  (1973).  The  generic  limits  of  Pluchea  and  Tessaria",13,no flower colour mentioned,UNKNOWN
1. P.  arguta,13,no flower colour mentioned,UNKNOWN
4. P.  linearifolia,13,no flower colour mentioned,UNKNOWN
"1. Pluchea  arguta  Boiss.,  Diagn.  ser.  2.  3:  5.  1856;  Hook.f.,  Fl.  Brit.",13,no flower colour mentioned,UNKNOWN
"2. Pluchea  indica  (L.)  Less,  in  Linnaea  6:  150.  1831; Hook.f.,  Fl.  Brit.",13,no flower colour mentioned,UNKNOWN
"3. Pluchea  lanceolata  (DC.)  C.B.  Clarke,  Comp.  Ind.  94.  1876.",13,flowers pink,PINK
"4. Pluchea  linearifolia  C.B.  Clarke,  Comp.  Ind.  95.  1876; Hook.f.,  Fl.",13,no flower colour mentioned,UNKNOWN
"5. Pluchea  tomentosaDC.  in Wight,  Contrib. Bot. Ind.  16. 1834; Hook.f.,",13,no flower colour mentioned,UNKNOWN
"6. Pluchea  wallichianaDC,  Prodr.  5: 451. 1836; Hook.f.,  Fl.  Brit.  India",13,florets white with pinkish tips,WHITE
7. Pterocaulon  Elliot,13,heads yellow,YELLOW
8. Sphacranthus  L.,13,no flower colour mentioned,UNKNOWN
2. S.  aniaranthoides,13,"flowers white, purple or violet",WHITE
1. S.  africanus,13,no flower colour mentioned,UNKNOWN
4. S.  senegalensis,13,no flower colour mentioned,UNKNOWN
"1. Sphaeranthus  africanus  L.,  Sp.  PI.  ed.  2,  1314.  1763;  Hook.f.,  Fl.",13,heads purple or white,WHITE
"2. Sphaeranthus  amaranthoides Burm.f., Fl. Ind.  186. 1768; Hook.f., Fl.",13,no flower colour mentioned,UNKNOWN
"3. Sphaeranthus  indicus  L.,  Sp.  PI.  927.  1753; Hook.f.,  Fl.  Brit.  India",13,flowers pink to purple,PINK
"4. Sphaeranthus  senegalensis  D C ,  Prodr.  5:  370.  1836. S.  indicus  auct.",13,flowers purple or violet,PURPLE/BLUE
1. Ainsliaea,13,no flower colour mentioned,UNKNOWN
8. Piloselloides,13,no flower colour mentioned,UNKNOWN
6. Leibnitzia,13,no flower colour mentioned,UNKNOWN
9. Uechtritzia,13,no flower colour mentioned,UNKNOWN
2. Catamixis,13,no flower colour mentioned,UNKNOWN
5. Ilochstetteria,13,no flower colour mentioned,UNKNOWN
1. Ainsliaea  DC.,13,no flower colour mentioned,UNKNOWN
3. A.  latifulia,13,no flower colour mentioned,UNKNOWN
1. A.  augustifolia,13,no flower colour mentioned,UNKNOWN
1. Ainsliaea  angustifolia  Hook.f.  & Thomson  ex  C.B.  Clarke  in J.  Linn.,13,no flower colour mentioned,UNKNOWN
"2. Ainsliaea  aptera  D C ,  Prodr.  7:  15.  1838; Hook.f.,  Fl.  Brit.  India.  3:",13,flowers dull white,WHITE
"3. Ainsliaea  latifolia  (D.  Don)  Sch.-Bip.  in  Pollichia  18,  19:  190.  1861.",13,corolla white or bluish white,WHITE
2. Catamixis  Thomson,13,flowers white or pale yellow,WHITE
4. Gerbera  Cass.  nom.  cons.,13,no flower colour mentioned,UNKNOWN
2. G.  maxima,13,no flower colour mentioned,UNKNOWN
"1. Gerbera  gossypina  (Royle)  P.  Beauv.  in Bull.  Soc. Bot.  Geneve  ser.  2,",13,"flowers white, pink or white tinged pink",WHITE
"2. Gerbera  maxima  (D. Don) P.  Beauv.  in Bull. Soc. Bot.  Geneve  ser.  2,",13,outer florets whitish or creamy tinged pinkish,WHITE
"3. Gerbera  nivea (DC.)  Sch.-Bip.  in Flora (Regensb.)  27: 780.  1844, non",13,"ray florets variable in colour, yellow, cream, rose lilac, pink, white or white rose above and purplish below",WHITE
6. Leibnitzia  Cass.,13,no flower colour mentioned,UNKNOWN
1. Leibnitzia  nepalensis  (Kunze)  Kitam.  in  J.  Jap.  Bot.  14:  297.  1938.,13,"flowers white above, pinkish below or reddish or white tipped reddish",WHITE
2. Leibnit/ia  ruficoma  (Franch.)  Kitam.  in  J.  Jap.  Bot.  14:  297.  1938.,13,no flower colour mentioned,UNKNOWN
7. Leucomeris  D.  Don,13,flowers white,WHITE
2. L.  spectabilis,13,no flower colour mentioned,UNKNOWN
1. Leucomeris  decora  Kurz  in  J.  Asiat.  Soc.  Beng.  41(2):  317.  1872.,13,flowers white,WHITE
"2. Leucomeris  spectabilis  D.  Don,  Prodr.  Fl.  Nepal.  179.  1825; Hook.f.,",13,flowers pale yellow,YELLOW
8. Piloselloides  (Less.)  C.  Jeffrey,13,"ray florets uniseriate, purplish outside and white tinged purple inside",WHITE
9. Uechtritzia  Freyn.,13,ray florets pale pink,PINK
2. Pseudojacobineae,13,no flower colour mentioned,UNKNOWN
1. Eusenecioneae,13,"flowers yellow, pink, white or brick red",WHITE
5. Emilia,13,no flower colour mentioned,UNKNOWN
1. Cacalia,13,"capitula pink or brick red, yellow",YELLOW
6. Erechtites,13,no flower colour mentioned,UNKNOWN
3. Dorouicum,13,no flower colour mentioned,UNKNOWN
1. Cacalia  L.,13,"flowers white, pink",WHITE
5. C.  peutaloba,13,no flower colour mentioned,UNKNOWN
1. Cacalia  chenopodifolia  (DC.) Kitam.  ex H.  Koyama  in Mem.  Fac.  Sci.,13,no flower colour mentioned,UNKNOWN
"2. Cacalia  chola  (W.W.  Smith)  R.  Mathur  in  R.R.  Rao  et  al,  Fl.  Ind.",13,no flower colour mentioned,UNKNOWN
"3. Cacalia  levingii  (C.B.  Clarke)  R.  Mathur  in R.R.  Rao  et  al.,  Fl.,  Ind.",13,no flower colour mentioned,UNKNOWN
4. Cacalia mortonii (C.B. Clarke) Kitam.  ex H. Koyama  in Mem.  Fac.Sci.,13,flowers yellow,YELLOW
5. Cacalia  pentaloba  Hand.-Mazz.  in  Acta  Hort.  Gotob.  12: 298.  1938.,13,no flower colour mentioned,UNKNOWN
1973. S.  duthiei  M.A.  Rau  in  High'Alt.  Fl.  PI.  135.  1975.,13,no flower colour mentioned,UNKNOWN
2. Cissampeiopsis  (DC.)  Miq.,13,"disc florets white, pinkish or yellow",WHITE
4. C.  corifolia,13,ray florets yellow or pink,YELLOW
5. C.  coryinbosa,13,no flower colour mentioned,UNKNOWN
2. C.  buiiualia,13,no flower colour mentioned,UNKNOWN
1. Cissampelopsis  ansteadi  (Tad.  &  Jacob)  C.  Jeffrey  &  Y.L.  Chen  in,13,no flower colour mentioned,UNKNOWN
2. Cissampelopsis  buimalia  (Buch.-Ham.  ex  D.  Don)  C.  Jeffrey  &  Y.L.,13,flowers yellow,YELLOW
3. Cissampelopsis  calcadensis  (Ramasw.)  C. Jeffrey  & Y.L.  Chen  in Kew,13,flowers pink,PINK
4. Cissampelopsis  corilolia  C.  Jeffrey  & Y.L.  Chen  in  Kew  Bull.  39(2):,13,"disc florets yellow, cream or pinkish-white",WHITE
5. Cissampelopsis  corymbosa  (Wallich  ex  DC.)  C.  Jeffrey  &  Y.L.  Chen,13,flowers white,WHITE
"6. Cissampelopsis  volubilis  (Blume)  Miq.,  Fl.  Ind.  Bat.  2:  103.  1856.",13,no flower colour mentioned,UNKNOWN
7. Cissampelopsis  walked  (Am.)  C.  Jeffrey  &  Y.L.  Chen  in  Kew  Bull.,13,no flower colour mentioned,UNKNOWN
3. Crassocephalum  Moench.,13,disc florets pink to brick red or dark orange,PINK
2. D.  purdaliancb.es,13,no flower colour mentioned,UNKNOWN
"1881. Herbs, stout, erect 30-45 cm high, puberulous; stems simple, erect,  reddish-",13,flowers yellow,YELLOW
"2. Doronicum  pardalianches  L.,  Sp.  PI.  885.  1753.",13,no flower colour mentioned,UNKNOWN
"3. Doronicum  roylei  D C ,  Prodr.  6:  321.  1838; Hook.f.,  Fl.  Brit.  India",13,flowers yellow,YELLOW
5. Emilia  Cass.,13,"capitula blue, purple, pink or scarlet red",PINK
1. Emilia  alstonii  Fosberg  in  Ceylon.  J.  Sci.  (Bio.  Sci.)  10: 66.  1972.,13,flowers bright purple,PURPLE/BLUE
2. Emilia  exserta  Fosb'erg  in  Ceylon  J.  Sci.  (Bio.  Sci.)  10:  65.  1972.,13,flowers pinkish lavender,PINK
3. Emilia javanica  (Burm.f.)  C. Robinson in Philipp. J.  Sci. 3: 217.  1908.,13,capitula reddish magenta,RED
"4. Emilia  prenanthoides  D C ,  Prodr.  6:  303.  1838;  Hook.f.,  Fl.  Brit.",13,no flower colour mentioned,UNKNOWN
5. Emilia  ramulosa  Gamble  in  Kew  Bull.  1921:  120.  1921.,13,no flower colour mentioned,UNKNOWN
"6. Emilia  scabra  D C ,  Prodr.  6:  303.  1838. E.  sonchifolia  (L.)  DC.  var.",13,flowers pink-purple,PINK
"7. Emilia  sonchif'olia  (L.)  DC.  in  Wight,  Contrib.  Bot.  Ind.  24.  1834.",13,no flower colour mentioned,UNKNOWN
1881. Bengal.:  Sadhimodi;  Hindi:  Hirankhuri;  Mai.:  Muhhevi.,13,flowers purple,PURPLE/BLUE
"8. Emilia zeylanica  C.B. Clarke,  Comp. Ind.  175. 1876; Hook.f., Fl. Brit.",13,no flower colour mentioned,UNKNOWN
6. Erechtites  Rafin.,13,flowers yellow to pink or mauve,YELLOW
1. E.  hieracifolia,13,no flower colour mentioned,UNKNOWN
"1. Erechtites  hieracifolia  (L.) Rafin ex D C ,  Prodr. 6: 294.  1838. Senecio",13,no flower colour mentioned,UNKNOWN
"2. Erechtites  valerianaefblia  (Wolf)  D C ,  Prodr.  6:  295.  1838.  Senecio",13,flowers pink or mauve,PINK
7. Gynura  Cass.,13,capitula yellow to purple,YELLOW
7. G.  pseudockina,13,no flower colour mentioned,UNKNOWN
6. G.  procumbens,13,no flower colour mentioned,UNKNOWN
2. G.  bicolor,13,no flower colour mentioned,UNKNOWN
5. G.  uitida,13,no flower colour mentioned,UNKNOWN
1. G.  aurantiaca,13,no flower colour mentioned,UNKNOWN
"1. Gynura  aurantiaca  (Blume)  D C ,  Prodr.  6:  300.  1838.  Cacalia",13,flowers yellow,YELLOW
"2. Gynura  bicolor  (Roxb.  ex  Willd.)  D C ,  Prodr.  6:  299.  1838.  Cacalia",13,"disc florets yellow, lobes purple tinged",YELLOW
"3. Gynura  lycopersicifolia  D C ,  Prodr.  6:  300.  1838; Hook.f.,  Fl.  Brit.  .",13,flowers orange,OTHER
"4. Gynura  nepalensis  D C ,  Prodr.  6:  300.  1838; Hook.f.,  Fl.  Brit.  India",13,flowers yellow,YELLOW
"5. Gynura  nitidaDC.  in Wight,  Contrib.  Bot. Ind.  24.  1834; Hook.f.,  Fl.",13,capitula orange-red,RED
"7. Gynura pseudochina  (L.) D C ,  Prodr.  6: 299.  1838; Hook.f.,  Fl.  Brit.",13,flowers yellow tinged,YELLOW
8. Gynura travancorica  W.W.  Smith in Rec. Bot. Surv. Ind. 6: 29.  1914.,13,no flower colour mentioned,UNKNOWN
8. Kleinia  Miller,13,flowers cream to deep yellow,YELLOW
1. K.  balsainica,13,no flower colour mentioned,UNKNOWN
4. K.  walkeri,13,no flower colour mentioned,UNKNOWN
2. K.  graiidiflora,13,flowers deep yellow,YELLOW
"1987. Notonia  balsamica  Dalz.  & Gibs., Bombay  Fl.  133.  1861; Hook.f.,  Fl.",13,no flower colour mentioned,UNKNOWN
"2. Kleinia  grandiflora  (Wallich  ex  DC.)  N.  Rani  in Matthew,  Fl.  Tamil",13,flowers greenish white,WHITE
"3. Kleinia  shevaroyensis  (Fyson)  Uniyal  in  R.R.  Rao  et  al.,  Fl.  Ind.",13,corolla lobes yellow,YELLOW
"4. Kleinia  vvalkeri  (Wight)  Uniyal  in  R.R.  Rao  et  al,  Fl.  Ind.  Enum.",13,flowers white or creamy,WHITE
9. Ligularia  Cass.,13,flowers bright yellow,YELLOW
9. L.  thomsoiii,13,no flower colour mentioned,UNKNOWN
7. L.  kingiana,13,no flower colour mentioned,UNKNOWN
8. L.  pacbycarpa,13,no flower colour mentioned,UNKNOWN
2. L.  dux,13,no flower colour mentioned,UNKNOWN
"1. Ligularia  amplexicaulis  D C ,  Prodr.  6: 314.  1838. L.  corymbosa  D C ,",13,no flower colour mentioned,UNKNOWN
"2. Ligularia  dux  (C.B.  Clarke)  R.  Mathur  in  R.R.  Rao  el  al,  Fl.  Ind.",13,no flower colour mentioned,UNKNOWN
"1889. Herbs, perennial,  robust, 0.6-1.2  m tall; stems dark brown, stout,  grooved,",13,no flower colour mentioned,UNKNOWN
3. Ligularia  fischeri  (Ledeb.)  Turcz.  in Bull. S. Nat.  Mosco 20:  11. 1847.,13,flowers yellow,YELLOW
4. Ligularia  hookeri  (C.B.  Clarke)  Hand.-Mazz.  in Engl.  Bot. Jahrb.  69:,13,ray florets yellow or orange,YELLOW
"5. Ligularia  jacquemontiana  (Decne.)  M.A.  Rau,  High  Alt.  Fl.  Plants",13,no flower colour mentioned,UNKNOWN
"1881. Shrubs,  perennial,  robust,  glabrous,  0.9-1.5  m tall;  stems  reddish  brown,",13,flowers bright yellow,YELLOW
"6. Ligularia  japonica  (Thunb.)  Less.,  Syn.  Comp.  390.  1832.  Arnica",13,no flower colour mentioned,UNKNOWN
"7. Ligularia  kingiana  (W.W.  smith) R. Mathur in R.R.  Rao et al.,  Fl. Ind.",13,no flower colour mentioned,UNKNOWN
"8. Ligularia  pachycarpa  (C.B.  Clarke,  ex Hook.f.)  Kitam.  in Hara et  al.,",13,no flower colour mentioned,UNKNOWN
9. Ligularia  thomsoni  (C.B.  Clarke)  Pojark  in  Spisok.  Rast.  Herb.  Fl.,13,flowers yellow,YELLOW
"10. Ligularia  virgaaurea  (Maxim.)  Matt,  ex Rheder & Kobuski in J.  Arn.",13,flowers yellow,YELLOW
10. Nannoglottis  Maxim.,13,no flower colour mentioned,UNKNOWN
11. Senecio  L.,13,"ray florets yellow to orange, disc florets yellow",YELLOW
40. S.  vulgaris,13,no flower colour mentioned,UNKNOWN
18. S.  kumaonensis,13,no flower colour mentioned,UNKNOWN
6. S.  candolleanus,13,no flower colour mentioned,UNKNOWN
21. S.  laetus,13,no flower colour mentioned,UNKNOWN
1. S.  albopurpureus,13,no flower colour mentioned,UNKNOWN
37. S.  tibeticus,13,no flower colour mentioned,UNKNOWN
30. S.  nudicaulis,13,no flower colour mentioned,UNKNOWN
31. S.  obtusatus,13,no flower colour mentioned,UNKNOWN
29. S.  neelgherryanus,13,no flower colour mentioned,UNKNOWN
27. S.  mishmi,13,no flower colour mentioned,UNKNOWN
43. S.  zeylanicus,13,no flower colour mentioned,UNKNOWN
24. S.  linifolius,13,no flower colour mentioned,UNKNOWN
23. S.  lessingianus,13,no flower colour mentioned,UNKNOWN
17. S.  krascheninnikovii,13,no flower colour mentioned,UNKNOWN
8. S.  desfontainei,13,no flower colour mentioned,UNKNOWN
35. S.  tenuifolius,13,no flower colour mentioned,UNKNOWN
36. S.  tetrandrus,13,no flower colour mentioned,UNKNOWN
15. S.  hohenackeri,13,no flower colour mentioned,UNKNOWN
14. S.  bewrensis,13,no flower colour mentioned,UNKNOWN
39. S.  vestitus,13,no flower colour mentioned,UNKNOWN
34. S.  rhabdos,13,no flower colour mentioned,UNKNOWN
35. S.  royleanus,13,no flower colour mentioned,UNKNOWN
25. S.  ludens,13,no flower colour mentioned,UNKNOWN
7. S.  dulzellii,13,no flower colour mentioned,UNKNOWN
26. S.  mayurii,13,no flower colour mentioned,UNKNOWN
10. S.  edgewortbii,13,no flower colour mentioned,UNKNOWN
2. S.  belgaumensis,13,no flower colour mentioned,UNKNOWN
41. S.  wigktianus,13,no flower colour mentioned,UNKNOWN
5. S.  candicans,13,no flower colour mentioned,UNKNOWN
1. Senecio  albopurpureus  Kitam.  in F.  & Fl.  Nepal  Himalaya  271. 1955.,13,flowers yellow,YELLOW
"2. Senecio  belgauinensis  (Wight)  C.B.  Clarke,  Comp.  Ind.  200.  1876.",13,"ray florets yellow, disc florets yellow",YELLOW
3. Senecio  biligulatus W.W.  Smith in J.  As.  Soc. Bengal  n.s. 7: 69. 1911.,13,"ray yellow, disc yellow",YELLOW
1970. Doronicum  reticulatum  Wight  in  Cal.  J.  Nat.  Hist.  7:  156.  1847.,13,flowers yellow,YELLOW
"5. Senecio  cantlicans DC.  in wight,  Contrib.  Bot. Ind.  22.  1834; Hook.f.,",13,flowers yellow,YELLOW
"6. Senecio  candolleanus  Wallich  ex  D C ,  Prodr.  6.  364.  1838; Hook.f.,",13,flowers yellow,YELLOW
"7. Senecio dalzellii  C.B.  Clarke,  Comp. Ind. 201. 1876; Hook.f., Fl. Brit.",13,no flower colour mentioned,UNKNOWN
"8. Senecio  desfontainei  Druce,  Brit.  PI.  List,  ed.  2:  61.  1928.  S.",13,no flower colour mentioned,UNKNOWN
"1881. Herbs, annual;  suberect  or decumbent,  10-40 cm high; stems slender,  much",13,no flower colour mentioned,UNKNOWN
"1984. S.  dubius  Ledeb.,  Fl.  Alt.  4:  112 (July  - Dec.)  1833; Hook.f.,  Fl.  Brit.",13,no flower colour mentioned,UNKNOWN
"10. Senecio  edgeworthii  Hook.f.,  Fl.  Brit.  India  3:  346.  1881.  S.",13,no flower colour mentioned,UNKNOWN
"11. Senecio  gibsoni  Hook.f.,  Fl.  Brit.  India  3:  347.  1881.",13,no flower colour mentioned,UNKNOWN
"12. Senecio  graciliflorus  D C ,  Prodr.  6:  365.  1838;  Hook.f.,  Fl.  Brit.",13,no flower colour mentioned,UNKNOWN
"13. Senecio  grif'fithii  Hook.f.  &  Thomson  ex  C.B.  Clarke,  Comp.  Ind.",13,no flower colour mentioned,UNKNOWN
"14. Senecio  hewrensis  Hook.f.,  Ft  Brit.  India  3:  346.  1881.",13,no flower colour mentioned,UNKNOWN
"15. Senecio  hohenackeri  Hook.f.,  Fl.  Brit.  India  3:  345.  1881.  S.",13,no flower colour mentioned,UNKNOWN
"16. Senecio  intennedius  Wight,",13,no flower colour mentioned,UNKNOWN
"1970. Herbs,  annual,  erect,  dwarf, 5-25  cm high;  stems much branched  from  the",13,flowers white,WHITE
1990. S.  peduneulatus  Edgew.  Var.  alba  Ghosh  &  Bhattacharyya  in J.  Econ.,13,no flower colour mentioned,UNKNOWN
18. Senecio  kumaonensis  Duthie ex C. Jeffrey  & Y.L.  Chen in Kew Bull.,13,no flower colour mentioned,UNKNOWN
"19. Senecio  kundaicus  C.  Fischer,  in  Kew Bull.  1940: 45-46.  1940.",13,no flower colour mentioned,UNKNOWN
"20. S.  ladakhensis  Chowdhery,  Uniyal  et  R.  Mathur  in  Ind.  J.  Forestry",13,flowers yellow,YELLOW
21. Senecio  laetus  Edgew.  in  Trans.  Linn.  Soc.  Bot.  20:  74.  1846.  S.,13,no flower colour mentioned,UNKNOWN
"1881. S.  sisymbriiformis  D C ,  Prodr.  6:  366.  1838.  S.  spectabilis  Wallich  ex",13,no flower colour mentioned,UNKNOWN
22. Senecio  lawsoni  Gamble  in  Kew  Bull.  1920:  342.  1920.,13,no flower colour mentioned,UNKNOWN
"23. Senecio  lessingianus C.B. Clarke,  Comp. Ind.  198. 1876; Hook.f., Fl.",13,no flower colour mentioned,UNKNOWN
"24. Senecio  linifolius  C.B.  Clarke,  Comp.  Ind.  202.  1876;  Hook.f.,  Fl.",13,no flower colour mentioned,UNKNOWN
"25. Senecio  ludens  C.B.  Clarke,  Comp.  Ind.  199.  1876; Hook.f.,  Fl. Brit.",13,no flower colour mentioned,UNKNOWN
26. Senecio  mayurii  C.  Fischer  in  Kew  Bull.  1939:  250.  1939.  Fig.  84.,13,no flower colour mentioned,UNKNOWN
"27. Senecio mishmi C.B. Clarke,  Comp. Ind. 203. 1876; Hook.f., Fl. Brit.",13,no flower colour mentioned,UNKNOWN
28. Senecio  multiceps  Balakr.  in J. Bombay  Nat. Hist.  Soc. 67: 57.  1970.,13,no flower colour mentioned,UNKNOWN
"29. Senecio  neelgherryanus  DC.  in Wight,  Contrib.  Bot.  Ind.  23.  1834;",13,no flower colour mentioned,UNKNOWN
"30. Senecio  nudicaulis  Buch-Ham.  ex  D.  Don,  Prodr.  Fl.  Nepal.  178.",13,no flower colour mentioned,UNKNOWN
"31. Senecio  obtusatus  Wallich  ex D C ,  Prodr.  6:  367.  1838; Hook.f.,  Fl.",13,no flower colour mentioned,UNKNOWN
"32. Senecio  ramosus  Wallich  ex  D C ,  Prodr.  6:  365.  1838; Hook.f.,  Fl.",13,no flower colour mentioned,UNKNOWN
"33. Senecio  raphanifolius  Wallich  ex  D C ,  Prodr.  6:  366.  1838.  Senecio",13,no flower colour mentioned,UNKNOWN
34. Senecio  rhabdos  C.B.  Clarke  in J.  Linn.  soc.  25:  40.t.  19.  1889.,13,no flower colour mentioned,UNKNOWN
"35. Senecio  royleanus  D C ,  Prodr.  6: 367.  1838. 5. gracilijlorus  DC.  var.",13,no flower colour mentioned,UNKNOWN
"1881. Herbs, perennial; stems erect, flexuous, yellowish pubescent  inyoungparts.",13,no flower colour mentioned,UNKNOWN
"36. Senecio  tenuif'olius  Burm.f.,  Fl. Ind. t. 60.f.4.  1768; Hook.f., Fl. Brit.",13,disc florets white,WHITE
"37. Senecio  tetrandrus  Buch.-Ham.  ex D C ,  Prodr. 6: 365. 1838; Hook.f.,",13,no flower colour mentioned,UNKNOWN
"38. Senecio  tibeticus  Hook.f.,  Fl.  Brit.  India  3:  340.  1881.",13,no flower colour mentioned,UNKNOWN
"39. Senecio  vestitus  Berg.,  Descrip.  PI.  Cap.  282.  1767.",13,no flower colour mentioned,UNKNOWN
"40. Senecio  vulgaris  L.,  Sp. PI.  867.  1753; Gamble,  Fl.  Pres.  Madras  2:",13,no flower colour mentioned,UNKNOWN
"41. Senecio  wightianus  DC.  ex  Wight,  Contrib.  Bot.  Ind.  22.  1834.  S.",13,flowers yellow,YELLOW
42. Senecio  wightii,13,no flower colour mentioned,UNKNOWN
"43. Senecio  zeylanicus  D C ,  Prodr.  6:  365.  1838; Hook.f.,  Fl.  Brit.  India",13,no flower colour mentioned,UNKNOWN
12. Synods  (C.B.  Clarke)  C.  Jeffrey  &  Y.L.  Chen,13,ray florets yellow,YELLOW
16. S.  tetrantha,13,no flower colour mentioned,UNKNOWN
15. S.  siuioiisii,13,no flower colour mentioned,UNKNOWN
12. S.  uagensium,13,no flower colour mentioned,UNKNOWN
14. S.  saliienensis,13,no flower colour mentioned,UNKNOWN
19. S.  wallichii,13,no flower colour mentioned,UNKNOWN
1. S.  acuminata,13,no flower colour mentioned,UNKNOWN
9. S. jowaiensis,13,no flower colour mentioned,UNKNOWN
4. S.  uuriculuta,13,no flower colour mentioned,UNKNOWN
18. S.  vagans,13,no flower colour mentioned,UNKNOWN
17. S.  triligulata,13,flowers deep yellow,YELLOW
11. S.  lushaensis,13,flowers yellow,YELLOW
5. S.  bhot,13,no flower colour mentioned,UNKNOWN
13. S.  rufinervis,13,no flower colour mentioned,UNKNOWN
1. Synotis  acuminata  (Wallich  ex  DC.)  C.  Jeffrey  &  Y.L.  chen  in  Kew,13,no flower colour mentioned,UNKNOWN
"1984. Herbs,  perennial,  rhizomatous  30-90  cm  high,  densely  brown  villous;",13,no flower colour mentioned,UNKNOWN
3. Synotis  alata  (Wallich  ex  DC.)  C.  Jeffrey  &  Y.L.  Chen  in  Kew  Bull.,13,no flower colour mentioned,UNKNOWN
4. Synotis  auriculata  C.  Jeffrey  &  Y.L.  Chen  in Kew  Bull.  39  (2):  330.,13,flowers yellow,YELLOW
5. Synotis bhot (C.B.  Clarke)  C. Jeffrey  &. Y.L.  Chen  in Kew Bull.  39(2):,13,no flower colour mentioned,UNKNOWN
1986. Senecio  borii  Raiz.  in  J.  Ind.  Bot.  Soc.  27:  206.  1948.,13,no flower colour mentioned,UNKNOWN
"1984. Herbs,  perennial,  erect,  rhizomatous;  rhizomes  short,  woody;  vegetative",13,flowers pale yellow,YELLOW
8. Synotis cappa  (Buch.-Ham.  ex  D. Don) C. Jeffrey  & Y.L.  Chen in Kew,13,no flower colour mentioned,UNKNOWN
9. Synotis jowaicnsis  (Balakr.)  R.  Mathur  in J. Econ.  & Taxon.  Bot. 8(2):,13,"flowers yellowish white, disc florets white",WHITE
10. Synotis  kunthiana  (Wallich  ex  DC.)  C.  Jeffrey  & Y.L.  Chen  in Kew,13,no flower colour mentioned,UNKNOWN
11. Synotis  lushaensis  (C.  Fischer)  C.  Jeffrey  & Y.L.  Chen  in Kew Bull.,13,no flower colour mentioned,UNKNOWN
"1929. Undershrubs.  Leaves elliptic-lanceolate,  acuminate,  serrate, 7-10x2-3  cm,",13,flowers deep yellow,YELLOW
12. Synotis  nagensium  (C.B.  Clarke)  C.  Jeffrey  &  Y.L.  Chen  in  Kew,13,no flower colour mentioned,UNKNOWN
13. Synotis  rufinervis  (DC.)  C.  Jeffrey  & Y.L.  Chen  in Kew Bull.  39(2):,13,no flower colour mentioned,UNKNOWN
14. Synotis  saluenensis  (Diels)  C.  Jeffrey  &  Y.L.  Chen  in  Kew  Bull.,13,no flower colour mentioned,UNKNOWN
15. Synods  simonsii  (C.B.  Clarke)  C.  Jeffrey  & Y.L.  Chen  in Kew  Bull.,13,no flower colour mentioned,UNKNOWN
16. Synotis  tetrantha  (DC.)  C.  Jeffrey  & Y.L.  Chen  in Kew Bull.  39(2):,13,flowers yellow,YELLOW
17. Synotis  trilijjulata  (Buch.-Ham.  ex  D.  Don)  C.  Jeffrey  &  Y.L.  Chen,13,flowers yellow,YELLOW
18. Synods vagans (Wallich  ex DC.)  C. Jeffrey  & Y.L.  chen in Kew Bull.,13,no flower colour mentioned,UNKNOWN
19. Synotis wallichii  (DC.)  C.  Jeffrey  &  Y.L.  Chen  in  Kew  Bull.  39(2):,13,ray florets yellow,YELLOW
"1881. Herbs, perennial,  erect,  rigid,  15-45 cm high; stems densely  leafy.  Leaves",13,"ray florets yellow, disc florets yellow",YELLOW
1. Cremanthodium,13,no flower colour mentioned,UNKNOWN
1. Cremanthodium  Benth.  emend  R.  Good,13,flowers yellow to pale pink,YELLOW
"301. LUDLOW,  F.  (1976).  Cremamhodium.  Reliquiae  Botanicae  Himalaica.  Bull.  Brit. Mus.  Nat.",13,no flower colour mentioned,UNKNOWN
5. C.  discoideum,13,no flower colour mentioned,UNKNOWN
10. C.  piiuiatifidum,13,no flower colour mentioned,UNKNOWN
2. C.  bhutiliiicum,13,no flower colour mentioned,UNKNOWN
9. C.  palmatum,13,no flower colour mentioned,UNKNOWN
14. C.  thomsoni,13,no flower colour mentioned,UNKNOWN
12. C.  reuiforme,13,no flower colour mentioned,UNKNOWN
3. C.  cremaiithodioides,13,no flower colour mentioned,UNKNOWN
1. C.  arnicoides,13,no flower colour mentioned,UNKNOWN
1. Cremanthodium  arnicoides  (Wallich)  R. Good in J. Linn. Soc. Bot. 48:,13,no flower colour mentioned,UNKNOWN
"1970. Herbs,  stout,  erect,  sparingly  hairy  or  white  tomentose,  ca  1  m  high.",13,flowers yellow,YELLOW
"4. Cremantliodium  decaisnei  C.B.  Clarke,  Comp.  Ind.  168.  1876;",13,flowers yellow,YELLOW
"5. Cremanthodium  discoideum  Maxim,  in  Bull.  Acad.  Sci.  St.  Petersb.",13,no flower colour mentioned,UNKNOWN
"1911. Herbs,  small,  dwarf;  stems  glabrous  below,  white  cottony  mixed  with  black",13,no flower colour mentioned,UNKNOWN
"6. Cremanthodium  ellisii  (Hook.f.)  Kitam.  in  Hara  et  at,  Enum.  Fl.  PI.",13,no flower colour mentioned,UNKNOWN
1881. C.  plantagineum,13,ray florets yellow,YELLOW
7. Cremanthodium  nanum  (Decne.)  W.W.  Smith  in  Notes  Roy.  Bot.,13,flowers yellow,YELLOW
"8. Cremanthodium  oblongatum  C.B.  Clarke,  Comp.  Ind.  16.  1876;",13,flowers yellow,YELLOW
"9. Cremanthodium  palmatum  Benth.  in  Hook.,  Ic.  PI.  17:  1142.  1873;",13,"flowers rose pink, disc florets rose purple",PINK
"10. Cremanthodiurn  pinnatifidum  Benth.  in  Hook.,  Ic.  PI.  17:  1142.",13,no flower colour mentioned,UNKNOWN
11. Cremanthodium  pseudo-oblongatum  R.  Good  in J.  Linn.  Soc.  Bot.,13,flowers yellow,YELLOW
12. Cremanthodium  reniforme  (DC.)  Benth.  in Hook.  Ic.  PI.  17: 1141.,13,flowers yellow,YELLOW
13. Cremanthodium  retusum  (DC.)  R.  Good  in  J.  Linn.  Soc.  Bot.  48:,13,no flower colour mentioned,UNKNOWN
1881. Ligularia  nigropilosa  Kitam.  in  Act.  Phyt.  Geobot.  15:  107.  1954.,13,ray florets orange yellow,YELLOW
14. Cremanthodium,13,flowers orange yellow,YELLOW
2. Petasites  Miller,13,capitula purple white or greenish yellow,WHITE
1. P.  albus,13,no flower colour mentioned,UNKNOWN
"1. Petasites  albus  (L.) Gaertn.,  Fruct.  et  Sem.  2: 406.  1791; Panigrahi  &",13,flowers white,WHITE
"1753. Herbs,  perennial,  rhizomatous;  rhizome  creeping,  thick,  fibrous;  stems",13,flowers white,WHITE
2. Petasites  kamengicus  Deb  in  Ind.  For.  93(4):  255.  1967.,13,flowers violet,PURPLE/BLUE
3. Petasites  trieholobus  Franch.  in  Nouv.  Arch.  Mus.  Hist.  Nat.  Paris.,13,no flower colour mentioned,UNKNOWN
3. Tussilago  L.,13,flowers yellow,YELLOW
"1881. Hindi:  Watpana,  Punjb.:  Watpan;  Urdu:  Fungiwun",13,"capitula purple, white, scarlet, red and blue",WHITE
1. Dyssodia,13,no flower colour mentioned,UNKNOWN
1. Dyssodia  Cav.,13,corolla yellow,YELLOW
2. Tagetes  L.,13,ray florets yellow,YELLOW
2. T.  minuta,13,no flower colour mentioned,UNKNOWN
"1. Tagetes  erecta  L.,  Sp.  PI.  887.  1753.",13,flowers orange yellow,YELLOW
"2. Tagetes  minuta  L.,  Sp.  PI.  887.  1753; Maheshwari  in J.  Bombay  Nat.",13,flowers yellow,YELLOW
"3. Tagetes  patulu  L.,  Sp.  PI.  887.  1753.",13,"ligules of marginal flowers yellow or orange coloured, with brownish red markings",YELLOW
7. Strucliiuin,13,no flower colour mentioned,UNKNOWN
4. Lainprachaenium,13,no flower colour mentioned,UNKNOWN
5. PhyUocephalum,13,no flower colour mentioned,UNKNOWN
8. Veruouia,13,no flower colour mentioned,UNKNOWN
1. Adenoon  Dalz.,13,no flower colour mentioned,UNKNOWN
2. Elephantopus  L.,13,no flower colour mentioned,UNKNOWN
3. Ethulia  L.,13,flowers yellow,YELLOW
4. Lamprachaenium  Benth.,13,no flower colour mentioned,UNKNOWN
5. Phyllocephalum  Blume,13,corolla reddish purple (infrequently white),WHITE
1. P. hookeri,13,no flower colour mentioned,UNKNOWN
6. P.  ritchiei,13,no flower colour mentioned,UNKNOWN
2. P. indicum,13,no flower colour mentioned,UNKNOWN
4. P.  phyllolaemim,13,no flower colour mentioned,UNKNOWN
9. P. tenue,13,no flower colour mentioned,UNKNOWN
7. P.  scabridum,13,no flower colour mentioned,UNKNOWN
1. Phyllocephalum  hookeri,13,corolla red,RED
2. Phyllocephalum  indicum  (Less.)  Kirkman  in  Rhodora  83:  12.  1981.,13,no flower colour mentioned,UNKNOWN
3. Phyllocephalum  mayurii,13,no flower colour mentioned,UNKNOWN
"1940. Herbs,  up  to  1  m  high;  stems  striate,  covered  with  purplish  black,",13,no flower colour mentioned,UNKNOWN
"1982. Decaneurum  phyllolaenum  D C ,  Prodr.  7:  264.  1839.  Centratherum",13,no flower colour mentioned,UNKNOWN
1982. Centratherum  rangacharii  Gamble  in  Kew  Bull.  1920:  339.  1920.,13,no flower colour mentioned,UNKNOWN
"1982. Centratherum  ritchiei  Hook.f.,  Fl.  Brit.  India  3:  228.  1881.  Fig.  106.",13,no flower colour mentioned,UNKNOWN
7. Phyllocephalum  scabridum  (DC.)  Kirkman  in Rhodora  83:  10.  1981.,13,no flower colour mentioned,UNKNOWN
8. Phyllocephalum  sengaltherianum  (Narayana)  Narayana  in  Curr.  Sci.,13,no flower colour mentioned,UNKNOWN
9. Phyllocephalum  tenue  (C.B.  Clarke)  Narayana  in  Curr.  Sci.  5 1 :  439.,13,no flower colour mentioned,UNKNOWN
1982. Centratherum,13,no flower colour mentioned,UNKNOWN
6. Pseudelephantopus  Rohr.,13,no flower colour mentioned,UNKNOWN
7. Struchium  Browne,13,flowers purple,PURPLE/BLUE
8. Vernonia  Schreb.,13,"corolla pink, purple or violet",PINK
20. V.  elliptka,13,no flower colour mentioned,UNKNOWN
51. V.  vagans,13,no flower colour mentioned,UNKNOWN
6. V.  andersoni,13,no flower colour mentioned,UNKNOWN
5. V.  andaiuanica,13,no flower colour mentioned,UNKNOWN
17. V.  comorinensis,13,no flower colour mentioned,UNKNOWN
49. V.  talaumifolia,13,no flower colour mentioned,UNKNOWN
50. V.  travancorka,13,no flower colour mentioned,UNKNOWN
53. V.  volkameriaefolia,13,no flower colour mentioned,UNKNOWN
28. V.  meeboldii,13,no flower colour mentioned,UNKNOWN
19. V.  divergens,13,no flower colour mentioned,UNKNOWN
37. V.  puhieyensis,13,no flower colour mentioned,UNKNOWN
42. V.  saligna,13,no flower colour mentioned,UNKNOWN
46. V.  sUlieteusis,13,no flower colour mentioned,UNKNOWN
31. V.  oraata,13,no flower colour mentioned,UNKNOWN
29. V.  uiultibracteata,13,no flower colour mentioned,UNKNOWN
23. V.  gossjpiua,13,no flower colour mentioned,UNKNOWN
17. V.  couiorinensis,13,no flower colour mentioned,UNKNOWN
3. V.  aiiamallka,13,no flower colour mentioned,UNKNOWN
27. V.  niastersii,13,no flower colour mentioned,UNKNOWN
33. V.  patula,13,no flower colour mentioned,UNKNOWN
7. V.  anthelmintic;),13,no flower colour mentioned,UNKNOWN
15. V.  cinerea,13,no flower colour mentioned,UNKNOWN
14. V.  cinerusceus,13,no flower colour mentioned,UNKNOWN
1. V.  albicans,13,no flower colour mentioned,UNKNOWN
16. V.  clivoruui,13,no flower colour mentioned,UNKNOWN
18. V.  couyzoides,13,no flower colour mentioned,UNKNOWN
4. V.  anceps,13,no flower colour mentioned,UNKNOWN
47. V.  squarrosa,13,no flower colour mentioned,UNKNOWN
10. V.  beddomei,13,no flower colour mentioned,UNKNOWN
9. V.  attenuata,13,no flower colour mentioned,UNKNOWN
"1. Vernunia  albicans  DC.  in Wight,  Contrib.  Bot. Ind. 6.  1834. V. cinerea",13,"florets pinkish, violet or purplish",PINK
2. Vernonia  anaimudica  Shetty  &  Vivek.  in  Bull.  Bot.  Surv.  India  12:,13,no flower colour mentioned,UNKNOWN
3. Vernonia  anamallica  Beddome  ex  Gamble  in  Kew  Bull.  1920:  339.,13,no flower colour mentioned,UNKNOWN
"1920. Shrubs, up to,  1.5  m tall; stems and branches angled,  appressed  pubescent,",13,no flower colour mentioned,UNKNOWN
"1881. Shrubs,  erect,  up  to  50  cm  high;  young  stems  brownish  pubescent,  later",13,corolla purplish mauve,PURPLE/BLUE
5. Vernonia  andamanica  Balak.  & Nair  in Bull.  Bot.  Surv.  India  24: 32-,13,no flower colour mentioned,UNKNOWN
"6. Vernonia  andersoni  C.B.  Clarke,  Comp.  Ind.  27.  1876; Hook.f.,  Fl.",13,no flower colour mentioned,UNKNOWN
"7. Vernoniu  anthelmintic*  (L.)  Willd.,  Sp.  PI.  3:  1634.  1803;  Hook.f.,",13,florets mauve,OTHER
8. Vernonia  arborea  Buch.-Ham.  in  Trans.  Linn.  Soc.  London  14: 218.,13,no flower colour mentioned,UNKNOWN
"9. Vernonia  attenuuta  D C ,  Prodr.  5:  33.  1836;  Hook.f.,  Fl.  Brit.  India",13,no flower colour mentioned,UNKNOWN
"10. Vernonia  beddomei  Hook.f.,  Fl.  Brit.  India  3:  2 3 1 .  1881.",13,no flower colour mentioned,UNKNOWN
"11. Vernonia  blanda  D C ,  Prodr.  5: 32.  1836; Hook.f.,  Fl.  Brit.  India 3:",13,no flower colour mentioned,UNKNOWN
12. Vernonia  bourdillonii  Gamble  in Kew  Bull.  1920:  339.  1920.,13,corolla violet,PURPLE/BLUE
13. Vernonia  bourneana  W.W.  Smith  in  Rec.  Bot.  Surv.  India  6:  101.,13,no flower colour mentioned,UNKNOWN
"1914. Shrubs, much branched; branches densely rusty pubescent, minutely ridged.",13,no flower colour mentioned,UNKNOWN
"14. Vernonia  cinerascens  Sch.-Bip. inSchweinf.,  Fl. Aethiop.  162. 1867;",13,no flower colour mentioned,UNKNOWN
"15. Vernonia  cinerea  (L.)  Less,  in  Linnaea  4:  291.  1829;  Hook.f.,  Fl.",13,no flower colour mentioned,UNKNOWN
"16. Vernonia  divorum  Hance  in J.  Bot.  7:  164.  1869; Hook.f.,  Fl.  Brit.",13,no flower colour mentioned,UNKNOWN
"1911. Shrubs or small  trees;  stems and branches angled,  white tomentose.  Leaves",13,no flower colour mentioned,UNKNOWN
"18. Vernonia  conyzoides  DC.  in  Wight,  Contrib.  Bot.  Ind.  6.  1834;",13,no flower colour mentioned,UNKNOWN
19. Vernonia  divergens  (Roxb.) Edgew.  in J.  Asiat.  Soc. Bengal  21: 172.,13,no flower colour mentioned,UNKNOWN
"20. Vernonia  elliptica  DC.  in  Wight,  Contrib.  Bot.  Ind.  5.  1834.  V.",13,no flower colour mentioned,UNKNOWN
"21. Vernonia  extensa  D C ,  Prodr.  5: 33.  1836; Hook.f.,  Fl. Brit. India 3:",13,no flower colour mentioned,UNKNOWN
22. Vernoniu  fysoni  Calder  in  Rec.  Bot.  Surv.  India  6:  343.  1914.,13,no flower colour mentioned,UNKNOWN
23. Vernoiiia  gossypina  Gamble  in  Kew  Bull.  1920:  340.  1920.,13,no flower colour mentioned,UNKNOWN
24. Vemonia  heynei  Beddome  ex Gamble  in Kew Bull.  1920: 340.  1920.,13,no flower colour mentioned,UNKNOWN
"25. Vernonia  indica  Wallich  ex  C.B.  Clarke,  Comp.  Ind.  16.  1876;",13,no flower colour mentioned,UNKNOWN
"26. Vernonia  malabarica  Hook.f.,  Fl.  Brit.  India  3:  230.  1881.  V.",13,no flower colour mentioned,UNKNOWN
"27. Vernonia  mastersii  Watt;  Kanjilal  et  ai,  Fl.  Assam  3:  107.  1939.",13,no flower colour mentioned,UNKNOWN
"1911. Shrubs or undershrubs. Leaves  obovate or oblanceolate,  obtuse,  rotundate,",13,no flower colour mentioned,UNKNOWN
29. Vernonia  multibracteata  Gamble  in  Kew  Bull.  1920:  340.  1920.,13,no flower colour mentioned,UNKNOWN
30. Vernonia  nayarii  Uniyal  in Ind.  J.  For.  11(2):  171.  1988.  V. recurva,13,no flower colour mentioned,UNKNOWN
"1909. Herbs or undershrubs, up to 1.25  m tall; steins ribbed,  glandular  pubescent",13,no flower colour mentioned,UNKNOWN
32. Vernonia  parryae  C.  Fischer  in  Kew  Bull.  1929:  6.  1929.,13,corolla purple,PURPLE/BLUE
33. Vernonia  patula  (Dryand.)  Merr.  in  Philip.  J.  Sci.  3:  439.  1908.,13,no flower colour mentioned,UNKNOWN
"1980. Herbs,  up  to  70  cm  high;  stems  terete,  ribbed,  appressedly  pubescent;",13,no flower colour mentioned,UNKNOWN
"34. Vernonia  pectiniformis  DC.  in  Wight,  Contrib.  Bot.  Ind.  2.  1834;",13,no flower colour mentioned,UNKNOWN
"35. Vernonia  peguensis  C.B.  Clarke,  Comp.  Ind.  13.  1876 et  in J.  Linn.",13,no flower colour mentioned,UNKNOWN
"36. Vernonia  peninsularis  (C.B.  Clarke)  C.B.  Clarke  ex  Hook.f.,  in  Fl.",13,no flower colour mentioned,UNKNOWN
37. Vernonia  pulneyensis  Gamble  in  Kew  Bull.  1920:  341.  1920.,13,no flower colour mentioned,UNKNOWN
38. Vernonia  pyramidale  (D.  Don) S.N.  Mitra  in Ind. For.  99:  100. 1973.,13,flowers pink,PINK
"39. Vernonia  ramaswamii  Hutch,  in  Kew  Bull.  1916:  35.  1916.",13,no flower colour mentioned,UNKNOWN
"40. Vernonia  rauii  Uniyal,  nom.  nov.  V.  membranacea  Beddome  ex  S.",13,no flower colour mentioned,UNKNOWN
41. Vernonia  revoluta  Buch.-Ham.  in  Trans.  Linn.  Soc.  14.  218.  1825;,13,corolla violet or pink,PINK
"42. Vernonia  saligna  D C ,  Prodr.  5: 33.  1836; Hook.f.,  Fl.  Brit.  India 3:",13,no flower colour mentioned,UNKNOWN
"43. Vernonia  salvifolia  Wight, Icon. t.  1079.  1846; Hook.f., Fl. Brit. India",13,flowers pink,PINK
44. Vernonia  setigera  Arn.  in Nova  Acta Phys.-Med.  Acad.  Caes.  Leop.-,13,flowers blue or violet,PURPLE/BLUE
45. Vernonia  shevaroyensis  Gamble  in  Kew  Bull.  1920:  341.  1920.,13,no flower colour mentioned,UNKNOWN
"46. Vernonia  silhetensis  (DC.) Kerr.,  Fl. Siam. 2: 243. 1936. Decaneurum",13,no flower colour mentioned,UNKNOWN
"47. Vernonia  squarrosa  (D. Don) Less,  in Linnaea  6: 627.  1831. Acilepis",13,no flower colour mentioned,UNKNOWN
"48. Vernoni^i subsessilis  D C ,  Prodr.  5: 62.  1836; Hook.f., Fl.  Brit. India",13,"florets purple, fading to white",WHITE
"49. Vernonia  talaumifolia  Hook.f.  &  Thomson  ex  C.B.  Clarke,  Comp.",13,no flower colour mentioned,UNKNOWN
"50. Vernonia  travancorica  Hook.f.,  Fl.  Brit.  India  3: 240.  1881.",13,no flower colour mentioned,UNKNOWN
"51. Vernonia  vagans  D C ,  Prodr.  5:  32.  1836.  V. scandens  D C ,  Prodr.",13,no flower colour mentioned,UNKNOWN
"52. Vernonia vivekanathanii Uniyal, nom. nov.  V. monosis Benth. ex C.B.",13,no flower colour mentioned,UNKNOWN
"53. Vernonia  volkameriuefolia  D C ,  Prodr. 5: 32. 1836; Hook.f., Fl. Brit.",13,flowers purple,PURPLE/BLUE
6. Argemone mexicana L. forma  mexicana,2,no flower colour mentioned,UNKNOWN
10. Papaver  macrostomum Boiss.,2,no flower colour mentioned,UNKNOWN
13. Corydalis cornuta Royle,2,no flower colour mentioned,UNKNOWN
15. Dicentra  scandens (D. Don) Walp.,2,no flower colour mentioned,UNKNOWN
18. Arabis pterosperma Edgew.,2,no flower colour mentioned,UNKNOWN
25. Cardamine hirsuta L.,2,no flower colour mentioned,UNKNOWN
"28. Neslia apiculata Fischer, C. Meyer  & Ave-Lall.",2,no flower colour mentioned,UNKNOWN
31. Tauscheria lasiocarpa Fischer ex DC,2,no flower colour mentioned,UNKNOWN
32. Dilophila salsa Thomson,2,no flower colour mentioned,UNKNOWN
35. Isatis tinctoria L.,2,no flower colour mentioned,UNKNOWN
40. Descurainia  sophia  (L.) Webb ex Prantl,2,no flower colour mentioned,UNKNOWN
48. Cadaba  trifoliolata  (Roxb.) Wight & Arn.,2,no flower colour mentioned,UNKNOWN
63. Capparis moonii Wight,2,no flower colour mentioned,UNKNOWN
69. Hybanthus  enneaspermus  (L.) F. Muell.,2,no flower colour mentioned,UNKNOWN
71. Cochlospermum  religiiosum  (L.) Alston,2,no flower colour mentioned,UNKNOWN
81. Gyncardia odorata R. Br.,2,no flower colour mentioned,UNKNOWN
84. Pittosporum  anamallayense Nayar  & Giri,2,no flower colour mentioned,UNKNOWN
98. Epirixanthes elongata Blume,2,no flower colour mentioned,UNKNOWN
100. Xanthophyllum flavescens Roxb. var. flavescens,2,no flower colour mentioned,UNKNOWN
106. Arenaria  curviflora  Majumdar,2,no flower colour mentioned,UNKNOWN
108. Drymaria diandra  Blume,2,no flower colour mentioned,UNKNOWN
118. Gypsophila cerastioides D. Don,2,no flower colour mentioned,UNKNOWN
"1. Argemone  mexicana  L.  (BSI,W.C,  Pune)",2,no flower colour mentioned,UNKNOWN
3. Cadaba  trifoliata,2,no flower colour mentioned,UNKNOWN
4. Capparis  decidua  (Forsskal)  Edgew.,2,flowers orange-red,RED
5. Capparis  decidua,2,flowers pink red,PINK
"7. Capparis  divaricata  Lam.  -  fruits  (BSI,  W.C,  Pune)",2,no flower colour mentioned,UNKNOWN
8. Capparis,2,no flower colour mentioned,UNKNOWN
9. Capparis,2,no flower colour mentioned,UNKNOWN
"10. Casearia  graveolens  Dalz.  -  Eastern  Ghats,  Andhra  Pradesh,",2,no flower colour mentioned,UNKNOWN
11. Casearia  grewiaefolia  Vent.  var.  gelonoides  (Blume)  Sleumer,2,no flower colour mentioned,UNKNOWN
13. Cochlospermum,2,no flower colour mentioned,UNKNOWN
14. Hydnocarpus  pentandra,2,no flower colour mentioned,UNKNOWN
16. Polygala,2,no flower colour mentioned,UNKNOWN
3. Eschscliolzia,2,no flower colour mentioned,UNKNOWN
2. Dicranosligma,2,no flower colour mentioned,UNKNOWN
5. Papaver,2,no flower colour mentioned,UNKNOWN
4. Meconopsis,2,no flower colour mentioned,UNKNOWN
1. Argemone  L.,2,flowers yellow,YELLOW
1. A. mcxicana,2,flowers white,WHITE
2. A. ochroleuca,2,no flower colour mentioned,UNKNOWN
"1. Argemone mexicana  L., Sp. PI. 508.1753;  Hook. f. & Thomson in Fl. Brit. India",2,flowers bright yellow,YELLOW
1958. A.  leiocarpa  E. Greene in  Pittonia 3: 345.1898.,2,no flower colour mentioned,UNKNOWN
"2. Argemone  ochroleuca  Sweet, Brit. Fl. Gard.  3: t. 242. 1829; Nair  in Rcc.  Rot.",2,flowers whitish or pale lemon yellow,WHITE
"3. Argemone subfusif'ormis  Ownbey in Brittonia  13: 102, ff.  12 - 14.  1961.",2,petals lemon-yellow,YELLOW
2. Dicranostigma  Hook. f. & Thomson,2,flowers orange,OTHER
3. Eschscholzia  Cham.,2,flowers yellow,YELLOW
4. Meconopsis  Viguier,2,"variously coloured, showy",RED
4. M.  discigera,2,no flower colour mentioned,UNKNOWN
6. M.  horridula,2,no flower colour mentioned,UNKNOWN
1. M. aculeata,2,no flower colour mentioned,UNKNOWN
16. M. villosa,2,flowers pale blue or white,WHITE
7. M.  latifolia,2,"flowers blue, purple or violet",PURPLE/BLUE
14. M.  sinuala,2,flowers yellow,YELLOW
11. M.  paniculata,2,"flowers blue, purple, pink, red or white",WHITE
8. M. lyrata,2,no flower colour mentioned,UNKNOWN
2. M. bella,2,flowers red purple or blue,RED
9. M.  napaulensis,2,no flower colour mentioned,UNKNOWN
12. M.  robusta,2,no flower colour mentioned,UNKNOWN
13. M.  simplicifolia,2,no flower colour mentioned,UNKNOWN
3. M.  belonicifolia,2,no flower colour mentioned,UNKNOWN
"1. Meconopsis  aculeata  Royle, Illus. Bot. Himal. 67, t.15, 183. 1834; Hook.  f.  &",2,no flower colour mentioned,UNKNOWN
"1985. Herbs, monocarpic, prickly; stems up to 60 cm high, leafy throughout, covered with",2,petals purplish blue or red,RED
2. Meconopsis bella  Prainin J. Asiat. Soc. Bengal 63(2): 82.1894.,2,flowers pale blue or purple,PURPLE/BLUE
"3. Meconopsis betonicifolia  Franchet, PI. Uelav. 1:42,1.12.1889; Debnath & Nayar",2,"flowers blue-violet, purple",PURPLE/BLUE
"4. Meconopsis  discigera  Prain in Ann. Bot. 20: 356, t. 24, f.  12.1906.",2,"flowers red, purple or pale blue",RED
5. Meconopsis grandis  Prainin J. Asiat. Soc. Bengal 64(2): 320.1895.,2,flowers purple or blue tinged with purple,PURPLE/BLUE
"6. Meconopsis horridula  Hook. f. & Thomson, Fl. Ind. 252.1855 & Fl. Brit. India",2,"usually blue, rarely white",WHITE
7. Meconopsis  latifolia  (Prain)  Prain  in Bull. Misc. Inf.  Kew 1915: 146.1915.  M.,2,flowers pale blue or white,WHITE
8. Meconopsis  lyrata,2,flowers pale pink or white,WHITE
"9. Meconopsis napaulensis  D C , Prodr. 1:121.1824. M. wallichii Hook. f. in Curtis,",2,"flowers red to purple or blue, often white with yellow nerves",WHITE
"10. Meconopsis neglecta  G. Taylor, Ace. Meconopsis  102.1934; Dhar  & Kachroo",2,no flower colour mentioned,UNKNOWN
11. Meconopsis  paniculata  Prain  in  J.  Asiat.  Soc. Bengal  64(2): 316.  1896.  M.,2,flowers yellow,YELLOW
"12. Meconopsis  robusta  Hook.  f.  & Thomson,  Fl. Ind.  253. 1855 &  in  Fl. Brit.",2,flowers yellow to sulphur yellow,YELLOW
13. Meconopsis  simplicifoHa,2,flowers blue or purple,PURPLE/BLUE
14. Meconopsis sinuata  Prainin J. Asiat. Soc. Bengal 64(2): 314.1896.,2,"flowers blue, purple or violet",PURPLE/BLUE
15. Meconopsis  superba  Prain  in J. Asiat. Soc. Bengal 64 (2): 317.1896.,2,flowers white,WHITE
"16. Meconopsis villosa  (Hook, f.) G. Taylor, Ace. Meconopsis 28.1934. Cathcartia",2,flowers yellow,YELLOW
5. Papaver L.,2,"flowers red, yellow, orange, lilac or white",WHITE
4. P.  nudicaule,2,no flower colour mentioned,UNKNOWN
6. P.  somnifcrum,2,no flower colour mentioned,UNKNOWN
3. P.  macrostomum,2,no flower colour mentioned,UNKNOWN
2. P. hybridum,2,no flower colour mentioned,UNKNOWN
1. P. dubium,2,no flower colour mentioned,UNKNOWN
5. P.  rhoeas,2,no flower colour mentioned,UNKNOWN
"1. Papaver dubium  L ,  Sp. PI. 1196.1753; Hook. f. & Thomson  in Fl. Brit India 1:",2,petals brick red to red,RED
"2. Papaver hybridum  L., Sp. PI. 506.1753;  Hook. f. & Thomson  in Fl. Brit. India",2,flowers scarlet with a blackish blotch at base,OTHER
"3. Papaver macrostomum  Boiss., Fl. Orient.  1: 115. 1867; Singh & Kachroo, For.",2,flowers bright red or crimson,RED
"4. Papaver nudicaule  L., Sp. PI. 507.1753;  Hook. f. & Thomson  in Fl. Brit. India",2,"flowers yellow, orange, saffron",YELLOW
"5. Papaver rhoeas  L., Sp. PI. 507.1753;  Hook. f.  & Thomson  in  Fl. Brit. India  1:",2,flowers red with black basal blotch,RED
"6. Papaver somniferum  L., Sp. PI. 1: 508.1753;  Hook.  f. &  Thomson  in Fl. Brit.",2,flowers white or pale purple,WHITE
4. Hypecoum,2,no flower colour mentioned,UNKNOWN
2. Dicentra,2,no flower colour mentioned,UNKNOWN
3. Fumaria,2,no flower colour mentioned,UNKNOWN
"1. Corydalis D C ,  nom. cons.",2,flowers yellow or rarely orange or white,WHITE
25. C.  flaccida,2,no flower colour mentioned,UNKNOWN
34. C.  latiflora,2,no flower colour mentioned,UNKNOWN
38. C.  nana,2,no flower colour mentioned,UNKNOWN
35. C.  leptocarpa,2,no flower colour mentioned,UNKNOWN
16. C.  dorjii,2,flowers pink with purple face,PINK
15. C. diphylla,2,flowers blue violet or white,WHITE
52. C.  trifoliata,2,no flower colour mentioned,UNKNOWN
5. C.  cashmeriana,2,no flower colour mentioned,UNKNOWN
12. C.  crassifolia,2,no flower colour mentioned,UNKNOWN
31. C. juncea,2,"flowers yellow without purplish tips, flowers pale yellow with purplish",YELLOW
10. C. clarkei,2,no flower colour mentioned,UNKNOWN
14. C.  crithimifolia,2,no flower colour mentioned,UNKNOWN
40. C.  ophiocarpa,2,no flower colour mentioned,UNKNOWN
24. C.  flabellata,2,flowers pale or golden yellow with brownish veins,YELLOW
8. C.  chaerophylla,2,flowers orange-brown,OTHER
3. C. borii,2,no flower colour mentioned,UNKNOWN
33. C. lathy roidcs,2,no flower colour mentioned,UNKNOWN
1. C.  adiantifolia,2,no flower colour mentioned,UNKNOWN
49. C. stricta,2,no flower colour mentioned,UNKNOWN
26. C.  geraniifolia,2,no flower colour mentioned,UNKNOWN
29. C.  hendersonii,2,no flower colour mentioned,UNKNOWN
28. C.  govaniana,2,no flower colour mentioned,UNKNOWN
21. C.  falconeri,2,no flower colour mentioned,UNKNOWN
32. C. laelia,2,no flower colour mentioned,UNKNOWN
47. C. stewartii,2,no flower colour mentioned,UNKNOWN
13. C. crispa,2,no flower colour mentioned,UNKNOWN
17. C.  drepanantha,2,no flower colour mentioned,UNKNOWN
42. C.  polygalina,2,no flower colour mentioned,UNKNOWN
6. C.  casimiriana,2,no flower colour mentioned,UNKNOWN
22. C.  filicina,2,no flower colour mentioned,UNKNOWN
7. C. cavei,2,no flower colour mentioned,UNKNOWN
37. C.  mucronifcra,2,no flower colour mentioned,UNKNOWN
9. C.  changuensis,2,no flower colour mentioned,UNKNOWN
23. C.  filiformis,2,no flower colour mentioned,UNKNOWN
22. C.  filicina,2,no flower colour mentioned,UNKNOWN
48. C.  stracheyi,2,no flower colour mentioned,UNKNOWN
36. C.  meifoUa,2,no flower colour mentioned,UNKNOWN
46. C.  sikkimensis,2,no flower colour mentioned,UNKNOWN
18. C.  dubia,2,flowers ca 8 mm long; upper petal faintly crested,OTHER
4. C. boweri,2,no flower colour mentioned,UNKNOWN
20. C. elegans,2,no flower colour mentioned,UNKNOWN
30. C.  hookeri,2,no flower colour mentioned,UNKNOWN
19. C. duthiei,2,no flower colour mentioned,UNKNOWN
27. C.  gortschakovii,2,flowers yellow with purplish tips on inner petals,YELLOW
11. C.  cornuta,2,"flowers yellow with brownish veins, purple-tipped",YELLOW
53. C.  vaginans,2,no flower colour mentioned,UNKNOWN
51. C.  thyrsiflora,2,no flower colour mentioned,UNKNOWN
"1. Corydalis adiantifolia  Hook. f. & Thomson, Fl. Ind. 271.1855; Hook, f.,  PI. Brit.",2,flowers yellow,YELLOW
"2. Corydalis alpestris  C. Meyer, Verz. Pfl. Cauc. 176.1831; Prain in J. Asiat. Soc.",2,flowers bluish violet or white,WHITE
3. Corydalis borii  C. Fischer in  Bull. Misc. Inf.  Kew 1940: 31.1940.,2,flowers orange or brownish orange,OTHER
4. Corydalis boweri  Hemsley in J. Linn. Soc. 30:108.1894.,2,flowers golden yellow,YELLOW
"5. Corydalis cashmeriana  Royle, Illus. Bot. Himal. 69 (1834), 1.16, f. 1.1833; Hook,",2,no flower colour mentioned,UNKNOWN
"1984. C. ecristata var. longicalcarata D. Long, 1. c. 93.",2,flowers deeply sky blue with darker tips,PURPLE/BLUE
"6. Corydalis casimiriana  Duthie & Prain in J. Asiat. Soc. Bengal II, 65(2): 27.1896.",2,"flowers yellow, sometimes tinged with purple",YELLOW
"7. Corydalis cavei  D. Long in Notes R. Bot. Gard. Edinb. 42(1):  104, f. 5F. 1984.",2,flowers yellow to orange with tips of inner petals dark,YELLOW
"1872. Herbs, erect, robust, 50 -130 cm high; stems grooved, glabrous to crispate pubescent",2,flowers golden yellow,YELLOW
"1984. Herbs, diffuse,  much-branched,  15 - 30 cm high; rootstock  slender, woody.  Leaves",2,flowers yellow,YELLOW
"10. Corydalis  clarkei  Prain  in  J.  Asiat.  Soc.  Bengal  II,  65(2):  34.  1896.  C.",2,flowers yellow,YELLOW
"11. Corydalis cornuta  Royle, Illus. Bot. Himal. 69.1834; Hook, f.,  Fl. Brit. India 1:",2,flowers yellow with blackish purple tips,YELLOW
"12. Corydalis crassifolia  Royle, Illus. Bot. Himal. 68.1834; Hook, f.,  Fl. Brit. India",2,flowers white or yellowish with purple spots,WHITE
"13. Corydalis crispa  Prain in J. Asiat. Soc. Bengal II, 65: 30.1896.  C. stacheyoides",2,flowers yellow or white,WHITE
"14. Corydalis crithmifolia  Royle, Illus. Bot. Himal. 68.1834; Hook, f., Fl. Brit. India",2,flowers pale yellow with purplish tips,YELLOW
"15. Corydalis diphylla  Wallich, Tent. Fl. Nap. 54.1826.  C. rutifolia auct. non Sibth.",2,flowers purple or bright orange-red with violet-pink or darker tips,PINK
"16. Corydalte dorjii  D. Long in Notes R. Bot. Gard. Edinb. 42: 93 - 96, f. 3A. 1984.",2,"flowers pale blue, lilac or pale mauve",PURPLE/BLUE
"17. Corydalis  drepanantha  D. Long  in  Notes R.  Bot.  Gard.  Edinb. 42(1): 101, f.",2,flowers yellow,YELLOW
"18. Corydalis dubia  Prain in J. Asiat. Soc. Bengal II, 65(2): 36.1896.",2,flowers yellow,YELLOW
"19. Corydalis duthiei  Maxim., Fl. Tangut. 49 (in obs.), t. 25,  ff.  12 -17.1889.",2,flowers yellow,YELLOW
"20. Corydalis  elegans  Hook.  f.  & Thomson, Fl. Ind. 265. 1855; Hook,  f.,  Fl. Brit,",2,flowers yellow with red spots,YELLOW
21. Corydalis falconeri  Hook. f. & Thomson  in Fl. Brit. India  1:124.1872.,2,flowers yellow with purple tips and reddish brown streaks,YELLOW
"22. Corydalis  filicina  Prain in J. Asiat. Soc. Bengal II, 65(2): 30.1896.",2,"flowers yellow with darker veins, rarely white",WHITE
"23. Corydalis  filiformis  Royle, Illus. Bot. Himal. PI. 65.1834.  C. longipes auct. non",2,flowers pale yellow,YELLOW
"24. Corydalis  flabellata  Edgew.  in Trans. Linn. Soc,  Bot. 20: 30. 1851; Hook,  f.,",2,flowers yellow,YELLOW
"25. Corydalis  flaccida  Hook.  f.  & Thomson,  Fl. Ind. 260. 1855; Hook,  f.,  Fl. Brit.",2,"flowers red, mauve, purple or bluish purple",RED
"26. Corydalis  geraniifolia  Hook.  f.  & Thomson,  Fl. Ind.  269. 1855; Hook,  f.,  Fl.",2,flowers golden yellow,YELLOW
"27. Corydalis gortschakovii  Schrenk, Enum. PI. Nov. 1:100.1841.  C. moorcroftiana",2,"flowers yellow, usually with dark purple tips",YELLOW
"28. Corydalis govaniana  Wallich, Tent. Fl. Nap. 55. 1826; Hook, f.,  Fl. Brit. India",2,flowers bright yellow,YELLOW
"29. Corydalis hendersonii  Hemsley in J. Linn. Soc, Bot. 30: 108.1894.",2,flowers yellow,YELLOW
"30. Corydalis  hookeri  Prain  in  J.  Asiat.  Soc,  Bengal  II,  65(2):  34.  1896.  C.",2,"flowers yellow, tinged brown with dark purple tips",YELLOW
"31. Corydalis juncea  Wallich, Tent. Fl. Nap. 54, t. 42, f. dextra. 1826; Hook, f.,  Fl.",2,flowers yellow with black spots,YELLOW
"32. Corydalis laelia  Prain in J. Asiat. Soc. Bengal II, 65(2): 25.1896.",2,flowers yellow,YELLOW
"33. Corydalis lathyroides  Prain  in J. Asiat. Soc. Bengal II, 65(2): 23.1896.",2,flowers yellow,YELLOW
"34. Corydalis latiflora  Hook. f. & Thomson, Fl. Ind. 270.1855;  Hook, f.,  Fl. Brit.",2,flowers greyish blue or pale violet with yellow tips,YELLOW
"35. Corydalis leptocarpa  Hook. f. & Thomson, Fl. Ind. 260.1855; Hook, f., Fl. Brit.",2,flowers pink or purple or sometimes white,WHITE
"36. Corydalis  meifolia  Wallich,  Tent.  Fl. Nap. 55, t. 41. 1826; Hook,  f.,  Fl.  Brit.",2,flowers yellow with purple tips,YELLOW
"37. Corydalis mucronifera  Maxim., Fl. Tangut. 1: 51, t. 24, ff.  19-21.1889.",2,flowers yellow,YELLOW
"38. Corydalis  nana  Royle,  Illus.  Bot.  Himal.  68.  1834.  C.  ramosa  Hook.  f.  &",2,flowers greyish or bluish grey,OTHER
"39. Corydalis oligantha  Ludlow in Bull. Brit. Mus. (Nat. Hist.)  Botany 5: 60, t. 9,",2,flowers blue or white,WHITE
"40. Corydalis  ophiocarpa  Hook.  f.  & Thomson,  F t  Ind. 259. 1855; Hook,  f.,  Fl.",2,flowers yellow,YELLOW
"41. Corydalis pakistanica  Jafri  in Fl. W. Pakistan 73: 26, ff.  8  D-F. 1974.",2,flowers yellow,YELLOW
"42. Corydalis polygalina  Hook. f. & Thomson, Fl. Ind. 263.1855; Hook, f.,  Fl. Brit.",2,flowers yellow,YELLOW
"43. Corydalis pseudocrithmifolia  Jafri  in Fl. W. Pakistan  73: 12, f. 3 D-F. 1974.",2,"flowers greenish yellow, purple at apex",YELLOW
"44. Corydalis pseudolongipes  Liden in Bull. Brit. Mus.(Nat. Hist.) Botany 18:532,",2,flowers yellow,YELLOW
"45. Corydalis shakyae  Liden  in Bull. Brit. Mus. (Nat. Hist.) Botany 18: 519, ff.  11",2,flowers yellow with brownish green keel on the upper petal and dark apices to inner petals,YELLOW
"46. Corydalis  sikkimensis  (Prain)  Fedde,  Repert.  Spec. Nov.  17: 201. 1921.  C",2,flowers yellow,YELLOW
"47. Corydalis stewartii  Fedde, Repert. Spec. Nov. 19:119.1923.",2,flowers pale yellow with dark tips,YELLOW
"48. Corydalis stracheyi  Prain  in J. Asiat. Soc. Bengal II, 65(2): 37.1896.  C. nana",2,"flowers yellow, sometimes orange with purplish brown and green markings",YELLOW
"1872. C. astragalina Hook. f. & Thomson, Fl. Ind. 270.1855.",2,flowers yellow,YELLOW
"50. Corydalis tibetica  Hook.  f.  & Thomson, Fl. Ind. 265. 1855; Hook,  f.,  Fl. Brit.",2,flowers yellow with brown or green tips,YELLOW
"51. Corydalis  thyrsiflora  Prain  in  J.  Asiat.  Soc. Bengal  II,  65(2):  35.  1896.  C",2,"flowers yellow or orange-yellow, with purple tips",YELLOW
52. Corydalis  trifoliata  Franchet  in Bull. Soc. Bot. France 33: 392.1886; D. Long,2,"flowers light purple or blue, rarely white",WHITE
"53. Corydalis vaginans  Royle, Illus. Bot. Himal. 69. 1834.  C. ramosa  Hook.  f.  &",2,"flowers yellow, often with brownish veins",YELLOW
"2. Dicentra  Bernhardi, nom. cons.",2,no flower colour mentioned,UNKNOWN
5. D.  torulosa,2,no flower colour mentioned,UNKNOWN
3. D. roylei,2,no flower colour mentioned,UNKNOWN
2. D.  paucinervia,2,no flower colour mentioned,UNKNOWN
4. D. scandens,2,no flower colour mentioned,UNKNOWN
6. D. ventii,2,no flower colour mentioned,UNKNOWN
1. D.  macrocapnos,2,no flower colour mentioned,UNKNOWN
1. Dicentra  macrocapnos  Prain  in  J.  Asiat.  Soc.  Bengal  65:  12.  1896.  Dicentra,2,flowers yellow,YELLOW
2. Dicentra paucinervia  K. Stern in Brittonia  13: 45.1961.,2,flowers orange,OTHER
"3. Dicentra roylei  Hook. f. & Thomson, Fl. Ind. 273.1855; Hook, f.,  Fl. Brit. India",2,"flowers yellow, often tinged purple",YELLOW
"4. Dicentra scandens  (D. Don) Walp., Repert. 1:118.1842; Hook, f.,  Fl. Brit. India",2,flowers yellow or rarely purple,YELLOW
"5. Dicentra  torulosa  Hook.  f.  & Thomson, Fl. Ind.  272. 1855; Hook,  f.,  Fl. Brit.",2,flowers golden yellow,YELLOW
"6. Dicentra  ventii  Khanh  in Fedde,  Repert.  Spec. Nov. 83: 540. 1972  (1973).  D.",2,flowers yellow,YELLOW
3. Fumaria  L.,2,flowers dark purple,PURPLE/BLUE
3. F.  officinalis,2,flowers creamy-white or light pink,WHITE
1. F. capreolala,2,flowers pale pink or white,WHITE
2. F. indica,2,flowers pinkish violet or purple,PINK
"1. Fumaria capreolata  L.,Sp.P1.701.1753; D.Long in Grierson& Long, FI. Bhutan",2,"flowers creamy white or pinkish, rarely deeply red",WHITE
"2. Fumaria indica  (Haussk.) PugsleyinJ. Linn. Soc.,Bot. 44:313.1919.  F.vaillantii",2,flowers whitish or pinkish-red,WHITE
"3. Fumaria  officinale  L., Sp. PI. 700. 1753; Sharma etal.  in Biol. Mem. 2(1 & 2):",2,"flowers purplish pink, dark purple",PINK
4. Fumaria vaillantii  Loisel. in Desv. J. Bot. 2: 358.1809. F. pan'iflora  Lam. subsp.,2,flowers pinkish violet or pale pink,PINK
4. Hypecoum  L.,2,flowers white or slightly pinkish violet,WHITE
1. II.  leptocarpum,2,flowers yellow,YELLOW
"1. Hypecoum leptocarpum  Hook. f. & Thomson, Fl. Ind. 1: 276.1855; Hook, f.,  Fl.",2,"flowers purple, pinkish or white with purple streaks, often yellow inside",WHITE
"2. Hypecoum pendulum  L., Sp. PI. 124.1753.  H. procumbens  auct. non L.; Hook,",2,flowers yellow,YELLOW
3. Brassiceae,2,no flower colour mentioned,UNKNOWN
7. Lepidieae,2,no flower colour mentioned,UNKNOWN
5. Euclidieae,2,no flower colour mentioned,UNKNOWN
1. Alysseae,2,no flower colour mentioned,UNKNOWN
1. Alyssum,2,flowers usually yellow sometimes turning white,WHITE
6. Barbaraea,2,no flower colour mentioned,UNKNOWN
10. Drabopsis,2,no flower colour mentioned,UNKNOWN
4. Ptilotrichum,2,no flower colour mentioned,UNKNOWN
2. Farsetia,2,no flower colour mentioned,UNKNOWN
3. Lobularia,2,no flower colour mentioned,UNKNOWN
13. Pegaeophyton,2,no flower colour mentioned,UNKNOWN
9. Dontostemon,2,no flower colour mentioned,UNKNOWN
16. Turrilis,2,no flower colour mentioned,UNKNOWN
12. Nasturtium,2,no flower colour mentioned,UNKNOWN
8. Christolca,2,no flower colour mentioned,UNKNOWN
5. Arahis,2,flowers white or golden yellow,WHITE
19. Crambe,2,flowers violet or rose-purple,PURPLE/BLUE
23. Schouwia,2,no flower colour mentioned,UNKNOWN
20. Diplotaxis,2,no flower colour mentioned,UNKNOWN
21. Eruca,2,no flower colour mentioned,UNKNOWN
22. Raphanus,2,no flower colour mentioned,UNKNOWN
18. Coringia,2,"flowers white, pale-pink or purple",WHITE
26. Erophila,2,no flower colour mentioned,UNKNOWN
28. Myagrum,2,no flower colour mentioned,UNKNOWN
36. Pycnnplinlhus,2,no flower colour mentioned,UNKNOWN
33. Erysimum,2,no flower colour mentioned,UNKNOWN
41. Dilophila,2,no flower colour mentioned,UNKNOWN
45. Isatis,2,no flower colour mentioned,UNKNOWN
40. Coronopus,2,no flower colour mentioned,UNKNOWN
47. Megacarpaea,2,no flower colour mentioned,UNKNOWN
48. Thlaspi,2,no flower colour mentioned,UNKNOWN
37. Capsella,2,no flower colour mentioned,UNKNOWN
51. Noloceras,2,no flower colour mentioned,UNKNOWN
52. Parrya,2,no flower colour mentioned,UNKNOWN
49. Chorispura,2,no flower colour mentioned,UNKNOWN
50. Matlhiola,2,no flower colour mentioned,UNKNOWN
59. Descurainia,2,no flower colour mentioned,UNKNOWN
53. Alliaria,2,flowers white or pink,WHITE
56. Arcyosperma,2,no flower colour mentioned,UNKNOWN
58. Camelina,2,no flower colour mentioned,UNKNOWN
1. Alyssum  L.,2,flowers pale yellow or dull white,WHITE
2. Farsetia  Turra,2,"flowers pale yellow, orange or whitish",WHITE
1. F.  hamiltonii,2,no flower colour mentioned,UNKNOWN
2. F.  heliophila,2,no flower colour mentioned,UNKNOWN
3. F. jacquemontii,2,no flower colour mentioned,UNKNOWN
"1. Farsetia hamiltonii  Royle, Illus. Bot. Himal. 1:71.1834; Hook. f. & T. Anderson",2,flowers white or pale pink,WHITE
"2. Farsetia heliophila  Bunge  ex Cosson, Comp. Fl. Alt. 2: 227. 1884; Parmar  in J.",2,flowers light violet,PURPLE/BLUE
"3. Farsetia jacquemontii  Hook.  f.  & Thomson  in J. Linn. Soc., Bot. 5: 148.1861;",2,no flower colour mentioned,UNKNOWN
1918. Raj.:  Motio-hiran-chabbo.,2,flowers white or creamy white,WHITE
3. Lobularia  Desv.,2,flowers white or pinkish,WHITE
4. Ptilotrichum  C. Meyer,2,flowers white to purple,WHITE
"1872. Perennials,  suberect,  laxly  caespitose,  5  -  10  cm  high,  covered  with  stellate  and",2,flowers white or pinkish,WHITE
5. Arabis  L.,2,"flowers white, purple or rose-coloured",WHITE
3. A. nova,2,no flower colour mentioned,UNKNOWN
6. A. recta,2,no flower colour mentioned,UNKNOWN
7. A. saxicola,2,no flower colour mentioned,UNKNOWN
"1. Arabis amplexicaulis  Edgew. in Trans. Linn. Soc, Lond. 20: 31.1846; Hook.  f.",2,flowers white,WHITE
"3. Arabis nova  Vill., Prosp. PI. Dauph. 39.1779. A.  auriculata Lam., Encycl. Meth.",2,flowers white,WHITE
"4. Arabis pangiensis  G. Watt in J. Linn. Soc, Bot. 18: 378,1.10.1881.",2,no flower colour mentioned,UNKNOWN
"5. Arabis pterosperma  Edgew. in Trans. Linn. Soc, Lond. 20: 33.1846. A.  alpina",2,flowers white,WHITE
"6. Arabis recta  Vill., Prosp. PI. Dauph. 3: 319.1788. A.  auriculata auct. non  Lam.",2,flowers white,WHITE
"7. Arabis saxicola  Edgew. in Trans. Linn. Soc., Lond. 20: 32.1846; Jafri  in Fl. W.",2,flowers white,WHITE
"1927. Basal leaves oblong-obovate, 2 - 5 x 1 -1.5 cm.  Fruits linear-oblong, 4 - 6 cm long,",2,no flower colour mentioned,UNKNOWN
8. Arabis tenuirostris  O. Schulz in Notizbl. Bot. Gart. Berlin  9:1066.1927.,2,flowers white or pale-lilac,WHITE
"9. Arabis tibetica  Hook. f. & Thomson  in J. Linn. Soc, Bot. 5:143.1861; Hook.  f.",2,flowers white or pale pink,WHITE
"6. Barbaraea  R. Br., nom. cons.",2,flowers yellow,YELLOW
2. B. intermedia,2,no flower colour mentioned,UNKNOWN
"1. Barbaraea elata  Hook. f. & Thomson in J. Linn. Soc, Bot. 5:  140.1861; Hook,",2,flowers bright yellow,YELLOW
"2. Barbaraea intermedia  Boreau, Fl. Cent. France 2: 48.1840.  B.  vulgaris R.  Br.",2,no flower colour mentioned,UNKNOWN
"1819. Herbs, up to 60 cm high, branched.  Basal  leaves  2 -19 x 1 - 4.5 cm; lateral  lobes",2,no flower colour mentioned,UNKNOWN
"3. Barbaraea vulgaris  R. Br. in Aiton, Hort. Kew. ed. 2, 4:109.  1812.  Erysimum",2,no flower colour mentioned,UNKNOWN
7. Cardamine  L.,2,"flowers white, violet, white, or pale-purple",WHITE
2. C. circaeoides,2,flowers dull white or pale-lilac,WHITE
12. C.  trifoliolala,2,flowers white,WHITE
9. C. macrophylla,2,no flower colour mentioned,UNKNOWN
5. C.  griffithii,2,no flower colour mentioned,UNKNOWN
8. C. loxotemonoides,2,no flower colour mentioned,UNKNOWN
4. C.  flexuosa,2,no flower colour mentioned,UNKNOWN
"1. Cardamine africana  L., Sp. PI. 655. 1753; Hook. f.  & T. Anderson  in Fl. Brit.",2,flowers dull-white or greenish yellow,WHITE
"2. Cardamine circaeoides  Hook. f. & Thomson  in J. Linn. Soc, Bot. 5:144.1861;",2,flowers white,WHITE
"3. Cardamine  elegantula  Hook.  f.  & Thomson  in J. Linn.  Soc, Bot. 5: 146. 1861;",2,flowers white or rose-coloured,WHITE
"4. Cardamine flexuosa  Withering, Bot. Arr. Brit. PI. ed. 3, 3: 578.1976.  C. hirsuta",2,no flower colour mentioned,UNKNOWN
"1952. Herbs, annual  or biennial,  flexuose,  simple  or  sparsely  branched,  10 - 40 cm high;",2,flowers white,WHITE
"5. Cardamine griffithii  Hook. f& Thomson in J. Linn. Soc.,Bot. 5:146.1861; Hook,",2,flowers lilac or purple,PURPLE/BLUE
"6. Cardamine hirsuta  L., Sp. PI. 655.1753. C. hirsuta L. var. sylvatica (Link)  Hook,",2,flowers white,WHITE
"7. Cardamine impatiens  L., Sp. Pi. 655.1753; Hook. f. & T. Anderson  in Fl. Brit.",2,flowers white,WHITE
1927. C. pratensis  auct. non L.; Hook. f.  & T. Anderson  in Fl. Brit. India  1:138.1872.,2,flowers lilac or pinkish,PINK
"9. Cardamine macrophylla  Willd., Sp. PI. 3: 484.1800; Hook. f. & T. Anderson in",2,"flowers purple, deep violet or white",WHITE
10. Cardamine scoriarum  W. Smith  in Notes R. Bot. Gard. Edinb. 11: 203.1920.,2,flowers pink,PINK
"11. Cardamine  trichocarpa  Hochst.  ex A. Rich., Tent. Fl-Abyss. 1: 18. 1847.",2,flowers yellowish white,WHITE
"12. Cardamine trifoliolata  Hook. f. & Thomson in J. Linn. Soc, Bot. 5:145.1861;",2,flowers pale-lilac,OTHER
"13. Cardamine violacea  (D.Don) Hook. f. & Thomson in J.Linn. Soc., Bot. 5:144.",2,flowers deep violet,PURPLE/BLUE
14. Cardamineyunnanensis  FranchetinBull.Soc. Bot. Fr. 33:398.1886. C.hirsuta,2,flowers white or pink,WHITE
8. Christolea  Cambess.,2,"flowers white or purplish, rarely mauve or yellowish",WHITE
5. C.  puniila,2,no flower colour mentioned,UNKNOWN
7. C.  s'.jwartii,2,no flower colour mentioned,UNKNOWN
6. C.  scaposa,2,no flower colour mentioned,UNKNOWN
4. C.  parkeri,2,no flower colour mentioned,UNKNOWN
"1. Christolea crassifolia  Cambess. in Jacquem. Voy. 4 (Bot.) 17:1.17.1835; Hook,",2,flowers white with lilac or purple base,WHITE
2. Christolea himalayensis  (Cambess.) Jafri  in Notes R. Bot. Gard. Edinb. 22:  3.,2,flowers violet or purplish,PURPLE/BLUE
3. Christolea lanuginosa  (Hook. f. & Thomson) Ovcz. in Sov. Etsk. Bot. 151.1941.,2,no flower colour mentioned,UNKNOWN
4. Christolea parkeri  (O. Schulz) Jafri  in Notes R. Bot. Gard. Edinb. 22: 52.1955.,2,flowers white with purple tinge at base,WHITE
5. Christolea  pumila  (Kurz) Jafri  in Fl. W. Pakistan  55:  157.1973.  Panyapumila,2,no flower colour mentioned,UNKNOWN
"1955. Leaves spathulate, almost entire or obscurely 1 - 3-toothed  above, as long or slightly",2,no flower colour mentioned,UNKNOWN
"6. Christolea  scaposa  Jafri in Notes R. Bot. Gard. Edinb. 22:38, f. 2.1955.  Ermania",2,no flower colour mentioned,UNKNOWN
7. Christolea  stewartii  (T. Anderson)  Jafri  in Notes R. Bot. Gard.  Edinb. 22(1):,2,no flower colour mentioned,UNKNOWN
1872. Ermania  stewartii  (T. Anderson)  O. Schulz in Bot. Jahrb. 66: 98.1933.,2,flowers purple,PURPLE/BLUE
"9. Dontostemon  Andrz. ex Ledeb., nom. cons.",2,flowers white to lilac,WHITE
1. Dontostemon  glandulosus  (Karelin  & Kir.)  O. Schulz  in  Notizbl. Bot.  Gart.,2,flowers pinkish-white to white,WHITE
2. Dontostemon  pectinatus,2,flowers white,WHITE
10. Drabopsis  C.Koch,2,no flower colour mentioned,UNKNOWN
"1911. Herbs,  annual,  up  to  12 cm high.  Leaves  radical,  obovate-oblong,  sessile  or  sub-",2,no flower colour mentioned,UNKNOWN
11. Loxostemon  Hook. f. & Thomson,2,flowers lilac,OTHER
"12. Nasturtium  R. Br., nom. cons.",2,flowers white,WHITE
"1. Nasturtium  microphyllum  Boenn.  ex Reichb., Fl. Ger.  Exc. 683. 1832; Jafri  in",2,flowers white,WHITE
"2. Nasturtium  officinale  R. Br. in Aiton, Hort. Kew. ed. 2,4:110.1812; Hook. f. &",2,flowers white,WHITE
13. Pegaeophyton  Hayek & Hand.-Mazz.,2,flowers white or purplish,WHITE
1. Pegaeophyton  minutum  Hara in J. Jap. Bot. 47:270.1972; Grierson in Grierson,2,no flower colour mentioned,UNKNOWN
2. Pegaeophyton  scapiflorum  (Hook. f. & Thomson) Marquand & Shaw in J. Linn.,2,no flower colour mentioned,UNKNOWN
14. Phaeonychium  O. Schulz,2,flowers white or with lilac tinge,WHITE
2. P. parryoides,2,no flower colour mentioned,UNKNOWN
1. Phaeonychium  albiflorum  (T. Anderson) Jafri  in Fl. W. Pakistan 55:162.1973.,2,flowers white,WHITE
2. Phaeonychium  parryoides  (Hook. f. & T. Anderson)  O. Schulz in Notizbl. Bot.,2,flowers white or mauve with lilac base,WHITE
15. Rorippa Scop.,2,flowers yellow,YELLOW
6. R.  palustris,2,no flower colour mentioned,UNKNOWN
1. R.  benghalensis,2,no flower colour mentioned,UNKNOWN
7. R. sylvestris,2,no flower colour mentioned,UNKNOWN
3. R.  indica,2,no flower colour mentioned,UNKNOWN
1. Rorippa  benghalensis  (DC.)  Hara  in  J.  Jap. Bot.  49: 132.  1974.  Nasturtium,2,no flower colour mentioned,UNKNOWN
2. Rorippa  dubia  (Pers.)  Hara in J. Jap. Bot. 30: 196.1955.  Sisymbrium  dubium,2,no flower colour mentioned,UNKNOWN
"3. Rorippa  indica  (L.) Hiern, Cat. Afr. PI. Welw. 1:26. add. et corr. 1896 et 2: 481,",2,flowers bright yellow,YELLOW
4. Rorippa madagascariensis  (DC.) Hara in J. Jap. Bot. 30:198.1955.  Nasturtium,2,flowers yellow,YELLOW
"5. Rorippa montana  (Hook.  f.  & Thomson)  Small, Fl.  SE. United  States, ed. 2:",2,no flower colour mentioned,UNKNOWN
"6. Rorippa palustris  (L.) Besser, Enum. PI. Volhyn. 27.1822. Sisymbrium  amphi-",2,no flower colour mentioned,UNKNOWN
"1900. Nasturtium palustre  (L.) D C ,  Syst. Nat. 2:191.1821; Hook. f.  & T. Anderson  in",2,flowers yellow,YELLOW
"7. Rorippa  sylvestris  (L.)  Besser,  Enum.  PI. Volhyn  27. 1822; Javeid  in  Indian",2,flowers yellow,YELLOW
16. Turritis  L.,2,flowers white or straw-coloured,WHITE
17. Brassica  L.,2,flowers yellow or white,WHITE
6. B. tournefortii,2,no flower colour mentioned,UNKNOWN
4. B. oleracea,2,no flower colour mentioned,UNKNOWN
"1. Brassica juncea  (L.) Czern., Consp. Fl. Chark. 8.1859; Hook. f. & T. Anderson",2,flowers bright yellow,YELLOW
"2. Brassica napus L., Sp. PI. 666.1753. B. campestris L. subsp. napus  (L.) Hook.  f.",2,petals deep or light yellow,YELLOW
1861. Distrib.  India:  Cultivated fields in Uttar  Pradesh and Bihar.,2,no flower colour mentioned,UNKNOWN
"3. Brassica nigra  (L.) Koch in Roehling, Deuts. Fl. ed. 3, 4: 713.1833; Hook. f. &",2,flowers bright yellow,YELLOW
"4. Brassica oleracea  L., Sp. Pi. 667.1753.",2,no flower colour mentioned,UNKNOWN
"5. Brassica  rapa  L., Sp. PI. 666. 1753.  B.  campestris  subsp. rapa  Hook.  f.  &  T.",2,flowers yellow,YELLOW
"6. Brassica  tournefortii  Gouan,  Illus. Obs. Bot.  44. t.  20A.  1773; Hook.  f.  &  T.",2,flowers yellow,YELLOW
18. Conringia  Fabr.,2,flowers pale yellow,YELLOW
19. Crambe  L.,2,flowers white,WHITE
20. Diplotaxis  DC.,2,flowers purplish to white,WHITE
"1. Diplotaxis griffithii  (Hook. f. & Thomson) Boiss., Fl. Orient. 1:388.1867;  Hook,",2,no flower colour mentioned,UNKNOWN
"2. Diplotaxis muralis  (L.) D C , Reg. Veg. Syst. Nat. 2:634.1981; Siddique et al. in",2,"flowers yellow, fading brownish on drying",YELLOW
21. Eruca  Miller,2,flowers yellow with violet veins,YELLOW
22. Raphanus  L.,2,"flowers white, yellow or violet",WHITE
1. R.  raphiinistrum,2,no flower colour mentioned,UNKNOWN
1973. Eng.:  Wild Radish;  Hindi:  Jungli-mooli.,2,"flowers white or yellow, brown-veined",WHITE
"2. Raphanus sativus  L., Sp. PI. 669.1753; Hook. f. & T. Anderson in Fl. Brit. India",2,no flower colour mentioned,UNKNOWN
23. Schouwia  DC.,2,flowers violet or rose-purple,PURPLE/BLUE
24. Sinapis  L.,2,flowers yellow,YELLOW
25. Draba  L.,2,"flowers yellow or white, rarely purple, lilac or rose-coloured",WHITE
30. D.  tenerrima,2,no flower colour mentioned,UNKNOWN
32. D. trinervis,2,no flower colour mentioned,UNKNOWN
26. D. setosr,2,no flower colour mentioned,UNKNOWN
14. D.  humillima,2,no flower colour mentioned,UNKNOWN
5. D.  cachcmirii.a,2,flowers yellow,YELLOW
22. D. olgae,2,no flower colour mentioned,UNKNOWN
25. D.  radicans,2,no flower colour mentioned,UNKNOWN
3. D. amoena,2,no flower colour mentioned,UNKNOWN
24. D.  polyphylla,2,flowers yellow,YELLOW
4. D.  aubrieloides,2,no flower colour mentioned,UNKNOWN
9. D. ellipsoidea,2,no flower colour mentioned,UNKNOWN
6. D. cholaensis,2,no flower colour mentioned,UNKNOWN
13. D. gracillima,2,no flower colour mentioned,UNKNOWN
20. D.  nemorosa,2,no flower colour mentioned,UNKNOWN
29. D. slenocarpa,2,no flower colour mentioned,UNKNOWN
10. D. eriopoda,2,"flowers white, flowers yellowish white or yellow",WHITE
31. D. tibetica,2,no flower colour mentioned,UNKNOWN
2. D. altaica,2,no flower colour mentioned,UNKNOWN
17. D. lasiophylla,2,no flower colour mentioned,UNKNOWN
16. D.  lanceolala,2,no flower colour mentioned,UNKNOWN
33. D. winterbottomii,2,no flower colour mentioned,UNKNOWN
21. D. oariocarpa,2,no flower colour mentioned,UNKNOWN
11. D.  falconeri,2,no flower colour mentioned,UNKNOWN
"1. Draba affghanica  Boiss., Fl. Orient. Suppl. 55.1888. D. rostrata  Pohle in Fedde,",2,flowers yellow,YELLOW
2. Draba  altaica  (C. Meyer)  Bunge  in  Delect.  Sem. Hort.  Dorpat.  8.  1841.  D.,2,flowers white,WHITE
"3. Draba amoena  O. Schulz in Engler, Pflanzenr.  89:188, f.2.1927; Hara  in Hara",2,flowers pale violet,PURPLE/BLUE
4. Draba aubrietoides  Jafri  in Notes R. Bot.  Gard. Edinb. 22: 106. 1956 & in Fl.,2,flowers yellow,YELLOW
5. Draba cachemirica  Gandoger in Bull. Soc. Bot. France 46:418.1889. D. glacialis,2,flowers yellow,YELLOW
6. Draba cholaensis  W. Smith in Rec. Bot. Surv. India 4(7): 352.1913; Hara in Hara,2,flowers yellow,YELLOW
"7. Draba dasyastra  O. Schulz in Engler, Pflanzenr.  89 (IV.105): 265.1927.",2,flowers white,WHITE
"8. Draba data  Hook. f. & Thomson in J. Linn. Soc, Bot. 5:150.1861; Hook. f. &",2,flowers yellow,YELLOW
"9. Draba ellipsoidea  Hook. f. & Thomson in J. Linn. Soc, Bot. 5:153.1861; Hook,",2,flowers white,WHITE
10. Draba eriopoda  Turcz. in Bull. Soc. Nat. Mosc. 15:260.1842 & Fl. Baic.-dahur.,2,flowers yellow,YELLOW
"11. Draba  fakoneri  O. Schulz in Engler,  Pflanzenr.  89: 300. 1927; Jafri  in Fl. W.",2,flowers white,WHITE
"12. Draba glomerata  Royle, Illus. Bot. Himal. 1:71.1834.  D. glomerata Royle var.",2,flowers white,WHITE
"13. Draba gracillima  Hook. f. & Thomson in J. Linn. Soc, Bot. 5:153.1861; Hook,",2,flowers yellow,YELLOW
"14. Draba humillima  O.SchulzinEngler,Pflanzenr.  89:114.1927. D.alpina  auct.",2,flowers yellow,YELLOW
15. Draba korschinskyi  (O. Fedtsch.)  Pohle  in Act. Hort. Petrop. 31:  484.1914;,2,flowers yellow,YELLOW
"16. Draba lanceolata  Royle, Illus. Bot. Himal. 1: 72.1834. D. lanceolata Royle var.",2,flowers white,WHITE
"17. Draba lasiophylla  Royle, Illus. Bot. Himal. 1:71.1834; Hook. f. & T. Anderson",2,no flower colour mentioned,UNKNOWN
"1927. D. incana  auct. non L. 1753; Hook. f. & T. Anderson, 1. c ,  p. p.",2,flowers white,WHITE
18. Draba ludlowiana  Jafri  in Notes R. Bot. Gard. Edinb. 22:105.1956.,2,flowers white,WHITE
19. Draba melanopus  Komarov in Trav. Soc. Nat. Petersb. Bot. 26: 102. no. 179.,2,flowers light yellow,YELLOW
"20. Draba nemorosa L., Sp. PI. 643.1753. D. muralis auct. non L. 1753; Hook. f. &",2,flowers yellow,YELLOW
"21. Draba oariocarpa  O.SchulzinEngler,Pflanzenr.89:  279.1927.  D.lasiophylla",2,flowers white,WHITE
"22. Draba  olgae  Regel  &  Schmalh.  in  Regel,  Descr.  PI. Nov. in  Fedtsch.,  Reise",2,flowers yellow or yellowish white,WHITE
"23. Draba  oreades  Schrenk  in Fischer  & Meyer, Enum.  PI. Nov. 2: 56. 1842.  D.",2,flowers yellow to yellowish white,WHITE
"24. Draba polyphylla  O. Schulz in Engler, Pflanzenr.  89:^ 180.1927.  D. elata  auct.",2,flowers yellow,YELLOW
"25. Draba radicans  Royle, Illus. Bot. Himal.  1: 71. 1834.  D.  alpina  auct.  non  L.",2,flowers yellow,YELLOW
"26. Drabasetosa  Royle, Illus. Bot. Himal. 1:71.1884. D.pyriformis  Pohle in Fedde,",2,flowers yellow,YELLOW
"27. Draba sikkimensis  (Hook. f. & Thomson) Pohle in Fedde, Repert. Spec. Nov.",2,flowers white,WHITE
"28. Draba  stenobotrys  Gilg  & O.  Schulz in  Engler,  Pflanzenr.  89: 291. 1927.  D.",2,flowers white,WHITE
"29. Draba stenocarpa  Hook. f. & Thomson  in J. Linn. Soc, Bot. 5: 153. 1861.  D.",2,flowers yellow or white,WHITE
30. Draba tenerrima  O. Schulz in Notizbl. Bot. Gart. Berlin 9: 640.1932 (incl. var.,2,no flower colour mentioned,UNKNOWN
"1973. Herbs,  annual, delicate; stems erect  simple, filiform, aphyllous, up to 4.5 cm high.",2,flowers green,OTHER
"31. Draba tibetica  Hook. f. & Thomson  in J. Linn. Soc, Bot. 5:152.1861; Hook.  f.",2,flowers yellowish white or yellow,WHITE
"32. Draba trinervis  O. Schulz in Engler, Pflanzenr.  89: 131. 1927; Jafri  in Fl. W.",2,flowers yellow,YELLOW
"33. Draba winterbottomii  (Hook. f.  & Thomson)  Pohle  in Fedde, Repert. Spec.",2,flowers white,WHITE
"26. Erophila  D C , nom. cons.",2,"flowers white, rarely pinkish",WHITE
"27. Euclidium  R. Br., nom. cons.",2,flowers white,WHITE
1. E. syriacum,2,no flower colour mentioned,UNKNOWN
"1. Euclidium  syriacum  (L.) R. Br. in Aiton, Hort. Kew., ed. 2, 4: 74. 1812; Hook,",2,no flower colour mentioned,UNKNOWN
"1763. Herbs,  annual,  diffuse,  10 - 20 cm  high;  stems  spreading  from  base,  cineraceous",2,no flower colour mentioned,UNKNOWN
2. Euclidium  tenuissimum  (Pallas)  O.  Fedtsch.  in Bull. Herb.  Boiss. 2(4): 915.,2,petals pinkish white,WHITE
28. Myagrum  L.,2,flowers yellow,YELLOW
"29. Neslia  Desv., nom. cons.",2,flowers yellow,YELLOW
1842. N.paniculata  (L.) Desv. subsp. thracica (Velent.)  Bornm. in Ostter Bot. Zeitschr.,2,no flower colour mentioned,UNKNOWN
30. Tauscheria  Fischer  ex DC.,2,no flower colour mentioned,UNKNOWN
31. Atelanthera Hook. f. & Thomson,2,flowers white,WHITE
32. Cheiranthus  L.,2,flowers bright orange-yellow,YELLOW
33. Erysimum  L.,2,"flowers orange, yellow or rarely purple",YELLOW
10. K. repandum,2,no flower colour mentioned,UNKNOWN
11. E. thomsonii,2,no flower colour mentioned,UNKNOWN
1. E. aitchisonii,2,no flower colour mentioned,UNKNOWN
2. E. altaicum,2,no flower colour mentioned,UNKNOWN
8. E. melicentae,2,no flower colour mentioned,UNKNOWN
1. Erysimum aitchisonii  O. Schulz in Notizbl. Bot. Gart. Berlin 9:1080.1927;  Jafri,2,flowers yellow,YELLOW
"2. Erysimum  altaicum  C. Meyer  in  Ledeb., Fl. Alt. 3: 153. 1831; Hook.  f.  &  T.",2,no flower colour mentioned,UNKNOWN
3. Erysimum cachemiricum  O. Schulz in Notizbl. Bot. Gart. Berlin  9: 1080.1927;,2,no flower colour mentioned,UNKNOWN
"4. Erysimum  deflexum  Hook.  f.  &  Thomson  in  J.  Linn.  Soc,  Bot. 5:  165. 1861;",2,flowers orange-yellow,YELLOW
"5. Erysimum funiculosum  Hook. f. & Thomson in J. Linn. Soc, Bot. 5:165.1861;",2,no flower colour mentioned,UNKNOWN
"6. Erysimum hieraciifolium  L., Cent. PI. 1:18.1755; Hook. f. & T. Anderson in Fl.",2,flowers yellow,YELLOW
"7. Erysimum longisiliquum  Hook. f. & Thomson in J. Linn. Soc, Bot. 5:166.1861;",2,no flower colour mentioned,UNKNOWN
8. Erysimum melicentae  Dunn in Bull. Misc. Inf. Kew 1920:366.1920. E.  odoratum,2,no flower colour mentioned,UNKNOWN
"9. Erysimum pachycarpum  Hook. f. & Thomson in J. Linn. Soc, Bot. 5:167.1861;",2,flowers orange-yellow,YELLOW
"10. Erysimum repandum  L., Demonstr.  PI. 17. 1753; Hook.  f.  & T. Anderson  in",2,flowers yellow,YELLOW
"11. Erysimum thomsonii  Hook. f. in J. Linn. Soc, Bot. 5:165.1861; Hook. f. & T.",2,no flower colour mentioned,UNKNOWN
"34. Goldbachia  D C ,  nom. cons.",2,flowers faintly purple,PURPLE/BLUE
"35. Malcolmia  R. Br., nom. cons.",2,flowers white or purple,WHITE
2. M. intermedia,2,no flower colour mentioned,UNKNOWN
"1. Malcolmia  africana  (L.) R. Br. in Aiton, Hort. Kew. ed. 2, 4:121.1812;  Hook,",2,flowers pink to purple,PINK
"2. Malcolmia intermedia  C. A. Mey., Verz. Pfl. Cauc. 186.1831. M. taraxacifolia",2,flowers whitish,WHITE
"3. Malcolmia  strigosa  Boiss. in Ann. Sci. Nat. ser. 2,17: 70. 1842; Hook. f.  & T.",2,flowers whitish,WHITE
36. Pycnoplinthus  O. Schulz,2,flowers white,WHITE
"37. Capsella  Medikus, nom. cons.",2,petals white,WHITE
38. Cardaria  Desv.,2,flowers white,WHITE
39. Cochlearia  L.,2,flowers green-ish white or yellow,WHITE
1. Cochlearia cochlearioides  (Roth) Santapau & Maheshw. in J. Bombay Nat. Hist.,2,flowers yellow,YELLOW
"2. Cochlearia himalaica  Hook.  f.  & Thomson  in J. Linn. Soc, Bot. 5: 154.1861;",2,flowers greenish white,WHITE
"40. Coronopus  Zinn., nom. cons.",2,flowers white,WHITE
"1799. S. didyma  (L.) Pers., Syn. PL 2:185.1807.",2,no flower colour mentioned,UNKNOWN
41. Dilophila  Thomson,2,no flower colour mentioned,UNKNOWN
42. Hedina  Ostenf.,2,flowers white,WHITE
43. Hymenolobus  Nutt. ex Torrey &  Gray,2,flowers white,WHITE
"1838. Lepidium  procumbens  L., Sp. PI. 2: 643. 1753.  Capsella elliptica  C. Meyer  in",2,no flower colour mentioned,UNKNOWN
44. Iberis  L.,2,flowers rose or white,WHITE
3. I. sempervirens,2,no flower colour mentioned,UNKNOWN
4. I. umbellata,2,no flower colour mentioned,UNKNOWN
"1. Iberis amara  L., Sp. PI. 649.1753; Jafri  in Fl. W. Pakistan  55: 79.1973.",2,flowers white,WHITE
"2. Iberis odorata  L., Sp. PI. 649.1753.",2,flowers white,WHITE
"3. Iberis sempervirens  L., Sp. Pi. 648.1753.",2,"flowers white, sometimes tinged-lilac",WHITE
"4. Iberis umbellata  L., Sp. PI. 649.1753.",2,"flowers rose-coloured, shades of rose or purple",RED
45. Isatis  L.,2,flowers yellow or white,WHITE
"1. Isatis costata  C. Meyer in Ledeb., F t  Alt. 3: 204.1831; Hook. f.  & T. Anderson",2,flowers yellow,YELLOW
"2. Isatis tinctoria  L., Sp. PI. 670.1753; Hook. f. & T. Anderson in Fl. Brit. India 1:",2,flowers yellow,YELLOW
46. Lepidium  L.,2,flowers white or pink or sulphur yellow,WHITE
6. L.  perfoliatum,2,no flower colour mentioned,UNKNOWN
9. L. sativum,2,no flower colour mentioned,UNKNOWN
5. L. obtusum,2,no flower colour mentioned,UNKNOWN
"1. Lepidium africanum  (Burm. f.)  D C ,  Syst. Nat. 2: 552. 1821, quoad  basionym,",2,no flower colour mentioned,UNKNOWN
"2. Lepidium apetalum  Willd., Sp. PL 3. 439.1800. L.  ruderale  auct. non L.; Hook.",2,no flower colour mentioned,UNKNOWN
"3. Lepidium  capitatum  Hook.  f.  & Thomson  in  J.  Linn.  Soc,  Bot.  5:  175. 1861;",2,flowers white,WHITE
"4. Lepidium latifolium  L.,  Sp. PI. 644. 1753; Hook. f.  & T. Anderson  in Fl. Brit.",2,flowers white,WHITE
5. Lepidium obtusum  Basiner in Bull. CI. Phys.-Math. Acad. Imp. Sci. St.-Petersb.,2,flowers white,WHITE
"6. Lepidium perfoliatum  L., Sp. PI. 643.1753; Babu, Herb. Fl. DehraDun  59.1977.",2,no flower colour mentioned,UNKNOWN
"7. Lepidium pinnatifidum  Ledeb., Fl. Ross. 1:206.1841; Chowdhery & Wadhwa,",2,no flower colour mentioned,UNKNOWN
"8. Lepidium ruderale  L., Sp. PI. 645.1753; Hook. f. & T. Anderson in Fl. Brit. India",2,no flower colour mentioned,UNKNOWN
"9. Lepidium sativum  L., Sp. PI. 644.1753; Hook. f. & T. Anderson in Fl. Brit. India",2,flowers white or pinkish,WHITE
"10. Lepidium virginicutn  L., Sp. PL 645.1753; Maheshwari  & Paul in J.  Bombay",2,flowers white,WHITE
47. Megacarpaea  DC.,2,flowers white or creamy yellow,WHITE
1. M. bifida,2,no flower colour mentioned,UNKNOWN
1. Megacarpaea bifida  Benth. in Hooker's J. Bot. Kew Garden Misc. 7: 357.1855;,2,no flower colour mentioned,UNKNOWN
2. Megacarpaea  polyandra  Benth. in Hooker's J. Bot. Kew Garden  Misc. 7: 356,2,flowers white or creamy yellow,WHITE
48. Thlaspi  L.,2,"flowers white or pink, rarely yellow",WHITE
4. T.  kotschyanum,2,no flower colour mentioned,UNKNOWN
5. T.  monUnum,2,no flower colour mentioned,UNKNOWN
"1. Thlaspi andersonii  (Hook. f. & Thomson) O. Schulz in Ann. Akad. Wiss. Wien,",2,flowers white or pale rose,WHITE
"2. Thlaspi arvense  L., Sp. PI. 646.1753; Hook. f.  & T. Anderson in Fl. Brit. India",2,flowers white,WHITE
"3. Thlaspi cochlearioides  Hook. f. & Thomson in J. Linn. Soc, Bot. 5:177.1861;",2,"flowers white, tinged with purple",WHITE
"4. Thlaspi  kotschyanum  Boiss. & Hohen  in Boiss., Diagn. Ser.  1, 8: 39. 1849.  T.",2,no flower colour mentioned,UNKNOWN
"5. Thlaspi montanum  L., Sp. PI. 647.1753.  T. cochleariforme  auct. non D C ; Singh",2,flowers white or pinkish purple,WHITE
6. Thlaspi septigerum  (Bunge) Jafri  in Notes R. Bot. Gard. Edinb. 22:119.1956;,2,"flowers white, purple or pink, rarely yellow",WHITE
"49. Chorispora  R. Br. ex D C ,  nom cons.",2,"flowers pink, lilac or violet",PINK
4. C. sibirica,2,flowers yellow,YELLOW
2. C.  macropda,2,no flower colour mentioned,UNKNOWN
"1. Chorispora bungeana  Fischer & Meyer in Shrenk, Enum. PI. Nov. 1: 96.1841;",2,flowers bluish-pink,PINK
2. Chorispora macropoda  Trautv. in Bull. Soc. Nat. Mosc. 33:1.109.1860; Jafri  in,2,no flower colour mentioned,UNKNOWN
"3. Chorispora  sabulosa  Cambess. in Jacquem., Voy. Bot. 15,1.15. 1844; Hook.  f.",2,no flower colour mentioned,UNKNOWN
4. Chorispora sibirica  (L.) DC. Syst. Nat. 2:437.1821; Hook. f. & T. Anderson in,2,no flower colour mentioned,UNKNOWN
"5. Chorispora tenella (Pallas) D C , Syst. Nat. 2:435.1821; Hook. f. & T. Anderson",2,flowers light purple,PURPLE/BLUE
"50. Matthiola  R. Br., nom. cons.",2,flowers white or purple,WHITE
"1. Matthiola flavida  Boiss., Diagn. PI. Nov. Or. 1,6:9.1845.  M. odoratissima  auct.",2,flowers purplish,PURPLE/BLUE
"2. Matthiola incana (L.) R. Br. in Aiton, Hort. Kew. ed. 2,4:120.1812; Jafri in Fl.",2,flowers purplish,PURPLE/BLUE
1. Matthiola tenera  Rech. f. in Fl. Iran. 57: 235.1968.,2,no flower colour mentioned,UNKNOWN
"2. Matthiola tristis  (L.) R. Br. in Aiton, Hort. Kew. ed. 2.4:120.1812.  Cheiranthus",2,no flower colour mentioned,UNKNOWN
51. Notoceras  R.Br.,2,flowers white,WHITE
"52. Parrya  R. Br., sensu lato",2,flowers white or purple,WHITE
5. P. platycarpa,2,no flower colour mentioned,UNKNOWN
1. Parrya chitralensis Jafri in Notes R. Bot. Gard. Edinb. 22(2): 115.1956 & in Fl.,2,no flower colour mentioned,UNKNOWN
"2. Parrya exscapa  Ledeb., Icon. PI. Ross. 1:21, t. 86.1829; Hook. f. & T. Anderson",2,flowers purple,PURPLE/BLUE
3. Parrya minjanensis  Rech. f. in Phyton 3:62.1951. P. stenocarpa  Karelin & Kir.,2,flowers white or lilac,WHITE
4. Parrya  nudicaulis  (L.)  Regel  in Bull. Soc. Nat.  Mosc. 34(3):  176. 1861.  Car-,2,no flower colour mentioned,UNKNOWN
"1821. Neurotoma  nudicaule  (L.) D C , Prodr. 1:156.1824. Parrya macrocarpa  R. Br. in",2,no flower colour mentioned,UNKNOWN
"5. Parrya platycarpa  Hook. f. & Thomson in J. Linn. Soc, Bot. 5:136.1861; Hook,",2,flowers white,WHITE
54. Aphragmus  Andrz. ex DC.,2,flowers white or pinkish,WHITE
55. Arabidopsis  Heynh.,2,flowers white or rose-coloured,WHITE
8. A. thaliana,2,no flower colour mentioned,UNKNOWN
9. A. wallichii,2,no flower colour mentioned,UNKNOWN
4. A. pumila,2,no flower colour mentioned,UNKNOWN
1. A. himalaica,2,no flower colour mentioned,UNKNOWN
2. A. lasiocarpa,2,no flower colour mentioned,UNKNOWN
"1. Arabidopsis  himalaica  (Edgew.)  O. Schulz in Engler,  Pflanzenr.  86 (IV.105):",2,flowers pink,PINK
"2. Arabidopsis  lasiocarpa  O. Schulz in Engler,  Pflanzenr.  86(IV.105): 282. 1924.",2,flowers white or lilac,WHITE
"3. Arabidopsis mollissima  (C. Meyer) N. Busch, Fl. Sib. & Or. Extr.  1:136.1913.",2,no flower colour mentioned,UNKNOWN
"1861. Herbs, biennial or perennial, 7 - 45 cm high, erect, simple or branched, glabrous or",2,flowers white or pinkish,WHITE
"4. Arabidospsis pumila  (Stephan) N. Busch, Fl. Cauc. Crite. 3,4:457 & 465.1909.",2,"flowers yellow, turning white",WHITE
5. Arabidopsis russelliana  Jafri  in Notes R. Bot. Gard. Edinb. 22: 97.1956; R.  R.,2,flowers white,WHITE
"6. Arabidopsis  stricta  (Cambess.)  N.  Busch,  Fl.  Cauc.  Crite.  3,  4:  457.  1909.",2,flowers pale rose-coloured,RED
7. Arabidopsis taraxacifolia  (T. Anderson) Jafri  in Fl. W. Pakistan  55: 274.1973.,2,petals pale rose or white,WHITE
"8. Arabidopsis  thaliana  (L.)  Heynh.  in  Holl.  & Heynh., Fl. Sachs.  1: 538. 1842.",2,flowers white,WHITE
"1909. Sisymbrium  wallichii Hook. f. & Thomson in J. Linn. Soc, Bot. 5:158.1861; Hook,",2,flowers white or pale pinkish,WHITE
56. Arcyosperma  O. Schulz,2,no flower colour mentioned,UNKNOWN
"1862. Herbs, perennial, low, 4 -15 cm high, glabrous or sparsely hairy; rootstock  covered",2,flowers white or pink,WHITE
57. Braya  Sternh. &  Hoppe,2,"flowers pink, bluish or white or sometimes pale yellowish",WHITE
3. B. tibetica,2,no flower colour mentioned,UNKNOWN
1. Braya  rosea  (Turcz.)  Bunge  in Del. Sem. Hort. Dorpat  7.1839; Hook. f.  & T.,2,"flowers pale purple, rose or rarely white",WHITE
"2. Braya thomsonii  Hook. f. in J. Linn. Soc, Bot. 5:168.1861.  B.  alpina  auct. non",2,flowers white,WHITE
"3. Braya tibetica  Hook. f.  & Thomson in J. Linn. Soc, Bot. 5:168.1861; Hook.  f.",2,flowers white or pink-ish,WHITE
58. Camelina  Crantz,2,flowers yellow,YELLOW
"59. Descurainia  Webb & Berth., nom. cons.",2,flowers yellow or cream-coloured,YELLOW
60. Guillenia  E.  Greene,2,flowers white or pinkish,WHITE
1. G. axillare,2,no flower colour mentioned,UNKNOWN
4. G.  minutiflorum,2,no flower colour mentioned,UNKNOWN
"1983. Sisymbrium  axillare Hook. f. & Thomson in J. Linn. Soc, Bot. 5:102.1861; Hook,",2,flowers white,WHITE
1. Guillenia  duthiei  (O.  Schulz)  Bennet  in  J.  Econ.  Tax. Bot.  4  (2): 593. 1983.,2,flowers white,WHITE
3. Guillenia flaccidum  (O. Schulz) Bennet  in J. Econ. Tax. Bot. 4 (2): 593.1983.,2,flowers white,WHITE
4. Guillenia  minutiflorum  (Hook. f.  & Thomson) Bennet in J. Econ. Tax. Bot. 4,2,flowers white,WHITE
61. Lignariella  Baehni,2,"flowers blue, pinkish or white",WHITE
1. Lignariella  hobsonii  (Pearson)  Baehni  in Candollea  15: 57. 1955.  Cochlearia,2,flowers blue or occasionally white or rarely mauve,WHITE
2. Lignariella obscura  (Dunn) Jafri  in Candollea  134.1957.  Draba obscura  Dunn,2,flowers white,WHITE
62. Sisymbrium  L.,2,flowers usually yellow,YELLOW
6. S.  officinale,2,no flower colour mentioned,UNKNOWN
4. S. irio,2,no flower colour mentioned,UNKNOWN
3. S.  heteromalum,2,no flower colour mentioned,UNKNOWN
1. S. altissimum,2,no flower colour mentioned,UNKNOWN
"1. Sisymbrium altissimum  L., Sp. PI. 659.1753.  S.panonicum  Jacq., Icon. PI. Rar.",2,flowers pale yellow,YELLOW
"2. Sisymbrium brassiciforme  C.Meyer in Ledeb.,Fl. Alt. 3.129.1831. S.  columnae",2,flowers pale yellow,YELLOW
3. Sisymbrium heteromallum  C. Meyer in Ledeb. Fl. Alt. 3:132.1831; Jafri  in Fl.,2,flowers pale yellow,YELLOW
"4. Sisymbrium irio  L., Sp. PI. 659.1753; Hook. f. & T. Anderson  in Fl. Brit. India",2,flowers yellow,YELLOW
"5. Sisymbrium  loeselii  L., Cent. PI. 1:18.  no. 49.1755; Hook. f. & T. Anderson in",2,flowers yellow,YELLOW
"6. Sisymbrium  officinale  (L.)  Scop., Fl. Cam.  2: 26. 1772; Naqshi  in Geobios 2:",2,flowers yellow,YELLOW
"7. Sisymbrium orientate  L., Cent. PI. 2: 24.1756.  S. columnae  Jacq., Fl. Austr.  t.",2,flowers pale yellow,YELLOW
63. Smelowskia  C. Meyer,2,flowers pale yellow or whitish,WHITE
64. Torularia  (Coss.) O. Schulz,2,"petals ca 4 mm long, 1.5-3 mm wide, purplish",PURPLE/BLUE
"9. MITRA,  K. (1978)  Contribution  to  the pollen  morphology of  the  family  Capparaceae.  Bull. Bot.  Surv.",2,no flower colour mentioned,UNKNOWN
7. Stixis,2,no flower colour mentioned,UNKNOWN
6. Maerua,2,no flower colour mentioned,UNKNOWN
1. Cadaba,2,no flower colour mentioned,UNKNOWN
1. Cadaba  Forsskal,2,no flower colour mentioned,UNKNOWN
2. C.  trifoliata,2,no flower colour mentioned,UNKNOWN
1. Cadaba  fruticosa  (L.)  Druce  in  Bot.  Exch.  CI. Soc. Brit.  Isles  3: 415.  1914.,2,flowers greenish to creamy-white,WHITE
2. Capparis  L.,2,no flower colour mentioned,UNKNOWN
7. C. dccidua,2,no flower colour mentioned,UNKNOWN
21. C. rheedei,2,no flower colour mentioned,UNKNOWN
10. C.  flavicans,2,no flower colour mentioned,UNKNOWN
18. C. nilgiriensis,2,no flower colour mentioned,UNKNOWN
3. C. brevispina,2,no flower colour mentioned,UNKNOWN
8. C.  divaricata,2,no flower colour mentioned,UNKNOWN
13. C. grandiflora,2,no flower colour mentioned,UNKNOWN
27. C  splnosa,2,no flower colour mentioned,UNKNOWN
17. C.  multiflora,2,no flower colour mentioned,UNKNOWN
29. C. zeylanica,2,no flower colour mentioned,UNKNOWN
15. C. micracantha,2,no flower colour mentioned,UNKNOWN
1. C. acutifolia,2,no flower colour mentioned,UNKNOWN
2. C. assamica,2,no flower colour mentioned,UNKNOWN
20. C. pachyphylla,2,no flower colour mentioned,UNKNOWN
26. C. sikkimensis,2,no flower colour mentioned,UNKNOWN
11. C.  floribunda,2,no flower colour mentioned,UNKNOWN
4. C. cantoniensis,2,no flower colour mentioned,UNKNOWN
14. C. grandis,2,no flower colour mentioned,UNKNOWN
16. C. moonii,2,no flower colour mentioned,UNKNOWN
5. Ccinerea,2,flowers purple or violet,PURPLE/BLUE
9. C. diversifolia,2,flowers greenish white,WHITE
25. C. shevaroyensis,2,no flower colour mentioned,UNKNOWN
22. C.  rotundifoiia,2,no flower colour mentioned,UNKNOWN
"1. Capparis acutifolia  Sweet, Hort. Brit. ed. 2. 585.1830.  C. sabiaefolia  Hook.  f.",2,flowers white with green striations,WHITE
2. Capparis assamica  Hook. f. & Thomson in Fl. Brit.  India 1:177.1872. Fig. 42.,2,flowers white,WHITE
"3. Capparis brevispina  D C , Prodr. 1: 246.1824.  C. zeylanica  auct. non. L. 1762-",2,"flowers white or pale creamy, drying pink",WHITE
"4. Capparis cantoniensis  Lour., Fl. Cochinch. 331.1790; ibid. ed. Willd. 404.1793;",2,"flowers greenish white, fading to pink",WHITE
5. Capparis cinerea  Jacobs in Blumea  12: 444 - 445.1965.,2,flowers white with a tinge of pink,WHITE
"6. Capparis cleghornii  Dunn in Bull. Misc. Inf. Kew  1916:61.1916, descr.; Gamble,",2,"flowers white, purple on ageing",WHITE
"7. Capparis  decidua  (Forsskal)  Edgew. in. J. Linn. Soc. Lond., Bot. 6: 184.1862.",2,"flowers coral-pink, brick-red, orange-red, or yellowish",YELLOW
"8. Capparis divaricata  Lam., Encyl. Meth. Bot. 1:606.1785; Hook. f. & Thomson",2,flowers green or red,RED
"9. Capparis  diversifolia  Wight & Arn., Prodr. 1: 27.1834; Hook. f. & Thomson in",2,flowers reddish-purple to violet,RED
10. Capparis flavicans  Kurz in J. Asiat. Soc. Bengal 39(2): 62.1870.  C.flavicans,2,flowers yellow or rosy pink,YELLOW
"11. Capparis  floribunda  Wight, Illus. 1:33, t.  14.1840; Hook. f. & Thomson in Fl.",2,no flower colour mentioned,UNKNOWN
"1896. Shrubs, scandent, woody, 2 - 4 m tall; twigs straight, glabrous, rarely puberulous with",2,flowers white,WHITE
12. Capparis  fusifera  Dunn  in Bull.  Misc. Inf.  Kew  1914: 377.  1914; Joseph  &,2,flowers greenish-white,WHITE
13. Capparis grandiflora  Hook. f.  & Thomson  in Fl. Brit. India  1: 174.1872.  C.,2,flowers white with orange throat,WHITE
"14. Capparis grandis  L. f.,  Suppl. 263.1781; Hook. f. & Thomson in Fl. Brit. India",2,flowers white to creamy,WHITE
"15. Capparis  micracantha  D C ,  Prodr.  1: 247. 1824; Hook. f.  &  Thomson  in Fl.",2,flowers white or creamy with blue to lavender centre,WHITE
"4. Fruits  globose  to  ovoid  with 4 longitudinal  sutures, 5 - 7 x 3 - 4  cm,  orange  red  or",2,no flower colour mentioned,UNKNOWN
"16. Capparis  moonii  Wight, Illus.  1: 35. 1840; Hook.  f.  &  Thomson  in Fl. Brit.",2,"flowers white, purplish on ageing",WHITE
17. Capparis  multiflora  Hook.  f.  &  Thomson  in  Fl.  Brit.  India  1:  178. 1872.,2,flowers white or greenish-white,WHITE
"18. Capparis nilgiriensis  Subbarao, Kumari & Chandras. in J. Bombay Nat. Hist.",2,flowers white,WHITE
19. C'apparis olacifolia  Hook. f. & Thomson in Fl. Brit. India  1:178.1872.,2,flowers white,WHITE
20. Capparis pachyphylla  Jacobs in Blumea 12: 476 - 477.1965.,2,flowers white or purple,WHITE
"21. Capparis rheedei  D C , Prodr. 1:246.1824 (as rheedii).  C. heyneana  Wallich ex",2,flowers pale blue or white,WHITE
"22. Capparis rotundifolia  Rottler, Neue. Schr. Ges. Naturf. Fr.  Berl. 4:185.1803.",2,flowers white or greenish-white,WHITE
"23. Capparis roxburghii  D C ,  Prodr.  1: 247 - 248.1824; Hook. f.  &  Thomson  in",2,flowers white,WHITE
"24. Capparis sepiaria  L., Syst. Nat. ed. 10. 2: 1071.1759; Hook. f. & Thomson in",2,flowers white,WHITE
25. Capparis  shevaroyensis  Sund.-Ragh.  in Kew Bull. 37: 72.1982.  C. parviflora,2,flowers white or creamy white,WHITE
26. Capparis  sikkimensis  Kurz  in  J.  Asiat.  Soc.  Bengal  43(2):  181. 1875.  C.,2,flowers white,WHITE
"27. Capparis spinosa  L., Sp. PI. 503.1753; Hook. f. & Thomson in  Fl. Brit. India",2,"flowers white suffused with red, fading rosy-pink to purple",WHITE
1872. C. galeata Fresen. in Mus. Senck. 2: 111.  1837.,2,"flowers white, tinged pink or mauve",WHITE
"28. Capparis  tenera  Dalz. in Hook., J. Bot. Kew Gard. Misc. 2: 41.1850; Hook.  f.",2,flowers white,WHITE
"29. Capparis zeylanica  L., Sp. PI. ed. 2.720.1762. C. horrida L. f.,  Suppl. 264.1781;",2,"flowers white, fading to pink or purple",WHITE
3. Cleome  L.,2,no flower colour mentioned,UNKNOWN
9. C.  monophylla,2,no flower colour mentioned,UNKNOWN
7. C.  fimbriata,2,flowers white or yellowish,WHITE
8. C.  gynandra,2,flowers pink or reddish violet,PINK
13. C. speciosa,2,no flower colour mentioned,UNKNOWN
3. C.  aspera,2,no flower colour mentioned,UNKNOWN
10. C.  rutidosperma,2,no flower colour mentioned,UNKNOWN
1. C.  angustifolia,2,flowers yellow,YELLOW
14. C. vahliana,2,flowers pinkish or purplish,PINK
6. C.  felina,2,no flower colour mentioned,UNKNOWN
"1. Cleome  angustifolia  Forsskal,  Fl. Aegypt.-Arab.  120.  1775.  C. tenella  L.  f.,",2,flowers yellow with purple veins,YELLOW
"2. Cleome ariana  Hedge  & Lammond in Rech. f.,  Fl. Iran. 68:17,  f. 2.1970;  Jafri",2,flowers white or purplish-pink,WHITE
"3. Cleome aspera  Koenig ex D C , Prodr. 1: 241.1824; Hook. f. &  Thomson in Fl.",2,flowers white or creamy yellow with orange or reddish streaks,WHITE
"4. Cleome burmannii  Wight & Arn., Prodr.  1:  22.1824; Hook. f.  & Thomson  in",2,flowers white or rarely purple,WHITE
"5. Cleome  chelidonii  L. f.,  Suppl. PI. 300. 1781; Hook.  f.  & Thomson  in Fl. Brit.",2,"flowers white, pink or rosy purple",WHITE
"6. Cleome felina  L. f.,  Suppl. PI. 300.1781; Hook.  f. & Thomson  in Fl. Brit. India",2,no flower colour mentioned,UNKNOWN
"1980. Polanisia felina  (L. f.) D C , Prodr.  1:242.1824.",2,flowers pink or purple,PINK
7. Cleome  fimbriata  Vicary in J. Asiat. Soc. Bengal  16:1158.1847 & in Ann. Nat.,2,flowers yellow with purple or lilac veins,YELLOW
"8. Cleome gynandra  L., Sp. PI. ed. 1.671.1753.  Gynandropsispentaphylla  (L.) DC.",2,flowers white or creamy yellow,WHITE
"9. Cleome monophylla  L., Sp. PI. 672.1753; Hook. f.  & Thomson  in Fl. Brit. India",2,"flowers pink, light purple, mauve or white",WHITE
"10. Cleome rutidosperma  D C ,  Prodr.  1: 241.1824; Mukherjee  in Indian For. 95:",2,"flowers showy pink, magenta, bluish-violet or rarely white with pink streaks",WHITE
"11. Cleome scaposa  D C , Prodr. 1:239.1824.  C.papillosa  Steudel, Nomencl. Bot.",2,"flowers yellow, creamy or occasionally white or rose-pink",WHITE
"1872. Polanisia simplicifolia  Cambess. in Jacq. Voy. Bot. 20, t. 20,1844.  C. asperrima",2,flowers pink or purple,PINK
"1. Sepals  narrowly triangular,  acuminate.",2,no flower colour mentioned,UNKNOWN
"2. Petals 4 - 5 mm  long,  oblanceolate,",2,no flower colour mentioned,UNKNOWN
3. Pedicels  totally hispid.,2,no flower colour mentioned,UNKNOWN
4. Stamens  8 -15; filaments,2,no flower colour mentioned,UNKNOWN
5. Seeds with  closed  cleft.,2,no flower colour mentioned,UNKNOWN
"13. Cleomespeciosa  Raf.,Fl.Ludovic.86.1817.  Gynandropsisspeciosa(Raf.)T>C,",2,"flowers pink, rosy or purple, rarely white",WHITE
14. Cleome vahliana  Fresen. in Mus. Senck. 2:110.1837.  C. brachycarpa Vahl ex,2,"flowers orange-yellow, yellow, creamy or rarely white",WHITE
1. Cleome hassleriana Chodat in Bull. Herb. Boiss. 6 (app. 1):  12.1898).,2,flowers purplish,PURPLE/BLUE
"2. Cleome spinosa  Jacq., PI. Carib. 26.1760.",2,flowers purple-pink or white,WHITE
7. Crateva  L.,2,"flowers first white, later creamy",WHITE
1. C. adansonii subsp. odora,2,no flower colour mentioned,UNKNOWN
3. C. religiosa,2,no flower colour mentioned,UNKNOWN
2. C. magna,2,no flower colour mentioned,UNKNOWN
1964. C. odora  Buch.-Ham.  in Trans. Linn. Soc. 15: 118. 1827.  C. roxburghii R. Br. in,2,"petals initially greenish-white, turning to yellow and finally fading to pink",WHITE
"2. Crateva magna  (Lour.)  D C ,  Prodr.  1: 243. 1824.  Capparis magna  Lour.,  Fl.",2,flowers white or creamy,WHITE
4. Crateva unilocularis  Buch.- Ham. in Trans. Linn. Soc. 15:121.1827.,2,flowers white or pale creamy,WHITE
5. Dipterygium  Decsne,2,flowers yellow or creamy,YELLOW
6. Maerua  Forsskal,2,no flower colour mentioned,UNKNOWN
1. Maerua  apetala  (Roth)  Jacobs  in Blumea  12(2): 207. 1964.  Capparis apetala,2,"flowers green or white, purple tinged",WHITE
"2. Maerua oblongifolia  (Forsskal) A. Rich, in Guill. & Pers., Fl. Seneg. Tent.  1:32,",2,flowers white or green-ish-yellow,WHITE
7. Stixis  Lour.,2,flowers yellow,YELLOW
2. S. suaveolens,2,no flower colour mentioned,UNKNOWN
"1. Stixis  scandens  Lour.,  Fl.  Cochinch.  295.  1790  &  1. c.  361. 1793.  Roydsia",2,flowers yellowish,YELLOW
2. Stixis  suaveolens  (Roxb.) Pierre  in Bull. Soc. Linn. Paris  1: 654.1887.  Roydsia,2,flowers pale yellow or greenish-yellow,YELLOW
1. Ochrudenus,2,no flower colour mentioned,UNKNOWN
1. Ochradenus  Del.,2,flowers yellowish green,YELLOW
"2. Oligomeris  Cambess., nom. cons.",2,flowers greenish white,WHITE
3. Reseda  L.,2,flowers white or cream coloured or yellowish green,WHITE
3. R. luteola,2,no flower colour mentioned,UNKNOWN
"1. Reseda alba  L., Sp. PI. 449.1753; Sharma et aL in Biol. Mem. 2 (1 & 2): 14.1972.",2,no flower colour mentioned,UNKNOWN
"2. Reseda aucheri  Boiss., Diagn. ser. 1,1:5.1«44:  Hook. f. & Thomson in Fl. Brit.",2,flowers yellow,YELLOW
"3. Reseda luteola  L., Sp. PI. 448.1753; Gamble, F t  Pres. Madras 1:34.1957 (repr.",2,flowers yellow,YELLOW
"4. Reseda pruinosa  Del., Fl. Egypte 15.1813; Hook. f. & Thomson in Fl. Brit. India",2,flowers white or cream-coloured,WHITE
2. Rinorea,2,no flower colour mentioned,UNKNOWN
1. Hybanthus,2,no flower colour mentioned,UNKNOWN
3. Viola,2,no flower colour mentioned,UNKNOWN
1. Hybanthus  Jacq.,2,flowers red,RED
1. H.  ennaeaspermus,2,flowers pink,PINK
"1. Hybanthus enneaspermus  (L.) F. Muell., Fragm. Phyt. Austr. 10:81.1876.  Viola",2,flowers red,RED
"2. Hybanthus travancoricus  (Beddome)  Melchior  in Engler  & Prantl,  Pflanzen-",2,flowers pink,PINK
2. Rinorea  Aublet,2,no flower colour mentioned,UNKNOWN
2. R. heteroclita,2,no flower colour mentioned,UNKNOWN
3. R. longiracemosa,2,no flower colour mentioned,UNKNOWN
"1. Rinorea  bengalensis  (Wallich)  O.  Ktze, Rev.  Gen.  PI.  1: 42.  1891.  Alsodeia",2,flowers white,WHITE
"2. Rinorea heteroclita  (Roxb.) Craib, Fl. Siam. Enum.  1: 89.1925.  Vareca hetero-",2,flowers white,WHITE
"3. Rinorea  longiracemosa  (Kurz)  Craib, Fl. Siam. Enum.  1: 90. 1925.  Alsodeia",2,flowers yellowish-white,WHITE
"4. Rinorea macrophylla  (Decne.)  O. Ktze, Rev. Gen. PI. 1: 42.1891; P. Chakrab.",2,flowers greenish yellow,YELLOW
3. Viola  L.,2,no flower colour mentioned,UNKNOWN
1. V. hamiltoniana  D. Don;  m. V. pilosa  Blume;  n. V. indica W.  Becker;  o. V.,2,no flower colour mentioned,UNKNOWN
33. V. tricolor,2,no flower colour mentioned,UNKNOWN
16. V. jangiensis,2,no flower colour mentioned,UNKNOWN
14. V.  inconspicua,2,no flower colour mentioned,UNKNOWN
1. V.  betonicifolia,2,no flower colour mentioned,UNKNOWN
8. V.  fedtschenkoana,2,no flower colour mentioned,UNKNOWN
18. V.  kunawarensis,2,no flower colour mentioned,UNKNOWN
19. V.  macroceros,2,no flower colour mentioned,UNKNOWN
22. V.  paravaginal,2,no flower colour mentioned,UNKNOWN
11. V.  hediniana,2,no flower colour mentioned,UNKNOWN
3. V. bulbosa subsp.  tubcrifera,2,no flower colour mentioned,UNKNOWN
6. V. cinerea var. stocksli,2,no flower colour mentioned,UNKNOWN
20. V.  moupinensis,2,no flower colour mentioned,UNKNOWN
12. V. hooker!,2,no flower colour mentioned,UNKNOWN
17. V. jordanii var.  falconer!,2,no flower colour mentioned,UNKNOWN
21. V. odorata,2,no flower colour mentioned,UNKNOWN
30. V. suavis,2,no flower colour mentioned,UNKNOWN
5. V. canescens,2,no flower colour mentioned,UNKNOWN
24. V. pilosa,2,no flower colour mentioned,UNKNOWN
26. V. pogonantha,2,no flower colour mentioned,UNKNOWN
25. V. placida,2,no flower colour mentioned,UNKNOWN
35. V. yunnanensis,2,no flower colour mentioned,UNKNOWN
"1. Viola  betonicifolia  J.  Smith  in  Rees,  Cyclop.  37(1):  Viola  no.  7.  1817.  V.",2,flowers white to purple,WHITE
"1825. Leaves 2 - 8 x 1 - 3  cm, glabrous to more  or less pubescent; petioles 4 -10  cm long,",2,flowers lilac,OTHER
"2. Viola biflora  L., Sp. PI. 2:936.1753. Hook. f. & Thomson in Fl. Brit. India 1:182.",2,flowers yellow with brownish purple veins,YELLOW
"3. Viola bulbosa  Maxim,  subsp. tuberifera  (Franchet)  W. Becker  in  Beih.  Bot.",2,flowers white with red or purple veins,WHITE
"4. Viola cameleo  Boiss. in Bull. Herb. Boiss. ser. 2 , 1 : 1074.1901; Hara  in Fl. E.",2,flowers deep or pale yellow with slight violet tinge or entirely violet,YELLOW
"5. Viola canescens  Wallich in Roxb., Fl. Ind. 2: 450.1824.  V. serpens  Wallich var.",2,flowers pale violet,PURPLE/BLUE
6. Viola cinerea  Boiss. var. stocksii (Boiss.) W. Becker in Beih. Bot. Centralbl. Abt.,2,flowers pale violet or white,WHITE
"7. Viola diffusa  Ging. in D C , Prodr. 1:298.1824; Hook. f. & Thomson in Fl. Brit.",2,flowers pale purple to nearly white,WHITE
"8. Viola  fedtschenkoana  W. Becker  in O. Fedtsch., Fl. Az. Ross. 8: 31.1915; S. P.",2,flowers pale violet,PURPLE/BLUE
9. Viola glaucescens  Oudem. in Miq. Ann. Mus. Bot. Lugd.-Bat. 3: 74. 1867.  V.,2,flowers white or rose purple,WHITE
"10. Viola hamiltoniana  D. Don, Prodr. FL Nep. 206. Feb. 1825.  V. arcuata  Blume,",2,flowers white to light violet,WHITE
"11. Viola hediniana  W. Becker in Beih. Bot. Centralbl. Abt. 2,34:262.1916; Sparre",2,flowers yellow,YELLOW
"12. Viola hookeri  Thomson in Fl. Brit. India  1:183.1872, pro  max. parte,  emend.",2,flowers white with purple veins,WHITE
"13. Viola  hossei  W.  Becker  in  Beih.  Bot.  Centralbl.  Abt.  2, 34: 257.  1916; S.  P.",2,flowers violet,PURPLE/BLUE
"14. Viola inconspicua  Blume, Cat.  Gew. Buitenz. 57. 1823.  V. apetala  auct.  non",2,flowers pale purple with dark throat,PURPLE/BLUE
"15. Viola  indica  W.  Becker  in  Beih.  Bot.  Centralbl.  Abt.  2, 20:  126,  1906; S. P.",2,flowers lilac,OTHER
16. Viola jangiensis  W. Becker in Bull. Misc. Inf. Kew 1929: 201.1929.,2,flowers pale violet,PURPLE/BLUE
17. Viola jordanii  Hanry var. falconeri  (Hook. f. & Thomson) W. Becker in Beih.,2,"flowers blue, with white markings in throat",WHITE
"18. Viola kunawarensis  Royle, Illus. Bot. Himal. 74, t.  18, f.  3. 1839; Hook.  f.  &",2,flowers purple,PURPLE/BLUE
"19. Viola macroceros  BungeinLedeb., Fl. Alt. 1:256.1829.  K/?a/n'w7sensuHook.",2,flowers purple to white,WHITE
20. Viola moupinensis  Franchet in Bull. Soc. Bot. France 33: 412.1886; Sparre  &,2,flowers white or pale violet,WHITE
"21. Viola odorata  L., Sp. PI. 934.1753; Hook. f. & Thomson in Fl. Brit. India 1:184.",2,"flowers violet or white, tinged with purple",WHITE
22. Viola paravaginal  Hara in J. Jap. Bot. 4147.1968 & Fl. E. Himal. 2:82.1971.,2,flowers white to purplish or mauve with purple streaks,WHITE
"23. Viola philippica  Cav., Icon. Descr. 6:19.1801; W. Becker in Engler, Bot. Jahrb.",2,flowers pale to dark violet,PURPLE/BLUE
"24. Viola pilosa  Blume, Cat. Gew. Buitenz. 57.1823. V. serpens  Wallich  ex Ging.",2,flowers white or pale violet,WHITE
"25. Viola placida  W.  Becker  in Beih.  Bot.  Centralbl. Abt.  2, 36: 58. 1918; S. P.",2,flowers lilac,OTHER
26. Viola pogonantha  W. Smith in Notes R. Bot. Gard. Edinb. 12:228.1920; Sparre,2,flowers white with purple striations,WHITE
"27. Viola reichenbachiana  Jordan  ex Boreau, Fl. Centr. France, ed. 3, 2:78.1857;",2,flowers violet,PURPLE/BLUE
28. Viola rupestris  F  W.Schmidt in Neue. Abh. Bohm. Ges.l: 60.1791. V.arenaria,2,flowers violet or white,WHITE
"29. Viola sikkimensis  W. Becker in Beih. Bot. Centralbl. Abt. 2, 34: 260.1916.  V.",2,flowers creamy-white with purplish tinge,WHITE
"30. Viola suavis  M. Bieb., Fl. Taur.-Cauc. 3: 164.1819; E. E. Todd, in J. R.  Hort.",2,flowers violet with white centre,WHITE
31. Viola sylvatica  Fries ex Hartman  f. in Bot. Notiser 81.1841.  V. canina  L. var.,2,flowers violet,PURPLE/BLUE
"32. Viola thomsonii  Oudem. in Miq., Ann. Mus. Bot. Lugd.-Bat. 3: 74.1867; Hara",2,flowers pale violet,PURPLE/BLUE
"33. Viola tricolor  L., Sp. PI. 935. 1753; Hook. f.  & Thomson  in Fl. Brit. India  1:",2,"multicoloured or a mixture of yellow, blue, purple and violet",YELLOW
"34. Viola wallichiana  Ging. in D C ,  Prodr.  1: 300.1824.  V. reniforniis  Wallich in",2,flowers yellow,YELLOW
35. Viola yunnanensis  W. Becker  & Boiss. in Bull. Herb. Boiss. 8: 740.1908; S. P.,2,flowers white,WHITE
1. Bixa,2,flowers yellow,YELLOW
2. Cochlospermum,2,no flower colour mentioned,UNKNOWN
1. Bixa  L.,2,no flower colour mentioned,UNKNOWN
"1872. Engl.:  Anatto-tree,  Amatlo;  Hindi:  Sinduriva;  Kan.:  Rangamala;  Mar.:  Sendri;",2,"flowers light red, pink to white",WHITE
"2. Cochlospermum  Kunth ex D C ,  nom. cons.",2,flowers yellow,YELLOW
2. Casearia,2,no flower colour mentioned,UNKNOWN
3. Flacourtia  p. p. (F.  inermis),2,no flower colour mentioned,UNKNOWN
1. Bennettiodendron,2,no flower colour mentioned,UNKNOWN
3. Flacourtia,2,no flower colour mentioned,UNKNOWN
10. Xylosma,2,no flower colour mentioned,UNKNOWN
6. Hydnocarpus,2,no flower colour mentioned,UNKNOWN
4. Gynocardia,2,no flower colour mentioned,UNKNOWN
7. Pangium,2,no flower colour mentioned,UNKNOWN
8. Ryparosa,2,no flower colour mentioned,UNKNOWN
5. Homalium,2,no flower colour mentioned,UNKNOWN
1. Bennettiodendron  Merr.,2,flowers greenish yellow,YELLOW
2. Casearia  Jacq.,2,no flower colour mentioned,UNKNOWN
10. C. vareca,2,no flower colour mentioned,UNKNOWN
11. C. wynadensis,2,no flower colour mentioned,UNKNOWN
6. C. kurzii,2,no flower colour mentioned,UNKNOWN
5. C. grewiaefolia var. gelonoides,2,no flower colour mentioned,UNKNOWN
3. C. glomerate,2,no flower colour mentioned,UNKNOWN
4. C. graveolens,2,no flower colour mentioned,UNKNOWN
7. C. rubens,2,no flower colour mentioned,UNKNOWN
8. C. Uiwaitesii,2,no flower colour mentioned,UNKNOWN
2. C.  championii,2,no flower colour mentioned,UNKNOWN
"1. Casearia andamanica  King in J. Asiat.Soc. Bengal 67:16.1898; C. E. Parkinson,",2,flowers greenish white,WHITE
"2. Casearia championii  Thwaites, Enum. PL Zeyl. 19.1858.  C. esculenta  auct. non",2,flowers greenish yellow,YELLOW
"3. Casearia glomerata  Roxb. ex D C ,  Prodr. 2: 49.1825; C. B. Clarke in Fl. Brit.",2,flowers yellow,YELLOW
4. Casearia graveolens  Dalz. in Hook. J. Bot. 4:107.1852; C. B. Clarke in Fl. Brit.,2,no flower colour mentioned,UNKNOWN
"5. Casearia grewiaefolia  Vent. var. gelonoides  (Blume) Sleumer in Fl. Males. I, 6:",2,flowers whitish to yellowish green,WHITE
6. Casearia  kurzii  C. B. Clarke in Fl. Brit. India  2:594.1879.,2,flowers whitish,WHITE
"7. Casearia  rubens  Dalz. in  Hook., J.  Bot. 4:  108. 1852; C. B. Clarke in Fl. Brit.",2,flowers greenish white,WHITE
"8. Casearia  thwaitesii  Briq.,  Ann.  Cons. Jard.  Bot.  Geneve  62.  1898; Alston  in",2,flowers light green,OTHER
"9. Casearia tomentosa  Roxb., Fl. Ind. 2: 421.1832; C. B. Clarke in Fl. Brit. India",2,no flower colour mentioned,UNKNOWN
"1844. C. elliptica  Willd., Sp. PI. 2:628.1799, nom. superfl. (based onA  lanceolata Lam.).",2,flowers greenish white,WHITE
"10. Casearia vareca  Roxb., Fl. Ind. 2: 418.1832; C. B. Clarke in Fl. Brit. India 2:",2,flowers greenish grey or whitish,WHITE
"11. Casearia wynadensis  Beddome, Icon. PI. Ind. Or. 1.160.1874; C. B. Clarke in",2,no flower colour mentioned,UNKNOWN
"12. Casearia zeylanica  (Gaertner)  Thwaites, Enum. PI. Zeyl. 19. 1858; Alston  in",2,flowers yellow,YELLOW
3. Flacourtia  L'Herit.,2,no flower colour mentioned,UNKNOWN
1. F.  helferi,2,no flower colour mentioned,UNKNOWN
3. F. jangomas,2,no flower colour mentioned,UNKNOWN
4. F. latifolia,2,no flower colour mentioned,UNKNOWN
5. F. montana,2,no flower colour mentioned,UNKNOWN
2. F. indica,2,no flower colour mentioned,UNKNOWN
1. Flacourtia  helferi  Gamble  ex Ridley  in  J.  Bot.  74: 223. 1936.  F.  sumatrana,2,no flower colour mentioned,UNKNOWN
"2. Flacourtia  indica  (Burm.  f.)  Merr.,  Interpr.  Rumph.  Herb. Amb. 377. 1917;",2,flowers yellowish green,YELLOW
"3. Flacourtia jangomas  (Lour.)  Raeusch., Nom. Bot. ed. 3: 290.179""; Sleumer in",2,flowers greenish white,WHITE
"4. Flacourtia latifolia  (Hook. f. & Thomson) Cooke, Fl. Bombay Pres.  1:56.1901.",2,flowers yellowish green,YELLOW
"5. Flacourtia montana  Grahams, Cat. PI. Bombay 10.1839; Hook. f. & Thomson,",2,flowers creamy white,WHITE
"1. Flacourtia inermis  Roxb., PL Corom. 3:16, t.222.1811; Hook. f. & Thomson in",2,no flower colour mentioned,UNKNOWN
"2. Flacourtia rukkam  Zoll. & Mor., Syst. Verz. 33.1846; Hook. f.  & Thomson  in",2,greenish yellow,YELLOW
4. Gynocardia  R.Br.,2,no flower colour mentioned,UNKNOWN
5. Homalium  Jacq.,2,no flower colour mentioned,UNKNOWN
4. H.  tomentosum,2,no flower colour mentioned,UNKNOWN
3. H.  nepaulense,2,no flower colour mentioned,UNKNOWN
6. H.  Iravancoricum,2,no flower colour mentioned,UNKNOWN
"1. Homalium ceylanicum  (Gardner) Benth. in J. Proc. Linn. Soc, Bot. 4: 35.1860",2,no flower colour mentioned,UNKNOWN
2. Homalium jainii  A.N. Henry & Swamin. in J. Bombay Nat. Hist. Soc. 78: 570.,2,flowers greenish yellow,YELLOW
"3. Homalium  napaulense  (DC.) Benth. in J. Proc. Linn. Soc, Bot. 4: 34.1866; C.",2,flowers white,WHITE
"4. Homalium schlichii  Kurz, For. Fl. Brit. Burma  1: 532.1877; C. B. Clarke in Fl.",2,flowers white,WHITE
"5. Homalium  tomentosum  (Vent.)  Benth. in J. Proc. Linn. Soc, Bot. 4: 34.1860;",2,no flower colour mentioned,UNKNOWN
"1803. Deciduous trees, 20 - 40 m tall, buttressed with straight up to 1 m diam. trunk when",2,no flower colour mentioned,UNKNOWN
"6. Homalium  travancorium  Beddome, Fl. Sylv. 2:  t. 211.1872; C.B. Clarke  in Fl.",2,flowers greenish white,WHITE
6. Hydnocarpus  Gaertn.,2,no flower colour mentioned,UNKNOWN
2. H.  kurzii,2,no flower colour mentioned,UNKNOWN
3. H.  macrocarpa,2,no flower colour mentioned,UNKNOWN
1. H. alpina,2,no flower colour mentioned,UNKNOWN
"1. Hydnocarpus alpina  Wight, Icon. PI. Ind. Or. t. 942.1845; Hook. f. & Thomson",2,flowers greenish white,WHITE
"2. Hydnocarpus kurzii  (King) Warb. in Engler  & Prantl, Pflanzenfam.  3, 60: 21. f.",2,flowers pale yellow,YELLOW
"3. Hydnocarpus macrocarpa  (Beddome) Warb. in Engler & Prantl,  Pflanzenfam.",2,flowers greenish white,WHITE
"4. Hydnocarpus pentandra  (Buch.-Ham.) Oken, Allg. Naturgesh. 3,2:1381.1841.",2,no flower colour mentioned,UNKNOWN
1. Hydnocarpus  castanea  Hook. f. & Thomson  in Fl. Brit. India  1:197.1872.,2,no flower colour mentioned,UNKNOWN
2. Hydnocarpus  sharmae  P. S. N. Rao & Sreek. in Nord. J. Bot. 12: 225.1992.,2,no flower colour mentioned,UNKNOWN
7. Pangium  Reinw.,2,waxy white,WHITE
8. Ryparosa  Blume,2,flowers pale yellowish,YELLOW
"9. Scolopia  Schreb., nom. cons.",2,no flower colour mentioned,UNKNOWN
4. S. spinosa,2,no flower colour mentioned,UNKNOWN
3. S.  kermodii,2,no flower colour mentioned,UNKNOWN
1. S.  acuminata,2,no flower colour mentioned,UNKNOWN
"1. Scolopia acuminata  Clos in Ann. Sci. Nat. 4, 8: 251.1857.  S. crenata  auct. non",2,flowers pinkish white,WHITE
"2. Scolopia crenata  (Wight) Clos in Ann. Sci. Nat. 4, 8: 250.1857, excl. specimen.",2,flowers white to yellowish white,WHITE
3. Scolopia  kermodii  C.  Fischer  in  Bull.  Misc.  Inf.  Kew  1935: 574.  1935.  S.,2,flowers white,WHITE
"4. Scolopia spinosa  (Roxb.) Warb. in Engler & Prantl, Pflanzenfam.  3,62:29.1893;",2,no flower colour mentioned,UNKNOWN
"1832. Phoberos roxburghii Bennett in Bennett & Br., Fl. Jav. Rar. 192.1840, nom. illegit.",2,flowers pale pinkish white,WHITE
"10. Xylosma  G. Forster,  nom. cons.",2,no flower colour mentioned,UNKNOWN
1. X. congestum,2,no flower colour mentioned,UNKNOWN
2. X. controversum,2,no flower colour mentioned,UNKNOWN
3. X.  longifolium,2,no flower colour mentioned,UNKNOWN
1. Xylosma  congestum  (Lour.)  Merr.  in  Philip. J.  Sci.  15: 247. 1919; Raizada  in,2,flowers yellowish,YELLOW
"2. Xylosma controversum  Clos in Ann. Sci. Nat. Hist. ser. 4,8: 231.1857; Hook.  f.",2,no flower colour mentioned,UNKNOWN
"3. Xylosma longifolium  Clos in Ann. Sci. Nat. 4,8:231.1857; Hook. f. & Thomson",2,no flower colour mentioned,UNKNOWN
9. P.  podocarpum,2,no flower colour mentioned,UNKNOWN
1. P.  anamallayense,2,no flower colour mentioned,UNKNOWN
2. P.  ceylanicum,2,no flower colour mentioned,UNKNOWN
8. P.  neelgherrense,2,no flower colour mentioned,UNKNOWN
10. P.  tetraspermum,2,no flower colour mentioned,UNKNOWN
6. P.  humile,2,no flower colour mentioned,UNKNOWN
11. P.  viridulum,2,no flower colour mentioned,UNKNOWN
5. P.  ferrugineum,2,no flower colour mentioned,UNKNOWN
3. P.  dasycaulon,2,no flower colour mentioned,UNKNOWN
"1. Pittosporum anamallayense  Nayar & Giri in Fasc. Fl. Ind. 6: 4, ff.  1 - 5.1980.",2,no flower colour mentioned,UNKNOWN
"2. Pittosporum  ceylanicum  Wight, Illus. 1:173.  1839; Hook. f.  & Thomson  in Fl.",2,flowers light yellowish,YELLOW
"3. Pittosporum  dasycaulon  Miq., Anal. Bot. Ind. 3: 5.1850; Hook. f.  & Thomson",2,no flower colour mentioned,UNKNOWN
"4. Pittosporum  eriocarpum  Royle,  Illus.  Bot.  Himal.  1:  77.  1834;  Hook.  f.  &",2,flowers yellow,YELLOW
"5. Pittosporum ferrugineum  Aiton, Hort. Kew. ed.2:27.1811; Hook. f. & Thomson",2,flowers white or pale green,WHITE
6. Pittosporum humile  Hook. f. & Thomson  in Fl. Brit.  India  1:198.1872.,2,no flower colour mentioned,UNKNOWN
7. Pittosporum  napaulense  (DC.)  Rehder  & Wilson  in PI. Wilson. 3: 326. 1916.,2,flowers pale yellow,YELLOW
"8. Pittosporum  neelgherrense  Wight  &  Arn.,  Prodr.  1:  154.  1834;  Hook.  f.  &",2,flowers pale yellow,YELLOW
9. Pittosporum podocarpum  Gagnepain  in Notul. Syst. 8: 211.1939.  P. glabratum,2,no flower colour mentioned,UNKNOWN
"10. Pittosporum  tetraspermum  Wight  & Arn.,  Prodr.  1:  154. 1834; Hook.  f.  &",2,flowers yellowish-green,YELLOW
"11. Pittosporum  viridulum  Nayar  et  al.  in  Fasc.  Fl.  India  6:  11, ff.  1 - 4 .  1980.",2,no flower colour mentioned,UNKNOWN
3. Salomonia,2,no flower colour mentioned,UNKNOWN
4. Securidaca,2,no flower colour mentioned,UNKNOWN
1. Epirixanthes  Blume,2,flowers cream-yellow,YELLOW
2. Polygala  L.,2,no flower colour mentioned,UNKNOWN
593. KEY TO  THE  SPECIES,2,no flower colour mentioned,UNKNOWN
23. P. tartarinowii,2,no flower colour mentioned,UNKNOWN
10. P. furcata,2,no flower colour mentioned,UNKNOWN
2. P. arillata,2,no flower colour mentioned,UNKNOWN
26. P.  umbonata,2,no flower colour mentioned,UNKNOWN
25. P.  tricholopha,2,no flower colour mentioned,UNKNOWN
11. P. globulifera,2,flowers pale lilac,OTHER
16. P. karensinm,2,flowers greenish yellow or brown,YELLOW
19. P.  mariesii,2,petals lavender blue,PURPLE/BLUE
9. P.  sibirica,2,flowers purple or yellow,YELLOW
18. P.  longifolia,2,no flower colour mentioned,UNKNOWN
12. P. irregularis,2,no flower colour mentioned,UNKNOWN
1. P. abyssinica,2,no flower colour mentioned,UNKNOWN
20. P.  persicariifolia,2,petals pink,PINK
9. P. erioplera,2,"petals blue, purple or purplish white",WHITE
15. P.  crotalarioides,2,flowers blue,PURPLE/BLUE
24. P.  telephioides,2,no flower colour mentioned,UNKNOWN
15. P. javana,2,no flower colour mentioned,UNKNOWN
14. P. japonica,2,no flower colour mentioned,UNKNOWN
27. P. wightiana,2,no flower colour mentioned,UNKNOWN
8. P. elongata,2,no flower colour mentioned,UNKNOWN
4. P. bulbothrix,2,no flower colour mentioned,UNKNOWN
5. P.  buxiformis,2,no flower colour mentioned,UNKNOWN
21. P.  rosmarinifolia,2,no flower colour mentioned,UNKNOWN
13. P.jacobii,2,no flower colour mentioned,UNKNOWN
3. P. arvensis,2,petals yellowish or dull orange,YELLOW
17. P.  linarifolia,2,flowers white with purple or violet tips,WHITE
1. Polygala abyssinica  Fresen. in Mus. Senck. 2:273.1837; Bennett in FL Brit. India,2,flowers purple or pink,PINK
"2. Polygala arillata  D. Don, Prodr. Fl. Nep. 199.1825; Bennett in Fl. Brit. India 1:",2,flowers bright yellow to deep orange,YELLOW
"3. Polygala arvensis  Willd., Sp. PI. 3(2): 876.1803. P. chinensis  auct. nonL. 1753;",2,"flowers usually yellow, sometimes purplish white and pink-streaked",WHITE
"4. Polygala bulbothrix  Dunn  in Gamble, Fl. Pres. Madras  1: 58. 1915 &  in Bull.",2,flowers pink or yellow,YELLOW
"5. Polygala buxiformis  Hassk. in Miq., Ann. Mus. Lugd.- Bat. 1:161.1864; Bennett",2,petals violet or blue,PURPLE/BLUE
"6. Polygala chinensis  L., Sp. PL 2:704.1753; Bennett in Fl. Brit. India  1:204.1872.",2,flowers pale blue or greenish white with pink violet blotches,WHITE
"7. Polygala crotalarioides  Buch.-Ham. ex D C , Prodr.  1:327.1824; Bennett in Fl.",2,flowers purple or purplish white,WHITE
"8. Polygala elongata  Klein in Willd., Sp. PI. 3: 879.1802; Bennett  in Fl. Brit. India",2,flowers yellow,YELLOW
"9. Polygala  erioptera  D C ,  Prodr.  1: 326. 1824; Bennett  in Fl. Brit.  India  1: 203.",2,no flower colour mentioned,UNKNOWN
"1872. Herbs,  annual  or  perennial,  erect,  ascending  or  prostrate,  somewhat  pubescent;",2,flowers pink or purple,PINK
"10. Polygala furcata  Royle, Illus. Bot. Himal. 3:78, t.  19B (1 - 4). 1834. P. triphylla",2,flowers yellow,YELLOW
"11. Polygala globulifera  Dunn in J. Linn. Soc, Bot. 35:486.1903; Mukerjee  in Bull.",2,no flower colour mentioned,UNKNOWN
1985. P. arillata forma kachinensis  Mukerjee  in  Bull. Bot. Soc. Bengal 12: 30.1958.,2,no flower colour mentioned,UNKNOWN
"12. Polygala irregularis  Boiss., Diagn. ser. 1,1: 8.1842 & Fl. Orient.  1: 469.1867;",2,petals pink or purple,PINK
13. Polygala jacobii  Chandrab. in Bull. Bot. Surv. India 9:288 - 290.1967. P.  dunnii,2,flowers yellow,YELLOW
"14. Polygala japonica  Houtt.,  Handl.  10, t. 62, f.  1. 1779.  P. khasyana  Hassk. in",2,flowers purple to lavender blue,PURPLE/BLUE
"15. Polygala javana  D C , Prodr. 1:324.1824;  Bennett in Fl. Brit. India  1:201.1872.",2,no flower colour mentioned,UNKNOWN
"1975. P. sibirica var. heyneana  Bennett in Fl. Brit. India 1:205.1872,  p. p. P. javana  var.",2,flowers yellow with purple crest,YELLOW
16. Polygala karensium  Kurz in J. Asiat. Soc. Bengal 41(2): 292. 1872;  Mukerjee,2,"flowers white, tipped purple",WHITE
"17. Polygala  linarifolia  Willd., Sp. PI. 3: 877.  1803. P. chinensis  L. var. linarifolia",2,flowers yellow,YELLOW
"18. Polygala longifolia  Poiret in Lam., Encycl. 5:501.1804.  P. leptalea  D C ,  Prodr.",2,flowers pink or purplish white,WHITE
"19. Polygala  mariesii  Hemsley in J. Linn. Soc, Bot. 23: 61, t. 2B, ff.  7 -13. 1886;",2,flowers greenish yellow or brown,YELLOW
"20. Polygala persicariifolia  D C ,  Prodr.  1: 326. 1824; Bennett  in Fl. Brit. India  1:",2,flowers rose-purple or reddish-violet with pink streaks,PINK
"21. Polygala rosmarinifolia  Wight  & Arn., Prodr.  1: 37.1834; Bennett  in Fl. Brit.",2,flowers yellow with red markings,YELLOW
"22. Polygala sibirica  L., Sp. PI. 702.1753; Bennett in Fl. Brit. India  1: 205.1872, p.",2,flowers deep bluish purple,PURPLE/BLUE
23. Polygala  tartarinowii  Regel  in  Bull. Soc. Nat.  Moscou  34(2): 523. 1861.  P.,2,flowers rose-red to purple,RED
"24. Polygala telephioides Willd., Sp. PI. 3(2): 876.1802; Bennett in Fl. Brit. India 1:",2,flowers violet or blue,PURPLE/BLUE
"25. Polygala tricholopha  Chodat  in Mem. Soc. Phys. Geneva 31(2): 98,1.17, f. 20.",2,no flower colour mentioned,UNKNOWN
"1898. P. arillata  sensu Bennett  in Fl. Brit. India  1: 200.1872, p. p.",2,no flower colour mentioned,UNKNOWN
26. Polygala umbonata  Craib in Bull. Misc. Inf. Kew 1916: 260.1916; Mukerjee  in,2,no flower colour mentioned,UNKNOWN
"27. Polygala wightiana  Wight & Arn., Prodr. 38.1834; Gamble, Fl. Pres. Madras",2,flowers yellow,YELLOW
"3. Salomonia  Lour., nom. cons.",2,flowers violet,PURPLE/BLUE
1. S.  cantoniensis,2,no flower colour mentioned,UNKNOWN
"1. Salomonia cantoniensis  Lour., Fl. Cochinch. 17.1790.  S. eduntula  D C ,  Prodr.",2,petals light violet or pink,PINK
"1872. Polygala ciliata  L., Sp. PL 705. 1753.  S.  oblongifolia  D C ,  Prodr.  1: 334. 1824;",2,flowers pink or white and purplish tipped,WHITE
5. H,2,no flower colour mentioned,UNKNOWN
4. Securidaca  L.,2,"middle petal 5-6 mm long, keeled, crested; lateral petals 2, adnate at base to keel, truncate.",OTHER
1. X. andamanicum,2,no flower colour mentioned,UNKNOWN
2. X. burkillii,2,flowers white or yellowish,WHITE
3. X.  flavescens,2,no flower colour mentioned,UNKNOWN
1. Xanthophyllum  andamanicum  King in J. Asiat. Soc. Bengal  59(2): 135.  1891;,2,flowers white with pink flush,WHITE
2. Xanthophyllum  burkillii  J.R.  Drumm.  & Dunn  in  Bull. Misc. Inf.  Kew 1920:,2,flowers pale yellow or cream-coloured,YELLOW
"3. Xanthophyllum  flavescens  Roxb., PI. Corom. 3: 81, t. 284.1820; Bennett  in Fl.",2,flowers white or yellowish,WHITE
"4. Xanthophyllum vitellinum  (Blume) Dietr., Syn. PI. 2:1277.1840; Vasudeva Rao",2,flowers pink,PINK
19. Scleranthus,2,no flower colour mentioned,UNKNOWN
6. Drymaria,2,no flower colour mentioned,UNKNOWN
15. Polycarpaea,2,no flower colour mentioned,UNKNOWN
13. Myosoton,2,no flower colour mentioned,UNKNOWN
23. Stellaria,2,no flower colour mentioned,UNKNOWN
17. Pseudostellaria,2,no flower colour mentioned,UNKNOWN
9. Holosteum,2,no flower colour mentioned,UNKNOWN
3. Cerastium,2,no flower colour mentioned,UNKNOWN
1. Arenaria,2,no flower colour mentioned,UNKNOWN
2. Brachystemma,2,no flower colour mentioned,UNKNOWN
4. Cucubalus,2,no flower colour mentioned,UNKNOWN
11. Lychnis,2,no flower colour mentioned,UNKNOWN
5. Dianthus,2,no flower colour mentioned,UNKNOWN
1. Arenaria  L.,2,flowers white or pink,WHITE
16. A. melandryoides,2,no flower colour mentioned,UNKNOWN
5. A. debilis,2,no flower colour mentioned,UNKNOWN
24. A  thangocnsis,2,no flower colour mentioned,UNKNOWN
23. A  stracheyi,2,no flower colour mentioned,UNKNOWN
19. A  oreophila,2,no flower colour mentioned,UNKNOWN
20. A  polytrichoides,2,no flower colour mentioned,UNKNOWN
10. A  festucoides,2,no flower colour mentioned,UNKNOWN
13. A  kansuensis,2,no flower colour mentioned,UNKNOWN
8. A  edgeworthiana,2,no flower colour mentioned,UNKNOWN
21. A  pulvinata,2,no flower colour mentioned,UNKNOWN
12. Agriffithii,2,no flower colour mentioned,UNKNOWN
3. A  compressa,2,no flower colour mentioned,UNKNOWN
7. A  depauperate,2,no flower colour mentioned,UNKNOWN
1. Arenaria bryophylla  Fernald in Rhodora 21:5.1919. A.  musciformis  Wallich ex,2,no flower colour mentioned,UNKNOWN
2. Arenaria ciliolata  Edgew. in Fl. Brit. India 1:240.1874. A.  ramellata  F. Williams,2,flowers white,WHITE
3. Arenaria compressa  J. McNeill in Notes R. Bot. Gard. Edinb. 24:118.1962.  A.,2,flowers white,WHITE
"4. Arenaria curvifolia  Majumdar  in Blumea 26: 446, f.l  a-h. 1980.",2,no flower colour mentioned,UNKNOWN
"5. Arenaria debilis  Hook,  f.,  Fl. Brit. India  1: 242.1874.  A.  benthamii  Edgew. in",2,flowers white,WHITE
6. Arenaria  densissima  Wallich  ex Edgew.  & Hook. f.,2,no flower colour mentioned,UNKNOWN
"1874. Cherleria juniperina  D. Don,  Pr&dr. Fl. Nep. 214. 1825, non Arenaria  juniperina",2,no flower colour mentioned,UNKNOWN
7. Arenaria depauperata  (Edgew.) H. Hara  in J. Jap. Bot. 51:129.1976.  Stellaria,2,"flowers white, sometimes absent",WHITE
8. Arenaria  edgeworthiana  Majumdar  in  J.  Indian  Bot.  Soc.  44:  141. 1965.  A.,2,flowers white,WHITE
"9. Aretaaria ferruginea  Duthie ex F. Williams in J. Linn. Soc, Bot. 33: 410.1898.",2,no flower colour mentioned,UNKNOWN
"10. Arenaria  festucoides  Royle, Illus. Bot. Himal. 81, t. 21, f.  3. 1834; Edgew. &",2,no flower colour mentioned,UNKNOWN
11. Arenaria glanduligera  Edgew. in Fl. Brit. India  1: 240.1874.,2,flowers white or purplish,WHITE
"12. Arenaria griffithii  Boiss., Diagn. PI. Orient. 2,1: 89.1853; Edgew. & Hook.  f.",2,no flower colour mentioned,UNKNOWN
"13. Arenaria kansuensis  Maxim, in Bull. Acad. Imp. Sci. St. Petersb.  26:428.1880;",2,flowers white,WHITE
14. Arenaria littledalei  Hemsley in Bull. Misc. Inf. Kew 1896:209.1896.  Gooringia,2,flowers white,WHITE
"15. Arenaria melandryiformis  F. Williams in J. Linn. Soc, Bot. 38: 402.1909.",2,no flower colour mentioned,UNKNOWN
16. Arenaria melandryoides  Edgew. in Fl. Brit. India 1:241.1874. A. cerastiiformis,2,flowers white to pale rose,WHITE
"17. Arenaria neelgherrensis  Wight & Arn., Prodr. 43.1834; Edgew. & Hook. f. in",2,no flower colour mentioned,UNKNOWN
18. Arenaria  orbiculata  Royle ex Edgew. & Hook. f. in Fl. Brit. India  1:240.1874.,2,no flower colour mentioned,UNKNOWN
"19. Arenaria oreophila Hook, f.,  Fl. Brit. India  1: 238.1874.",2,no flower colour mentioned,UNKNOWN
20. Arenaria polytrichoides  Edgew. in Fl. Brit. India  1: 237.1874.,2,no flower colour mentioned,UNKNOWN
21. Arenaria pulvinata  Edgew. in Fl. Brit. India  1: 238.1874.,2,no flower colour mentioned,UNKNOWN
"22. Arenaria serpyllifolia  L., Sp. PI. 423.1753; Edgew. & Hook. f. in Fl. Brit. India",2,flowers white,WHITE
23. Arenaria stracheyi  Edgew. in Fl. Brit. India  1: 240.1874.,2,flowers white,WHITE
"3. Capsules 6-valved, shorter than  sepals; seeds somewhat auriform,  pale, smooth.",2,no flower colour mentioned,UNKNOWN
24. Arenaria thangoensis  W. Smith in Rec. Bot. Surv. India 4:180.1911.,2,no flower colour mentioned,UNKNOWN
2. Brachystemma  D. Don,2,flowers white,WHITE
3. Cerastium  L.,2,flowers white,WHITE
2. C. cerastoides,2,no flower colour mentioned,UNKNOWN
7. C.  thomsonii,2,no flower colour mentioned,UNKNOWN
1. C.  alpinum,2,no flower colour mentioned,UNKNOWN
5. C.  glomeratum,2,no flower colour mentioned,UNKNOWN
"1. Cerastium alpinum  L., Sp. PI. 438.1753; Kachroo et al., Fl. Ladakh 62.1977.",2,flowers white,WHITE
2. Cerastium  cerastoides  (L.)  Britton  in  Mem.  Torrey  Bot.  Club  5:  152. 1894.,2,flowers white,WHITE
"3. Cerastium  dahuricum  Fischer  in  Sprengel,  PI. Min.  Cogn.  Pug.  2: 65. 1815;",2,no flower colour mentioned,UNKNOWN
4. Cerastium fontanum  Baumg. subsp. triviale  (Link)  Jalas  in Arch. Soc. Zool.,2,no flower colour mentioned,UNKNOWN
"1874. Herbs,  laxly  caespitose,  hirsute  throughout  or  glandular-pubescent  upwards.",2,no flower colour mentioned,UNKNOWN
"5. Cerastium glomeratum  Thuill., Fl. Env. Paris ed. 2,226.  1799. C. vulgatum  auct.",2,flowers white,WHITE
"6. Cerastium  indicum  Wight  & Arn.,  Prodr. 43. 1834; Edgew.  & Hook.  f.  in  F t",2,no flower colour mentioned,UNKNOWN
"7. Cerastium thomsonii  Hook, f.,  Fl. Brit. India  1: 228.1874.",2,no flower colour mentioned,UNKNOWN
4. Cucubalus  L.,2,no flower colour mentioned,UNKNOWN
5. Dianthus  L.,2,no flower colour mentioned,UNKNOWN
4. D. chinensis,2,no flower colour mentioned,UNKNOWN
3. D. caryophyllus,2,no flower colour mentioned,UNKNOWN
7. D.  falconeri,2,no flower colour mentioned,UNKNOWN
"1. Dianthus anatolicus  Boiss., Diagn. PI. Orient.  1,1: 22.1843; Edgew. & Hook,",2,flowers white,WHITE
2. Dianthus cachemiricus  Edgew. in Fl. Brit. India.  1: 214.1874.,2,flowers pink,PINK
"10. Ovary on a long gynophore, 1-locular; styles 2.  Capsules opening by 4 teeth.",2,no flower colour mentioned,UNKNOWN
"3. Dianthus caryophyllus  L., Sp. PI. 411.1753; Edgew. & Hook. f. in Fl. Brit. India",2,flowers rose-purple or white,WHITE
"4. Dianthus  chinensis  L.,  Sp. P1.411.  1753. D.  seguierii  Villars, Prosp.  Hist. PI.",2,"petals pink to purple, rarely white",WHITE
"5. Dianthus  crinitus  Smith  in Trans. Linn.  Soc.,  Lond.  2: 300. 1794; Edgew.  &",2,flowers white to pale pink,WHITE
"6. Dianthus deltoides  L., Sp. PI. 411.1753; Edgew. & Hook. f. in Fl. Brit. India 1:",2,"petals pale flesh-coloured to rose-purple, rarely white",WHITE
7. Dianthus falconeri  Edgew. in Fl. Brit. India  1: 214.1874.,2,flowers pink,PINK
8. Dianthus jacquemontii  Edgew. in Fl. Brit. India  1: 214.1874.,2,flowers pink,PINK
"9. Dianthus  orientalis  Adams  in  Fried.  Weber. & Mohr,  Beitr.  1: 54.  1805.  D.",2,"petals rose, pink or white",WHITE
6. Drymaria  Schultes,2,flowers white,WHITE
1. D. diandra,2,no flower colour mentioned,UNKNOWN
"1. Drymaria diandra  Blume, Bijdr. 62.1825. D. cordata sensu Edgew. & Hook.  f.",2,flowers white,WHITE
2. Drymaria villosa  Cham. & Schlecht. in Linnaea 5: 232.1830; Mizushima  in Fl.,2,no flower colour mentioned,UNKNOWN
7. Gypsophila  L.,2,"petals white to pink, often with purple streaks",WHITE
"1. Gypsophila  cerastioides  D. Don, Prodr. Fl. Nep. 213.1825; Edgew. & Hook.  f.",2,flowers white or white with purple streaks,WHITE
2. Gypsophila sedifolia  Kurz in Flora 30: 285.1872; Edgew. & Hook. f. in Fl. Brit.,2,no flower colour mentioned,UNKNOWN
8. Herniaria  L.,2,no flower colour mentioned,UNKNOWN
2. H.  hirsuta,2,no flower colour mentioned,UNKNOWN
3. H.  incana,2,no flower colour mentioned,UNKNOWN
"1. Herniaria  cachemiriana  Gay  in  Duchartre,  Rev.  Bot.  2:  370.  1847; Singh  &",2,no flower colour mentioned,UNKNOWN
"2. Herniaria hirsuta  L., Sp. PL 218.1753; Edgew.  & Hook. f. in Fl. Brit. India 1:",2,no flower colour mentioned,UNKNOWN
"3. Herniaria incana  Lam., Encycl. 3:124.1789.  H. hirsuta  L. var. incana  (Lam.)",2,no flower colour mentioned,UNKNOWN
9. Holosteum  L.,2,flowers white,WHITE
10. Lepyrodiclis  Fenzl,2,no flower colour mentioned,UNKNOWN
"1. Lepyrodiclis holosteoides  (C. Meyer) Fischer & C. Meyer, Enum. PI. Nov. 1:",2,flowers white,WHITE
"2. Lepyrodiclis tenera  Boiss., Diagn. PI. Orient. 2. 1: 84. 1853. Arenaria tenera",2,flowers white,WHITE
11. Lychnis  L.,2,petals red or white,WHITE
"1. Lychnis coronaria  (L.) Desr. in Lam., Encycl. 3: 643.1792; Edgew. & Hook.  f.",2,flowers red-purple,RED
"2. Lychnis ischnopetala  (F. Williams) Majumdar, comb. nov. Hedona  ischnopetala",2,no flower colour mentioned,UNKNOWN
12. Minuartia  L.,2,petals white or pink,WHITE
4. M. sedoides,2,no flower colour mentioned,UNKNOWN
2. M. ebracteolata,2,no flower colour mentioned,UNKNOWN
"1. Minuartia  biflora  (L.) Schinz & Thell. in Bull. Herb. Boiss. 2, 7: 404. 1907; M.",2,no flower colour mentioned,UNKNOWN
2. Minuartia ebracteolata  Majumdar  & Giri in Candollea 38:343.1983.,2,no flower colour mentioned,UNKNOWN
3. Minuartia kashmirica  (Edgew.) Mattf. in Bot. Jahrb. Syst. 57 (Beibl. 126): 32.,2,no flower colour mentioned,UNKNOWN
4. Minuartia  sedoides  (L.)  Hiern  in  J.  Bot.  37: 321. 1899; Majumdar  &  Giri  in,2,no flower colour mentioned,UNKNOWN
13. Myosoton  Moench,2,flowers white,WHITE
14. Petrorhagia  (Ser.) Link,2,flowers white,WHITE
"15. Polycarpaea  Lam., nom. cons.",2,no flower colour mentioned,UNKNOWN
3. P. spicata,2,no flower colour mentioned,UNKNOWN
2. P.  diffusa,2,no flower colour mentioned,UNKNOWN
"1. Polycarpaea corymbosa  (L.) Lam., Tabl. Encycl. 2:129.1797; Edgew. & Hook,",2,flowers reddish,RED
1987. Fl. & Fr.  Aug. - March.,2,no flower colour mentioned,UNKNOWN
2. Polycarpaea  diffusa  Wight  &  Arn.  in Ann. Nat. Hist.  3: 91. 1839; Edgew.  &,2,no flower colour mentioned,UNKNOWN
3. Polycarpaea  spicata  Wight  & Arn.  in Ann. Nat.  Hist. 3: 91. 1839; Edgew.  &,2,no flower colour mentioned,UNKNOWN
16. Polycarpon  L.,2,flowers white,WHITE
1. Polycarpon prostratum  (Forsskal) Aschers. & Schweinf. in Oesterr. Bot. Z. 39:,2,no flower colour mentioned,UNKNOWN
"2. Polycarpon tetraphyllum  (L.) L., Syst. Nat. ed. 10,1:881.1759; Dunn in Gamble,",2,flowers white,WHITE
17. Pseudostellaria  Pax,2,flowers white,WHITE
18. Sagina  L.,2,flowers white,WHITE
4. S. purli,2,no flower colour mentioned,UNKNOWN
"1. Sagina apetala  Ard., Animadv. Bot. Sp. Alt. 2: 22, t. 8, f.  1.1763; Mizushima in",2,flowers white or absent,WHITE
2. Saginajaponica  (Sw.) Ohwi in J. Jap. Bot. 13: 438.1937.  Spergula japonica  Sw.,2,no flower colour mentioned,UNKNOWN
"8. Capsules  globose,  ovate  or  conical,  5-valved,  longer  than  calyx;  seeds  reniform,",2,no flower colour mentioned,UNKNOWN
"3. Sagina procumbens  L., Sp. PI. 128.1753; Mizushima in J. Jap. Bot. 35:193.1960.",2,flowers white or absent,WHITE
"4. Sagina purii  R. D. Gaur in J. Bombay Nat. Hist. Soc. 89: 236, ff.  1 A  - J. 1992.",2,flowers white,WHITE
"5. Sagina saginoides  (L.) Karsten, Deut. Fl. 539.1883. Spergula saginoides  L., Sp.",2,flowers white,WHITE
19. Scleranthus  L.,2,no flower colour mentioned,UNKNOWN
20. Silene  L.,2,no flower colour mentioned,UNKNOWN
9. S.  falconeriana,2,no flower colour mentioned,UNKNOWN
24. S. stewartii,2,no flower colour mentioned,UNKNOWN
15. S.  kunawurensis,2,no flower colour mentioned,UNKNOWN
27. S. viscosa,2,no flower colour mentioned,UNKNOWN
1. S.  amoena,2,no flower colour mentioned,UNKNOWN
20. S.  nigrescens,2,no flower colour mentioned,UNKNOWN
16. S.  laxantha,2,no flower colour mentioned,UNKNOWN
21. S.  rechingeri,2,no flower colour mentioned,UNKNOWN
8. S. falconer!,2,no flower colour mentioned,UNKNOWN
11. S.  gonosperma,2,no flower colour mentioned,UNKNOWN
19. S.  nepalensis,2,no flower colour mentioned,UNKNOWN
7. S. edgeworthii,2,no flower colour mentioned,UNKNOWN
4. S. cashmeriana,2,flowers white,WHITE
6. S. conoidea,2,no flower colour mentioned,UNKNOWN
25. S. vagans,2,no flower colour mentioned,UNKNOWN
"1. Silene amoena  L., Sp. PI. 417.1753. S. tenuis Willd., Enum. PI. 474.1809; Edgew.",2,flowers pale yellow or brown,YELLOW
"2. Silene caespitella  F. Williams in J. Linn. Soc, Bot. 38:403.1909.  S.  maheshwarii",2,flowers reddish,RED
"3. Silene cancellata  (Edgew. & Hook, f.) Majumdar  in  J. Indian Bot. Soc. 42:660.",2,no flower colour mentioned,UNKNOWN
4. Silene cashmeriana  (Royle ex Benth.) Majumdar  in J. Indian Bot. Soc. 42: 649.,2,flowers dirty white or brown,WHITE
"5. Silene colorata  Poiret, Voy. Barbarie 2:163.1789.  Silene intrusa  Wight & Arn.,",2,flowers rose-coloured,RED
"1874. Herbs, annual,  stout,  erect,  10 - 45 cm high, glandular-pubescent;  stems  dichoto-",2,flowers pink,PINK
7. Silene  edgeworthii  Bocq.  in  Candollea  22: 13. 1967.  Agrostemma,2,no flower colour mentioned,UNKNOWN
8. Silene falconeri  (Rohrb.) Bocq. in Candollea 22: 9.1967.  Melandrium  falconeri,2,no flower colour mentioned,UNKNOWN
"9. Silene falconeriana  Royle ex Benth. in Royle, Illus. Bot. Himal. 79, t. 20, f.  A",2,flowers white,WHITE
"1874. Herbs,  annual;  stems  erect,  10 - 45 cm  high,  often  branched,  sparsely  pubescent,",2,no flower colour mentioned,UNKNOWN
11. Siline  gonosperma  (Rupr.)  Bocq.  in  Candollea  22:  7.  1967.  Physolychnis,2,petals whitish or reddish purple,WHITE
"12. Silene indica  Roxb. ex Otth in D C , Prodr. 1:368.1824. Lychnis  indica  (Roxb.",2,petals brownish purple,PURPLE/BLUE
13. Silene khasiana  Rohrb. in Linnaea 36: 258.1869 -1870; Edgew. & Hook. f. in,2,flowers pale pink,PINK
"14. Silene kumaonensis  F. Williams in J. Linn. Soc, Bot. 32: 43.1896.",2,no flower colour mentioned,UNKNOWN
"15. Silene  kunawurensis  Royle  ex Benth.  in  Royle, Illus. Bot.  Himal.  79. 1834;",2,no flower colour mentioned,UNKNOWN
16. Silene Iaxantha  Majumdar  in J. Indian  Bot. Soc. 42:650.1963 (1964).  Lychnis,2,no flower colour mentioned,UNKNOWN
17. Silene madens  Majumdar  in J. Indian Bot. Soc. 42: 648.1963 (1964).  Lychnis,2,flowers dark purple,PURPLE/BLUE
"18. Silene moorcroftiana  Wallich ex Benth. in Royle, Illus. Bot. Himal. 79.1834;",2,flowers white or reddish,WHITE
19. Silene nepaiensis  Majumdar  in J. Indian Bot. Soc. 42:649.1963 (1964).  Lychnis,2,no flower colour mentioned,UNKNOWN
20. Silene  nigrescens  (Edgew.)  Majumdar  in  J.  Indian  Bot.  Soc.  42: 647.  1963,2,petals pink,PINK
21. Silene rechingeri  Bocq. in Candollea 22:11.1967.  Lychnis  cuneifolia  Royle ex,2,petals purple,PURPLE/BLUE
22. Silene  setisperma  Majumdar  in  J.  Indian  Bot.  Soc.  42:  649.  1963  (1964).,2,no flower colour mentioned,UNKNOWN
"1800. Lychnis  inflata  (Wallich ex G. Don)  Benth. in Royle, Illus. Bot. Himal. 80.1834;",2,no flower colour mentioned,UNKNOWN
"1967. Melandrium  songaricum Fischer, C. Meyer  & Ave-Lall., Suppl. Index Sem. Hort.",2,no flower colour mentioned,UNKNOWN
24. Silene  stewartii  (Edgew.)  Majumdar  in  Bull. Bot. Surv. India  16:  153. 1974.,2,flowers white,WHITE
"25. Silene vagans  C.B. Clarke in J. Linn. Soc, Bot. 25: 6.1889.",2,no flower colour mentioned,UNKNOWN
"26. Silene viridiflora  L.  forma  webbiana  (Wallich  ex Benth.)  Rohrb.,  Monogr.",2,no flower colour mentioned,UNKNOWN
"27. Silene viscosa  (L.) Pers., Syn. PI. 1: 497.1805. Cucubalus  viscosus  L., Sp. PI.",2,flowers white,WHITE
"28. Silene vulgaris  (Moench)  Garcke, Fl. N. Mitt. Deutschland  ed.  9, 64. 1869.",2,flowers white,WHITE
21. Spergula  L.,2,flowers white,WHITE
"1. Spergula arvensis  L., Sp. PI. 440.1753; Edgew. & Hook. f. in Fl. Brit. India  1:",2,flowers white,WHITE
"2. Spergula fallax  (Lowe) E.H. Krause in Sturm, Deutschl. Fl. ed. 2., 5: 21.1901.",2,flowers white,WHITE
"22. Spergularia  (Pers.) J. S. & C. Presl, nom. cons.",2,petals pink,PINK
23. Stellaria  L.,2,white,WHITE
6. S.  monosperma,2,no flower colour mentioned,UNKNOWN
16. S. wallichiana,2,no flower colour mentioned,UNKNOWN
10. S.  semivestita,2,no flower colour mentioned,UNKNOWN
1. S. decumbens,2,no flower colour mentioned,UNKNOWN
15. S. vestita,2,no flower colour mentioned,UNKNOWN
12. S. subumbellata,2,no flower colour mentioned,UNKNOWN
"1. Stellaria  decumbens  Edgew.  in  Trans.  Linn.  Soc,  Lond.  20:  35.  1846.  S.",2,no flower colour mentioned,UNKNOWN
"2. Stellaria graminea  L., Sp. PI. 422.1753; Edgew. & Hook. f. in Fl. Brit. India 1:",2,flowers white,WHITE
3. Stellaria  himalayensis  Majumdar  in  J.  Indian  Bot.  Soc.  44:  141.  1965  (as,2,flowers white,WHITE
"4. Stellaria lanata  Hook, f.,  Fl. Brit. India  1: 232.1874.",2,no flower colour mentioned,UNKNOWN
"5. Stellaria  media  (L.)  Villars, Hist. PL Dauphine  3: 615. 1789, p. p.; Edgew.  &",2,flowers white,WHITE
"6. Stellaria monosperma  D. Don, Prodr. Fl. Nep.  215.1825.  S.  crispata  Edgew.",2,no flower colour mentioned,UNKNOWN
"3. Capsules 6-valved,  as long as calyx, ca 4 mm in diam.; seed  1 or 2, suborbicular  to",2,no flower colour mentioned,UNKNOWN
"7. Stellaria palustris  Retz., Fl. Scand. Prodr. ed. 2,106.1795.  S. glauca With., Arr.",2,flowers white,WHITE
"10. Styles 3.  Capsules broadly ovoid, 6-valved, as long as sepals; seeds ovoid, ca 0.7 x 1",2,no flower colour mentioned,UNKNOWN
"8. Stellaria  patens  D.  Don,  Prodr.  Fl. Nep. 215. 1825.  S.  longissima  Edgew.  &",2,flowers white,WHITE
"9. Stellaria  reticulivena  Hayata,  Icon.  PI. Formos. 7:  1, f.  1.  1918; Majumdar  in",2,flowers white,WHITE
10. Stellaria  semivestita  Edgew. in Fl. Brit. India  1: 230.1874.,2,no flower colour mentioned,UNKNOWN
"10. Styles 3.  Capsules elliptic-oblong, 6-valved,  ca 4 x 6 mm; seeds few,  suborbicular,",2,no flower colour mentioned,UNKNOWN
"11. Stellaria  sikkimensis  Hook, f.,  Fl. Brit. India  1: 230.1874.",2,no flower colour mentioned,UNKNOWN
12. Stellaria subumbellata  Edgew. in Fl. Brit. India  1: 233.1874.,2,no flower colour mentioned,UNKNOWN
13. Stellaria  tibetica  Kurz in Flora  55: 285. 1872; Edgew.  & Hook.  f.  in Fl. Brit.,2,no flower colour mentioned,UNKNOWN
"14. Stellaria uliginosa  Murray, Prodr. Stirp. Gott. 55.1770; Edgew. & Hook. f. in",2,no flower colour mentioned,UNKNOWN
"15. Stellaria  vestita  Kurz  in J. Bot.  11: 194. 1873. S.  saxatilis  D.Don,  Prodr.  Fl.",2,no flower colour mentioned,UNKNOWN
16. Stellaria wallichiana  Benth. ex Haines in Bull. Misc. Inf.  Kew 1920: 66.1920.,2,no flower colour mentioned,UNKNOWN
17. Stellaria webbiana  (Benth. ex G. Don) Edgew. & Hook. f. in Fl. Brit. India 1:,2,flowers white,WHITE
"2. Capsules  ovoid, 6-valved,  equalling  sepals; seeds  compressed,  0.8  -  1 mm(in  diam.,",2,no flower colour mentioned,UNKNOWN
24. Thylacospermum  Fenzl,2,flowers white,WHITE
25. Vaccaria  Medikus,2,flowers red,RED
4. Helixanthera,23,no flower colour mentioned,UNKNOWN
8. Tolypanthus,23,no flower colour mentioned,UNKNOWN
2. Elytranthe,23,no flower colour mentioned,UNKNOWN
5. Macrosolen,23,no flower colour mentioned,UNKNOWN
3. Helicanthes,23,no flower colour mentioned,UNKNOWN
1. Dendrophthoe,23,no flower colour mentioned,UNKNOWN
6. Scurrula,23,no flower colour mentioned,UNKNOWN
7. Taxillus,23,no flower colour mentioned,UNKNOWN
1. Dendrophthoe  Mart.,23,no flower colour mentioned,UNKNOWN
1. D. falcata,23,no flower colour mentioned,UNKNOWN
4. D. pentandra,23,no flower colour mentioned,UNKNOWN
2. D.  memecylifolia,23,no flower colour mentioned,UNKNOWN
3. D.  neelgherrensis,23,no flower colour mentioned,UNKNOWN
"1. Dendrophthoe falcata (L.f.) Blume in Schult.f., Syst. Veg. 7: 1730. 1830.  Loranthus",23,no flower colour mentioned,UNKNOWN
"1895. Beng.:  Amguruj,  Bajrangi;    Garo:  Tuthekmi;    Guj.:  Vando;    Hindi:  Bandha;    Kan.:",23,flowers yellow-scarlet,YELLOW
"2. Dendrophthoe memecylifolia (Wight & Arn.) Danser in Bull. Jard. Bot. Buitenzorg, Ser.",23,no flower colour mentioned,UNKNOWN
"1895. Loranthus neelgherrensis Wight & Arn., Prodr. Fl. Ind. Orient. 1: 382. 1834; Hook.f., Fl.",23,petals dark red or dull white,WHITE
"4. Dendrophthoe pentandra (L.) Miq., Fl. Ned. Ind. 1(1): 818. 1855; Barlow in Fl. Malesiana",23,"flowers orange, green or yellow",YELLOW
2. Elytranthe (Blume) Blume,23,no flower colour mentioned,UNKNOWN
2. E. capitellata,23,no flower colour mentioned,UNKNOWN
3. E. parasitica,23,no flower colour mentioned,UNKNOWN
1. E. albida,23,no flower colour mentioned,UNKNOWN
4. E. pseudopsilantha,23,no flower colour mentioned,UNKNOWN
5. E. psilantha,23,no flower colour mentioned,UNKNOWN
1830. Loranthus albidus Blume in Verh. Batav. Genootsch. Kunsten 9: 184. 1823 & Bijdr. Fl. Ned.,23,corolla red,RED
"1889. Loranthus capitellatus Wight & Arn., Prodr. Fl. Ind. Orient. 1: 382. 1834; Hook.f., Fl. Brit.",23,"flowers flesh-coloured inside, dark red outside",RED
"3. Elytranthe parasitica (L.) Danser in Bull. Jard. Bot. Buitenzorg, Ser. 3, 10: 315. 1929.",23,flowers scarlet-red with green lobes,RED
"4. Elytranthe pseudopsilantha Rajasek. in J. Swamy Bot. Club 3: 15, ff. 1 - 2. 1986.",23,no flower colour mentioned,UNKNOWN
"5. Elytranthe psilantha (Hook.f.) Danser in Bull. Jard. Bot. Buitenzorg, Ser. 3, 10: 315. 1929.",23,flowers reddish green,RED
3. Helicanthes  Danser,23,no flower colour mentioned,UNKNOWN
4. Helixanthera  Lour.,23,no flower colour mentioned,UNKNOWN
6. H.  ligustrina,23,no flower colour mentioned,UNKNOWN
3. H.  intermedia,23,no flower colour mentioned,UNKNOWN
10. H.  wallichiana,23,no flower colour mentioned,UNKNOWN
9. H. parasitica,23,no flower colour mentioned,UNKNOWN
7. H. obtusata,23,no flower colour mentioned,UNKNOWN
4. H. lambertiana,23,no flower colour mentioned,UNKNOWN
8. H. odorata,23,no flower colour mentioned,UNKNOWN
1. H. coccinea,23,no flower colour mentioned,UNKNOWN
"1. Helixanthera coccinea (Jack) Danser in Bull. Jard. Bot. Buitenzorg, Ser. 3, 10: 317. 1929.",23,no flower colour mentioned,UNKNOWN
"2. Helixanthera hookeriana (Wight & Arn.) Danser in Bull. Jard. Bot. Buitenzorg, Ser. 3,",23,no flower colour mentioned,UNKNOWN
"1929. Loranthus intermedius Wight in Calcutta J. Nat. Hist. 6: 361. 1846; Hook.f., Fl. Brit. India",23,flowers pinkish red or purplish brown,PINK
4. Helixanthera lambertiana (Schult.f.) Rajasek. in J. Econ. Taxon. Bot. 31(1): 183. 2007.,23,no flower colour mentioned,UNKNOWN
"1929. Loranthus lepidophyllus Walp., Ann. Bot. Syst. 2: 730. 1852.  L. arnottianus Wight in",23,no flower colour mentioned,UNKNOWN
"1929. Loranthus ligustrinus Wall. in Roxb., Fl. Ind., eds. Carey & Wall. 2: 219. 1824; Hook.f., Fl.",23,flowers yellow or red,YELLOW
"7. Helixanthera obtusata (Schult.f.) Danser in Jard. Bot. Buitenzorg, Ser. 3, 10: 317. 1929.",23,no flower colour mentioned,UNKNOWN
8. Helixanthera odorata (Wall.) Rajasek. in J. Econ. Taxon. Bot. 31: 184. 2007.  Loranthus,23,no flower colour mentioned,UNKNOWN
"1886. Hyphear odoratum (Wall.) Danser in Bull. Jard. Bot. Buitenzorg, Ser. 3, 10: 319. 1929.",23,no flower colour mentioned,UNKNOWN
"9. Helixanthera parasitica Lour., Fl. Cochinch. 1: 142. 1790.  Loranthus pentapetalus",23,flowers bright red,RED
"10. Helixanthera wallichiana (Schult.f.) Danser in Bull. Jard. Bot. Buitenzorg, Ser. 3, 10:",23,flowers scarlet red,RED
"1929. Loranthus terrestris Hook.f., Fl. Brit. India 5: 207. 1886.",23,no flower colour mentioned,UNKNOWN
5. Macrosolen  (Blume)  Rchb.,23,no flower colour mentioned,UNKNOWN
3. M. trigonous,23,no flower colour mentioned,UNKNOWN
1. M.  cochinchinensis,23,no flower colour mentioned,UNKNOWN
2. M. globosus,23,no flower colour mentioned,UNKNOWN
1. Macrosolen cochinchinensis (Lour.) Tiegh. in Bull. Soc. Bot. France 41: 122. 1984;,23,no flower colour mentioned,UNKNOWN
2. Macrosolen globosus (Roxb.) Tiegh. in Bull. Soc. Bot. France 42: 442. 1895.  Loranthus,23,no flower colour mentioned,UNKNOWN
"3. Macrosolen trigonus (Wight & Arn.) Tiegh. in Bull. Soc. Bot. France 42: 442. 1895, in",23,no flower colour mentioned,UNKNOWN
6. Scurrula L.,23,no flower colour mentioned,UNKNOWN
5. S. fusca,23,no flower colour mentioned,UNKNOWN
7. S.  leenhoutsii,23,no flower colour mentioned,UNKNOWN
1. S. atropurpurea,23,no flower colour mentioned,UNKNOWN
10. S.  steenisii,23,no flower colour mentioned,UNKNOWN
4. S.  elata,23,no flower colour mentioned,UNKNOWN
9. S.  pulverulenta,23,no flower colour mentioned,UNKNOWN
2. S.  cordifolia,23,corolla dark red outside and purple inside,RED
8. S. parasitica,23,no flower colour mentioned,UNKNOWN
6. S.  gracilifolia,23,no flower colour mentioned,UNKNOWN
1929. Loranthus atropurpureus Blume in Verh. Batav. Genootsch. Kunsten 9: 186. 1823.,23,no flower colour mentioned,UNKNOWN
"2. Scurrula cordifolia (Wall.) G.Don, Gen. Hist. 3: 421. 1834.  Loranthus cordifolius Wall.",23,flowers orange-red,RED
"3. Scurrula eglandulosa Rajasek. in J. Swamy Bot. Club 3(3): 85, ff. 1 – 2. 1986.",23,no flower colour mentioned,UNKNOWN
"4. Scurrula elata (Edgew.) Danser in Bull. Jard. Bot. Buitenzorg, Ser. 3, 10: 350. 1929.",23,no flower colour mentioned,UNKNOWN
"5. Scurrula fusca (Blume) G.Don, Gen. Hist. 3: 421. 1834.  Loranthus fuscus Blume, Verh.",23,no flower colour mentioned,UNKNOWN
6. Scurrula gracilifolia (Roxb. ex Schult.f.) Danser in Blumea 2: 47. 1936.  Loranthus,23,flowers red or reddish brown,RED
"7. Scurrula leenhoutsii Rajasek. in J. Swamy Bot. Club 3(3): 86, ff. 3 - 4. 1986.",23,no flower colour mentioned,UNKNOWN
"8. Scurrula parasitica L., Sp. Pl. 110. 1753; Danser in Bull. Jard. Bot. Buitenzorg, Ser. 3, 10:",23,"petals dark reddish brown outside, purplish inside",RED
"9. Scurrula pulverulenta (Wall.) G.Don, Gen. Hist. 3: 421. 1834; Danser in Bull. Jard. Bot.",23,no flower colour mentioned,UNKNOWN
"10. Scurrula steenisii Rajasek. in J. Swamy Bot. Club 3(3): 88, ff. 5 – 6. 1986.",23,no flower colour mentioned,UNKNOWN
"1. Scurrula biflora (Desr.) G.Don, Gen. Hist. 3: 422. 1834.  Loranthus biflorus Desr. in",23,no flower colour mentioned,UNKNOWN
"2. Scurrula ferruginea (Roxb. ex Jack) Danser in Bull. Jard. Bot. Buitenzorg, Ser. 3, 10:",23,no flower colour mentioned,UNKNOWN
"3. Scurrula rugulosa (B. Heyne ex Roth) G.Don, Gen. Hist. 3: 422. 1834.  Loranthus",23,no flower colour mentioned,UNKNOWN
"4. Scurrula turbinata (DC.) G.Don, Gen. Hist.  3: 424. 1834.  Loranthus turbinatus DC.,",23,no flower colour mentioned,UNKNOWN
7. Taxillus  Tiegh.,23,no flower colour mentioned,UNKNOWN
9. T.  reflexilobus,23,no flower colour mentioned,UNKNOWN
7. T.  kuijtii,23,no flower colour mentioned,UNKNOWN
12. T.  umbellifer,23,no flower colour mentioned,UNKNOWN
10. T. rugosus,23,no flower colour mentioned,UNKNOWN
5. T.  erectiflorus,23,no flower colour mentioned,UNKNOWN
1. T. assamicus,23,no flower colour mentioned,UNKNOWN
4. T.  danserianus,23,no flower colour mentioned,UNKNOWN
2. T.  courtallensis,23,no flower colour mentioned,UNKNOWN
6. T.  heyneanus,23,no flower colour mentioned,UNKNOWN
3. T. cuneatus,23,no flower colour mentioned,UNKNOWN
7. T. recurvus,23,no flower colour mentioned,UNKNOWN
1. Taxillus assamicus Danser in Blumea 3: 401. 1940.,23,no flower colour mentioned,UNKNOWN
2. Taxillus  courtallensis  (Gamble)  Danser  in Verh.  Kon.  Ned. Akad. Wetensch. Afd.,23,"petals yellowish green, becoming orange-yellow",YELLOW
"3. Taxillus cuneatus (B. Heyne ex Roth) Danser in Bull. Jard. Bot. Buitenzorg, Ser. 3, 10:",23,"petals greenish yellow outside, orange inside",YELLOW
"4. Taxillus danserianus Rajasek. in J. Swamy Bot. Club 3(4): 157, ff. 1 – 2. 1986 (as",23,no flower colour mentioned,UNKNOWN
"5. Taxillus erectiflorus Rajasek. in J. Swamy Bot. Club 3(4): 159, ff. 3 – 4. 1986.",23,no flower colour mentioned,UNKNOWN
"6. Taxillus heyneanus (Schult.f.) Danser in Bull. Jard. Bot. Buitenzorg, Ser. 3, 10: 355. 1929.",23,no flower colour mentioned,UNKNOWN
1895. Branches densely covered with white shiny abietiform hairs intermixed with stellate hairs,23,no flower colour mentioned,UNKNOWN
"7. Taxillus kuijtii Rajasek. in J. Swamy Bot. Club 3(4): 160, ff. 5 – 6. 1986.",23,no flower colour mentioned,UNKNOWN
8. Taxillus recurvus (Wall. ex DC.) Tiegh. in Bull. Soc. Bot. France 42: 256. 1895.  Loranthus,23,no flower colour mentioned,UNKNOWN
"9. Taxillus reflexilobus Rajasek. in J. Swamy Bot. Club 3(4): 162, ff. 7 - 8. 1986.",23,no flower colour mentioned,UNKNOWN
"10. Taxillus rugosus Rajasek. in J. Swamy Bot. Club 3: 164, ff. 9 - 10. 1986.",23,no flower colour mentioned,UNKNOWN
11. Taxillus tomentosus (B.Heyne ex Roth) Tiegh. in Bull. Soc. Bot. France 42: 256. 1895.,23,no flower colour mentioned,UNKNOWN
"1886. L. gibbosus Talbot, Syst. List Trees, Shrubs Bombay ed. 2, 289. 1902.",23,no flower colour mentioned,UNKNOWN
"1931. Loranthus umbellifer Schult.f., Syst. Veg. 7(1): 97. 1829; Hook.f., Fl. Brit. India 5: 211. 1886,",23,no flower colour mentioned,UNKNOWN
"13. Taxillus vestitus (Wall.) Danser in Bull. Jard. Bot. Buitenzorg, Ser. 3, 10: 355. 1929.",23,no flower colour mentioned,UNKNOWN
8. Tolypanthus (Blume) Rchb.,23,no flower colour mentioned,UNKNOWN
1. T. involucratus,23,no flower colour mentioned,UNKNOWN
2. T.  lageniferus,23,no flower colour mentioned,UNKNOWN
3. T.  lunatus,23,no flower colour mentioned,UNKNOWN
"1. Tolypanthus involucratus (Roxb.) Tiegh., Bull. Soc. Bot. France 42: 248, in obs. 1895.  T.",23,flowers red,RED
2. Tolypanthus lageniferus (Wight) Tiegh. in Bull. Soc. Bot. France 42: 249. 1895.  Loranthus,23,petals red,RED
"3. Tolypanthus lunatus Rajasek. in J. Swamy Bot. Club 4: 1, ff. 1-2. 1987.",23,no flower colour mentioned,UNKNOWN
3. Korthalsella,23,no flower colour mentioned,UNKNOWN
1. Arceuthobium,23,no flower colour mentioned,UNKNOWN
2. Ginalloa,23,no flower colour mentioned,UNKNOWN
4. Viscum,23,no flower colour mentioned,UNKNOWN
1. Arceuthobium M. Bieb.,23,no flower colour mentioned,UNKNOWN
1. A.  minutissimum,23,no flower colour mentioned,UNKNOWN
"1. Arceuthobium minutissimum Hook.f., Fl. Brit. India 5: 227. 1886.",23,no flower colour mentioned,UNKNOWN
"2. Arceuthobium oxycedri (DC.) M.Bieb., Fl. Taur.-Caucas. Suppl. 3(4): 629. 1819; R.Parker,",23,no flower colour mentioned,UNKNOWN
2. Ginalloa Korth.,23,bright red,RED
1. G. andamanica,23,no flower colour mentioned,UNKNOWN
"1. Ginalloa andamanica Kurz in J. Asiat. Soc. Bengal, Pt. 2, Nat. Hist. 41(2): 309. 1872 &",23,no flower colour mentioned,UNKNOWN
"2. Ginalloa helferi  (C.Presl) Kurz in  J. Asiat. Soc. Bengal, Pt. 2, Nat. Hist. 40(1): 64. 1871",23,no flower colour mentioned,UNKNOWN
3. Korthalsella  Tiegh.,23,no flower colour mentioned,UNKNOWN
4. Viscum  L.,23,no flower colour mentioned,UNKNOWN
2. V. album,23,no flower colour mentioned,UNKNOWN
10. V. mysorense,23,no flower colour mentioned,UNKNOWN
3. V. angulatum,23,no flower colour mentioned,UNKNOWN
4. V. articulatum,23,no flower colour mentioned,UNKNOWN
7. V. loranthi,23,no flower colour mentioned,UNKNOWN
13. V.  ramosissimum,23,no flower colour mentioned,UNKNOWN
9. V. monoicum,23,no flower colour mentioned,UNKNOWN
12. V. ovalifolium,23,no flower colour mentioned,UNKNOWN
6. V. heyneanum,23,no flower colour mentioned,UNKNOWN
5. V. capitellatum,23,no flower colour mentioned,UNKNOWN
15. V. trilobatum,23,no flower colour mentioned,UNKNOWN
14. V. subracemosum,23,no flower colour mentioned,UNKNOWN
1. V. acaciae,23,no flower colour mentioned,UNKNOWN
"1. Viscum acaciae Danser in Blumea 4: 298, t. 1. 1941; Sanjai & N.P.Balakr. in J. Econ.",23,no flower colour mentioned,UNKNOWN
"2. Viscum album L., Sp. Pl.  2: 1023. 1753; Hook.f., Fl. Brit. India 5: 223. 1886. V. costatum",23,no flower colour mentioned,UNKNOWN
"1886. V. ramosissimum Wight, Icon. Pl. Ind. Orient. 3: t. 1017 tantum, 1845.",23,no flower colour mentioned,UNKNOWN
"4. Viscum articulatum Burm.f., Fl. Indica 211. 1768; Hook.f., Fl. Brit. India 5: 226. 1886",23,no flower colour mentioned,UNKNOWN
"1830. V. opuntioides Heyne ex DC., Prodr. 4: 284. 1830; Roxb., Fl. Ind., ed. Carey 3: 764. 1832.  V.",23,no flower colour mentioned,UNKNOWN
"5. Viscum capitellatum Sm. in Rees, Cyclop. 37: Viscum no. 18. 1817; Hook.f., Fl. Brit.",23,no flower colour mentioned,UNKNOWN
"6. Viscum heyneanum DC., Prodr. 4: 278. 1830.  V. heyneanum var. liocarpum Danser in",23,no flower colour mentioned,UNKNOWN
"7. Viscum loranthi Elmer, Leafl. Philipp. Bot. 8: 3089. 1919. V. osmastonii Raizada in Indian",23,no flower colour mentioned,UNKNOWN
"8. Viscum malurianum Sanjai & N.P.Balakr. in Nord. J. Bot. 21: 267, f. 1. 2001.",23,no flower colour mentioned,UNKNOWN
"9. Viscum monoicum Roxb. ex DC., Prodr. 4: 278. 1830; Hook.f., Fl. Brit. India 5: 224. 1886.",23,no flower colour mentioned,UNKNOWN
10. Viscum mysorense Gamble in Bull. Misc. Inform. Kew 1925: 329. 1925 & Fl. Madras 2,23,no flower colour mentioned,UNKNOWN
"11. Viscum orientale Willd., Sp. Pl. ed. 4,  4(2): 737. 1806; Hook.f., Fl. Brit. India 5: 224.",23,no flower colour mentioned,UNKNOWN
"1832. Hindi: Banda; Tel.: Chandra-badamika, Sundara-badanika; Sant.: Banda; Tam.: Pilluli.",23,no flower colour mentioned,UNKNOWN
"12. Viscum ovalifolium Wall. ex DC., Prodr. 4: 278. 1830; Hook.f., Fl. Brit. India 5: 225. 1886,",23,no flower colour mentioned,UNKNOWN
"13. Viscum ramosissimum Wall. ex Wight & Arn., Prodr. Fl. Ind. Orient. 1: 380. 1834;",23,no flower colour mentioned,UNKNOWN
"14. Viscum subracemosum Sanjai & N.P.Balakr. in Rheedea 10: 113 - 116, f. 1. 2000.",23,no flower colour mentioned,UNKNOWN
"15. Viscum trilobatum Talbot, Forest Fl. Bombay & Sind 2: 419, f. 479. 1911.  V. capitellatum",23,no flower colour mentioned,UNKNOWN
7. Thesium,23,no flower colour mentioned,UNKNOWN
5. Santalum,23,no flower colour mentioned,UNKNOWN
6. Scleropyrum,23,no flower colour mentioned,UNKNOWN
4. Pyrularia,23,no flower colour mentioned,UNKNOWN
2. Osyris,23,no flower colour mentioned,UNKNOWN
1. Dufrenoya Chatin,23,no flower colour mentioned,UNKNOWN
2. D. platyphylla,23,no flower colour mentioned,UNKNOWN
4. D.  sessilis,23,no flower colour mentioned,UNKNOWN
1. Dufrenoya granulata (Hook.f. & Thomson ex A.DC.) Stauffer in Vierteljahrsschr. Naturf.,23,no flower colour mentioned,UNKNOWN
2. Dufrenoya platyphylla (Spreng.) Stauffer in Vierteljahrsschr. Naturf. Ges. Zurich 114:,23,no flower colour mentioned,UNKNOWN
3. Dufrenoya robusta Stauffer in Vierteljahrsschr. Naturf. Ges. Zurich 114: 69. 1969; Deb &,23,no flower colour mentioned,UNKNOWN
4. Dufrenoya sessilis (Craib) Stauffer in Vierteljahrsschr. Naturf. Ges. Zurich 114: 69.,23,no flower colour mentioned,UNKNOWN
2. Osyris  L.,23,no flower colour mentioned,UNKNOWN
3. Phacellaria Benth.,23,no flower colour mentioned,UNKNOWN
4. Pyrularia Michx.,23,no flower colour mentioned,UNKNOWN
5. Santalum L.,23,"flowers brownish purple, reddish or straw-coloured",RED
"6. Scleropyrum Arn., nom. cons.",23,flowers purple-red,RED
7. Thesium  L.,23,flowers white or yellowish green,WHITE
5. T.  wightianum,23,no flower colour mentioned,UNKNOWN
1. T. emodi,23,no flower colour mentioned,UNKNOWN
2. T.  himalense,23,no flower colour mentioned,UNKNOWN
3. T. hookeri,23,no flower colour mentioned,UNKNOWN
"1. Thesium emodi Hendrych in Feddes Repert. 70: 152, f. 2. 1965.  T. himalense auct. non",23,greenish yellow or pale green,YELLOW
1886. T. indicum Hendrych in Acta Horti. Bot. Prag. 110. 1962.,23,no flower colour mentioned,UNKNOWN
"3. Thesium hookeri Hendrych, Acta Horti Bot. Prag. 109. 1962.",23,flowers white,WHITE
"4. Thesium unicaule Haines in J. Asiat. Soc. Bengal, 1919, n. s. 15: 316, t. 10. 1919 (publ.",23,flowers white-margined,WHITE
"1886. Herbs, perennial, evergreen, root-parasites, erect, up to 20 cm high; branches slender,",23,flowers white or yellowish white,WHITE
1. Balanophora,23,no flower colour mentioned,UNKNOWN
1. Balanophora J.R. Forst. & G. Forst.,23,no flower colour mentioned,UNKNOWN
6. B. involucrata,23,no flower colour mentioned,UNKNOWN
3. B. fungosa,23,no flower colour mentioned,UNKNOWN
4. B. harlandii,23,no flower colour mentioned,UNKNOWN
7. B. polyandra,23,no flower colour mentioned,UNKNOWN
2. B. dioica,23,no flower colour mentioned,UNKNOWN
5. B. indica,23,no flower colour mentioned,UNKNOWN
2. B. dioica,23,no flower colour mentioned,UNKNOWN
4. B. harlandii,23,no flower colour mentioned,UNKNOWN
7. B. polyandra,23,no flower colour mentioned,UNKNOWN
2. B. dioica,23,no flower colour mentioned,UNKNOWN
3. B. fungosa,23,no flower colour mentioned,UNKNOWN
"1. Balanophora abbreviata Blume, Enum. Pl. Javae 1: 87. 1827; Arekal & Shivam. in Curr.",23,no flower colour mentioned,UNKNOWN
"2. Balanophora dioica R.Br. ex Royle, Ill. Bot. Himal. Mts. 1: 330. 1836; 2: t. 79 (’99 or 78a’).",23,no flower colour mentioned,UNKNOWN
"3. Balanophora fungosa J.R.Forst. & G..Forst., Char. Gen. Pl. 99, t. 50. 1775; Hansen in",23,no flower colour mentioned,UNKNOWN
"4. Balanophora harlandii Hook.f. in Trans. Linn. Soc. London 22: 426, t. 75. 1859.",23,no flower colour mentioned,UNKNOWN
"5. Balanophora indica (Arn.) Griff. in Trans. Linn. Soc. London 20: 95. 1846; Hook.f., Fl.",23,no flower colour mentioned,UNKNOWN
"1929. B. dioica auct. non R.Br. ex Royle, 1839: sensu Gamble, l. c. 1263. 1925 (repr. ed. 2: 885.",23,female flowers: bright red or purple,RED
2000. Fl. & Fr.  Jan. - May.,23,no flower colour mentioned,UNKNOWN
"6. Balanophora involucrata Hook.f. in Trans. Linn. Soc., London 22: 30, 44, tt. 4 - 7. 1856",23,spadices red or yellow,YELLOW
"7. Balanophora polyandra Griff. in Proc. Linn. Soc. London 1: 220. 1844; Hook.f., Fl. Brit.",23,no flower colour mentioned,UNKNOWN
2. Rhopalocnemis  Jungh.,23,no flower colour mentioned,UNKNOWN
2. Sarcococca,23,no flower colour mentioned,UNKNOWN
1. Buxus  L.,23,no flower colour mentioned,UNKNOWN
1. B. microphylla,23,no flower colour mentioned,UNKNOWN
2. B. papillosa,23,no flower colour mentioned,UNKNOWN
"1. Buxus microphylla Siebold & Zucc., Fl. Jap. 34. 1836 & in Abh. Akad. Muench. 4(2):",23,no flower colour mentioned,UNKNOWN
"1887. B. japonica Müll.Arg. var. microphylla (Siebold & Zucc.) Müll.Arg. in DC., Prodr. 16(1):",23,no flower colour mentioned,UNKNOWN
"2. Buxus papillosa C.K.Schneid., Ill. Handb. Laubholzk. 2: 139. 1907; Bor, Man. Indian For.",23,no flower colour mentioned,UNKNOWN
"3. Buxus wallichiana Baill., Monogr. Buxac. 63. 1859.  B. sempervirens auct. non L., 1753:",23,no flower colour mentioned,UNKNOWN
2. Sarcococca Lindl.,23,no flower colour mentioned,UNKNOWN
1. S. coriacea,23,no flower colour mentioned,UNKNOWN
2. S.  hookeriana,23,no flower colour mentioned,UNKNOWN
3. S.  saligna,23,no flower colour mentioned,UNKNOWN
"1. Sarcococca coriacea (Hook.) Sweet, Hort. Brit., ed. 1, 491. 1826.  Pachysandra? coriacea",23,no flower colour mentioned,UNKNOWN
"2. Sarcococca hookeriana Baill., Monogr. Buxac. 53. 1859; Müll.Arg. in DC., Prodr. 16(1):",23,no flower colour mentioned,UNKNOWN
"3. Sarcococca saligna (D.Don) Müll.Arg. in DC., Prodr. 16(1): 11. 1869.  Buxus saligna",23,no flower colour mentioned,UNKNOWN
4. Sarcococca wallichii Stapf in Bull. Misc. Inform. Kew 1916: 37. 1916; Sealy in Hooker’s,23,no flower colour mentioned,UNKNOWN
9. Ricinus,23,no flower colour mentioned,UNKNOWN
5. Lasiococca,23,no flower colour mentioned,UNKNOWN
4. Homonoia,23,no flower colour mentioned,UNKNOWN
1. Acalypha,23,no flower colour mentioned,UNKNOWN
7. Mallotus,23,no flower colour mentioned,UNKNOWN
10. Trevia,23,no flower colour mentioned,UNKNOWN
8. Mercurialis,23,no flower colour mentioned,UNKNOWN
2. Claoxylon,23,no flower colour mentioned,UNKNOWN
3. Cleidion,23,no flower colour mentioned,UNKNOWN
6. Macaranga,23,no flower colour mentioned,UNKNOWN
1. Acalypha L.,23,no flower colour mentioned,UNKNOWN
9. A. paniculata,23,no flower colour mentioned,UNKNOWN
10. A. superba,23,no flower colour mentioned,UNKNOWN
3. A. ciliata,23,no flower colour mentioned,UNKNOWN
8. A. malabarica,23,no flower colour mentioned,UNKNOWN
1. A. alnifolia,23,no flower colour mentioned,UNKNOWN
5. A. fruticosa,23,no flower colour mentioned,UNKNOWN
6. A. indica,23,no flower colour mentioned,UNKNOWN
7. A. lanceolata,23,no flower colour mentioned,UNKNOWN
2. A. australis,23,no flower colour mentioned,UNKNOWN
"1. Acalypha alnifolia Klein ex Willd., Sp. Pl. ed. 4, 4: 525. 1805; Müll.Arg. in DC., Prodr.",23,no flower colour mentioned,UNKNOWN
"2. Acalypha australis L., Sp. Pl. 1004. 1753; Singh in Indian Forester 93: 186. 1967.  A.",23,no flower colour mentioned,UNKNOWN
"3. Acalypha ciliata Forssk., Fl. Aegypt.-Arab. 162. 1775;  Hook.f., Fl. Brit. India 5: 417.",23,no flower colour mentioned,UNKNOWN
"1887. Guj.: Dadra, Runchalo-dadri;  Punj: Kokali, Kuppi.",23,no flower colour mentioned,UNKNOWN
"4. Acalypha dalzellii Hook.f., Fl. Brit. India 5: 414. 1887.",23,no flower colour mentioned,UNKNOWN
"5. Acalypha fruticosa Forssk., Fl. Aegypt.-Arab. 161. 1775; Hook.f., Fl. Brit. India 5: 415.",23,no flower colour mentioned,UNKNOWN
"1887. Eng.:  Birch-leaved Acalypha;    Kan.:  Chinni;    Mal.:  Kuppameni,  Sinnimaram;   Tam.:",23,no flower colour mentioned,UNKNOWN
"6. Acalypha indica L., Sp. Pl. 1003. 1753; Dalzell & A.Gibson, Bombay Fl. 228. 1861;",23,no flower colour mentioned,UNKNOWN
"1906. A. fallax Müll.Arg. in Linnaea 34: 43. 1865 & in DC., Prodr. 15(2): 872. 1866; Hook.f., Fl. Brit.",23,no flower colour mentioned,UNKNOWN
"8. Acalypha malabarica Müll.Arg. in Linnaea 34: 42. 1865 & in DC., Prodr. 15(2): 871. 1866;",23,no flower colour mentioned,UNKNOWN
"1887. A. racemosa Wall. ex Baill., Etude Euphorb. 443. 1858, nom. illeg., vide Müll.Arg. in DC.,",23,no flower colour mentioned,UNKNOWN
"10. Acalypha superba Forssk., Fl. Aegypt.-Arab. 162. 1775; Govearts et al., World Checkl.",23,no flower colour mentioned,UNKNOWN
1. Acalypha amentacea Roxb. ssp. wilkesiana (Müll.Arg.) Fosberg in Smithsonian Contr.,23,no flower colour mentioned,UNKNOWN
"1887. Caturus spiciflorus Roxb., Fl. Ind., ed. Carey 3: 760. 1832, non L., 1767.",23,flowers red with crimson red styles,RED
3. Acalypha integrifolia Willd. ssp. marginata (Poir.) Couda in Kew Bull. 34: 42. 1979;,23,no flower colour mentioned,UNKNOWN
4. Acalypha stachyura Pax in Repert. Spec. Nov. 7: 110. 1909.  A. macrophylla Ule in Verh.,23,no flower colour mentioned,UNKNOWN
2. Claoxylon A.Juss.,23,no flower colour mentioned,UNKNOWN
2. C. beddomei,23,no flower colour mentioned,UNKNOWN
9. C.  wightii,23,no flower colour mentioned,UNKNOWN
1. C. anomalum,23,no flower colour mentioned,UNKNOWN
8. C. rostratum,23,no flower colour mentioned,UNKNOWN
4. C.  khasianum,23,no flower colour mentioned,UNKNOWN
3. C. indicum,23,no flower colour mentioned,UNKNOWN
"1. Claoxylon anomalum Hook.f., Fl. Brit. India 5: 412. 1887, emend. V.S.Raju & C.N.Mohanan",23,no flower colour mentioned,UNKNOWN
"2. Claoxylon beddomei Hook.f., Fl. Brit. India 5: 413. 1887; Susila & N.P Balakr. in Rheedea",23,no flower colour mentioned,UNKNOWN
"3. Claoxylon indicum (Reinw. ex Blume) Hassk., Cat. Hort. Bot. Bogor. Alter. 235. 1844;",23,no flower colour mentioned,UNKNOWN
"4. Claoxylon khasianum Hook.f., Fl. Brit. India 5: 411. 1887; Kanjilal et al., Fl. Assam 4: 210.",23,no flower colour mentioned,UNKNOWN
"5. Claoxylon longifolium (Blume) Endl. ex Hassk., Cat. Hort. Bot. Bogor. 235. 1844; Hook.f.,",23,no flower colour mentioned,UNKNOWN
"6. Claoxylon longipetiolatum Kurz in J. Asiat. Soc. Bengal, Pt. 2, Nat. Hist. 42(2): 244. 1873",23,no flower colour mentioned,UNKNOWN
"7. Claoxylon mercurialis (L.) Thwaites, Enum. Pl. Zeyl. 271. 1861; Hook.f., Fl. Brit. India",23,no flower colour mentioned,UNKNOWN
"1753. Micrococca mercurialis (L.) Benth. in Hook., Niger Fl. 503. 1849; Haines, Bot. Bihar",23,no flower colour mentioned,UNKNOWN
8. Claoxylon rostratum Airy Shaw in Kew Bull. 32: 389. 1978; Chakrab. in J. Econ. Taxon.,23,no flower colour mentioned,UNKNOWN
"9. Claoxylon wightii Hook.f., Fl. Brit. India 5: 413. 1887; Susila & N.P.Balakr. in J. Econ.",23,no flower colour mentioned,UNKNOWN
3. Cleidion  Blume,23,no flower colour mentioned,UNKNOWN
1. C. javanicum,23,no flower colour mentioned,UNKNOWN
2. C. nitidum,23,no flower colour mentioned,UNKNOWN
"1887. Acalypha spiciflora Burm.f., Fl. Indica 203, t. 61, f. 2. 1768, nom. confusum.  Cleidion",23,no flower colour mentioned,UNKNOWN
"2. Cleidion nitidum (Müll.Arg.) Kurz in J. Asiat. Soc. Bengal, Pt. 2, Nat. Hist. 42(2): 245.",23,no flower colour mentioned,UNKNOWN
"1866. Shrubs or trees, 3 - 10 m tall, entirely glabrous.  Leaves ovate, elliptic, oblong-elliptic to",23,no flower colour mentioned,UNKNOWN
4. Homonoia  Lour.,23,no flower colour mentioned,UNKNOWN
3. H. riparia,23,no flower colour mentioned,UNKNOWN
1. H.  intermedia,23,no flower colour mentioned,UNKNOWN
"1. Homonoia intermedia Haines, Bot. Bihar Orissa 2: 111. 1921; S.K.Jain & R.R.Rao,",23,no flower colour mentioned,UNKNOWN
"2. Homonoia retusa (J.Graham ex Wight) Müll.Arg. in Linnaea 34: 200. 1865 & in DC.,",23,no flower colour mentioned,UNKNOWN
"3. Homonoia riparia Lour., Fl. Cochinch. 637. 1790; Müll.Arg. in DC., Prodr. 15(2): 1023.",23,no flower colour mentioned,UNKNOWN
5. Lasiococca  Hook.f.,23,no flower colour mentioned,UNKNOWN
1. L. comberi,23,no flower colour mentioned,UNKNOWN
1. Lasiococca comberi Haines in Bull. Misc. Inform. Kew 1920: 70. 1920 & Bot. Bihar,23,no flower colour mentioned,UNKNOWN
2. Lasiococca symphyllifolia (Kurz) Hook.f. in Hooker’s Icon. Pl. 16: t. 1587. 1887 & Fl.,23,no flower colour mentioned,UNKNOWN
6. Macaranga Thouars,23,no flower colour mentioned,UNKNOWN
1. M. andamanica,23,no flower colour mentioned,UNKNOWN
3. M. gamblei,23,no flower colour mentioned,UNKNOWN
2. M. denticulata,23,no flower colour mentioned,UNKNOWN
6. M. nicobarica,23,no flower colour mentioned,UNKNOWN
"1. Macaranga andamanica Kurz, Forest Fl. Burma 2: 389. 1877; C.E. Parkinson, Forest Fl.",23,no flower colour mentioned,UNKNOWN
"2. Macaranga denticulata (Blume) Müll.Arg. in DC., Prodr. 15(2): 1000. 1866; Hook.f., Fl.",23,no flower colour mentioned,UNKNOWN
"1989. Macaranga pustulata King ex Hook.f., Fl. Brit. India 5: 445. 1887.  M. gmelinifolia King ex",23,no flower colour mentioned,UNKNOWN
"3. Macaranga gamblei Hook.f., Fl. Brit. India 5: 445. 1887.",23,no flower colour mentioned,UNKNOWN
"4. Macaranga indica Wight, Icon. Pl. Ind. Orient. 5: 23, t. 1883. 1852 & 6: t. 1949, f. 2. 1853;",23,no flower colour mentioned,UNKNOWN
"5. Macaranga lowii King ex Hook.f., Fl. Brit. India 5: 453. 1887.",23,no flower colour mentioned,UNKNOWN
6. Macaranga nicobarica N.P.Balakr. & Chakr. in Gard. Bull. Singapore 31(1): 57. 1978;,23,no flower colour mentioned,UNKNOWN
"7. Macaranga peltata (Roxb.) Müll.Arg. in DC., Prodr. 15(2): 1010. 1866.  Osyris peltata",23,no flower colour mentioned,UNKNOWN
"8. Macaranga tanarius (L.) Müll.Arg. var. tomentosa (Blume) Müll.Arg. in DC., Prodr. 15",23,no flower colour mentioned,UNKNOWN
"9. Macaranga triloba (Thunb.) Müll.Arg. in DC., Prodr. 15(2): 989. 1866; Hook.f., Fl. Brit.",23,no flower colour mentioned,UNKNOWN
"1826. Trees, 5 - 8 m tall; branches smooth, glabrous.  Leaves  broadly peltate, orbicular in",23,no flower colour mentioned,UNKNOWN
7. Mallotus  Lour.,23,no flower colour mentioned,UNKNOWN
12. M.  penangensis,23,no flower colour mentioned,UNKNOWN
15. M.  resinosus,23,no flower colour mentioned,UNKNOWN
1. M. atrovirens,23,no flower colour mentioned,UNKNOWN
2. M. aureo-punctatus,23,no flower colour mentioned,UNKNOWN
7. M.  khasianus,23,no flower colour mentioned,UNKNOWN
5. M. distans,23,no flower colour mentioned,UNKNOWN
8. M. leucocarpus,23,no flower colour mentioned,UNKNOWN
16. M.  rhamnifolius,23,no flower colour mentioned,UNKNOWN
13. M.  philippensis,23,no flower colour mentioned,UNKNOWN
14. M. repandus,23,no flower colour mentioned,UNKNOWN
3. M. barbatus,23,no flower colour mentioned,UNKNOWN
10. M.  nepalensis,23,no flower colour mentioned,UNKNOWN
9. M. mollissimus,23,no flower colour mentioned,UNKNOWN
6. M.  ferrugineus,23,no flower colour mentioned,UNKNOWN
11. M. peltatus,23,no flower colour mentioned,UNKNOWN
17. M. roxburghianus,23,no flower colour mentioned,UNKNOWN
"1. Mallotus atrovirens Wall. ex Müll.Arg. in Linnaea 34: 195. 1865 & in DC., Prodr. 15(2):",23,no flower colour mentioned,UNKNOWN
"2. Mallotus aureo-punctatus (Dalzell) Müll.Arg. in DC., Prodr. 15(2): 973. 1866.  Rottlera",23,no flower colour mentioned,UNKNOWN
"3. Mallotus barbatus Müll.Arg. in Linnaea 34: 184. 1865 & in DC., Prodr. 15(2): 957. 1866;",23,no flower colour mentioned,UNKNOWN
"4. Mallotus beddomei Hook.f., Fl. Brit. India 5: 438. 1887; R. V. Kammathy et al. in Bull. Bot.",23,no flower colour mentioned,UNKNOWN
"5. Mallotus distans Müll.Arg. in Linnaea 34: 194. 1865 & in DC., Prodr. 15(2) 976. 1886;",23,no flower colour mentioned,UNKNOWN
"6. Mallotus ferrugineus (Roxb.) Müll.Arg. in Linnaea 34: 188. 1865 & in DC., Prodr. 15(2):",23,no flower colour mentioned,UNKNOWN
"7. Mallotus khasianus Hook.f., Fl. Brit. India 5: 438. 1887.  M. filiformis Hook.f., l. c. 435.",23,no flower colour mentioned,UNKNOWN
"1887. M. polyneurus Hook.f., l. c. 439. 1887.",23,no flower colour mentioned,UNKNOWN
8. Mallotus  leucocarpus  (Kurz) Airy  Shaw  in  Kew  Bull.  16:  352.  1963.    Claoxylon,23,no flower colour mentioned,UNKNOWN
9. Mallotus  mollissimus  (Geiseler) Airy  Shaw  in  Kew  Bull.  26:  297.  1972.    Croton,23,no flower colour mentioned,UNKNOWN
"1807. Mallotus ricinoides (Pers.) Müll.Arg. in Linnaea 34: 187. 1865 & in DC., Prodr. 15(2): 963.",23,no flower colour mentioned,UNKNOWN
"10. Mallotus nepalensis Müll.Arg. in Linnaea 34: 188. 1865 & in DC., Prodr. 15(2): 965.",23,no flower colour mentioned,UNKNOWN
"11. Mallotus peltatus (Geiseler) Müll.Arg. in Linnaea 34: 187. 1865 & in DC., Prodr. 15(2):",23,no flower colour mentioned,UNKNOWN
"12. Mallotus penangensis Müll.Arg. in Linnaea 34: 186. 1865 & in DC., Prodr. 15(2): 961.",23,no flower colour mentioned,UNKNOWN
"13. Mallotus philippensis (Lam.) Müll.Arg. in Linnaea 34: 196. 1865 & in DC., Prodr. 15(2):",23,no flower colour mentioned,UNKNOWN
"14. Mallotus repandus (Rottler ex Willd.) Müll.Arg. in Linnaea 34: 197. 1865 & in DC.,",23,no flower colour mentioned,UNKNOWN
"15. Mallotus resinosus (Blanco) Merr., Sp. Blancoan. 222. 1918 & Enum. Philip. Fl. Pl. 2:",23,no flower colour mentioned,UNKNOWN
"16. Mallotus rhamnifolius (Rottler ex Willd.) Müll.Arg. in Linnaea 34: 196. 1865 & in DC.,",23,no flower colour mentioned,UNKNOWN
"17. Mallotus roxburghianus Müll.Arg. in Linnaea 34: 186. 1865 & in DC., Prodr. 15(2): 962.",23,no flower colour mentioned,UNKNOWN
8. Mercurialis  L.,23,no flower colour mentioned,UNKNOWN
9. Ricinus  L.,23,no flower colour mentioned,UNKNOWN
10. Trevia  L.,23,no flower colour mentioned,UNKNOWN
11. Agrostistachys  Dalzell,23,no flower colour mentioned,UNKNOWN
1. A. indica,23,no flower colour mentioned,UNKNOWN
2. A. meeboldii,23,no flower colour mentioned,UNKNOWN
"1. Agrostistachys indica Dalzell in Hooker’s J. Bot. Kew Gard. Misc. 2: 41. 1850; Hook.f.,",23,flowers white,WHITE
"2. Agrostistachys meeboldii Pax & K.Hoffm. in Engl., Pflanzenr. IV.147.vi (heft 57): 100.",23,no flower colour mentioned,UNKNOWN
12. Alchornea  Sw.,23,no flower colour mentioned,UNKNOWN
2. A. rugosa,23,no flower colour mentioned,UNKNOWN
1. A. mollis,23,no flower colour mentioned,UNKNOWN
3. A.  tiliifolia,23,no flower colour mentioned,UNKNOWN
"1. Alchornea mollis Müll.Arg. in Linnaea 34: 168. 1865 & in DC., Prodr. 15(2): 902. 1866;",23,no flower colour mentioned,UNKNOWN
"2. Alchornea rugosa (Lour.) Müll.Arg. in Linnaea 34: 170. 1865 & in DC., Prodr. 15(2): 905.",23,flowers dark crimson,OTHER
"3. Alchornea tiliifolia (Benth.) Müll.Arg. in Linnaea 34: 168. 1865 & in DC., Prodr. 15(2):",23,no flower colour mentioned,UNKNOWN
"13. Chaetocarpus  Thwaites,  nom.  cons.",23,no flower colour mentioned,UNKNOWN
14. Neoscortechinia  Hook.f.  ex  Pax,23,no flower colour mentioned,UNKNOWN
15. Chrozophora,23,no flower colour mentioned,UNKNOWN
16. Doryxylon,23,no flower colour mentioned,UNKNOWN
"15. Chrozophora Neck. ex A.Juss., nom. & typ. cons.",23,no flower colour mentioned,UNKNOWN
2. C.  oblongifolia,23,no flower colour mentioned,UNKNOWN
3. C. prostrata,23,no flower colour mentioned,UNKNOWN
"1. Chrozophora hierosolymitana Spreng., Syst. Veg. 3: 850. 1826.  C. tinctoria auct. non",23,no flower colour mentioned,UNKNOWN
"1915. Herbs, annual.  Leaves ovate or subrhombate, truncate, rounded or broadly cuneate at",23,no flower colour mentioned,UNKNOWN
"2. Chrozophora oblongifolia (Delile) A.Juss. ex Spreng., Syst. Veg. 3: 850. 1826.  Croton",23,flowers yellow,YELLOW
"3. Chrozophora prostrata Dalzell in Dalzell & A.Gibson, Bombay Fl. 233. 1861.  C. plicata",23,no flower colour mentioned,UNKNOWN
"4. Chrozophora rottleri (Geiseler) A.Juss. ex Spreng., Syst. Veg. 3: 850. 1826.  Croton",23,no flower colour mentioned,UNKNOWN
16. Doryxylon Zoll.,23,no flower colour mentioned,UNKNOWN
18. Koilodepas,23,no flower colour mentioned,UNKNOWN
19. Symphyllia,23,no flower colour mentioned,UNKNOWN
17. Epiprinus Griff.,23,no flower colour mentioned,UNKNOWN
18. Koilodepas  Hassk.,23,no flower colour mentioned,UNKNOWN
19. Symphyllia Baill.,23,no flower colour mentioned,UNKNOWN
21. Dalechampia,23,no flower colour mentioned,UNKNOWN
24. Plukenetia,23,no flower colour mentioned,UNKNOWN
20. Cnesmone,23,no flower colour mentioned,UNKNOWN
22. Megistostigma,23,no flower colour mentioned,UNKNOWN
23. Pachystylidium,23,no flower colour mentioned,UNKNOWN
25. Tragia,23,no flower colour mentioned,UNKNOWN
"20. Cnesmone  Blume,  corr.  Blume",23,no flower colour mentioned,UNKNOWN
21. Dalechampia Plum. ex L.,23,no flower colour mentioned,UNKNOWN
1. D. indica,23,no flower colour mentioned,UNKNOWN
4. D.  tamnifolia,23,no flower colour mentioned,UNKNOWN
3. D. stenoloba,23,no flower colour mentioned,UNKNOWN
2. D. scandens,23,no flower colour mentioned,UNKNOWN
"1. Dalechampia indica Wight,  Icon. Pl. Ind. Orient. 5: t. 1882. 1852; Hook.f., Fl. Brit. India",23,no flower colour mentioned,UNKNOWN
"2. Dalechampia scandens L., Sp. Pl. 1054. 1753; Pax in Engl., Pflanzenr. IV.147.ix (heft 68):",23,no flower colour mentioned,UNKNOWN
"3. Dalechampia stenoloba Sundararagh. & B.G.Kulkarni in Kew Bull. 35: 325, f. 1. 1980;",23,no flower colour mentioned,UNKNOWN
"4. Dalechampia tamnifolia Lam., Encycl. 2: 256. 1786; Thomas in J. Bombay Nat. Hist. Soc.",23,no flower colour mentioned,UNKNOWN
22. Megistostigma  Hook.f.,23,no flower colour mentioned,UNKNOWN
23. Pachystylidium  Pax  &  K.Hoffm.,23,no flower colour mentioned,UNKNOWN
24. Plukenetia  L.,23,no flower colour mentioned,UNKNOWN
25. Tragia Plum. ex L.,23,no flower colour mentioned,UNKNOWN
5. T.    plukenettii,23,no flower colour mentioned,UNKNOWN
7. T. sanjappae,23,no flower colour mentioned,UNKNOWN
3. T. involucrata,23,no flower colour mentioned,UNKNOWN
4. T. montana,23,no flower colour mentioned,UNKNOWN
1. T. bicolor,23,no flower colour mentioned,UNKNOWN
2. T. hispida,23,no flower colour mentioned,UNKNOWN
"1. Tragia bicolor Miq. in Linnaea 26: 222. 1853; Hook.f., Fl. Brit. India 5: 465. 1888; Gamble,",23,flowers green or white,WHITE
"2. Tragia hispida Willd., Sp. Pl. ed. 4, 4: 323. 1805; Pax & K. Hoffm. in Engl., Pflanzenr.",23,no flower colour mentioned,UNKNOWN
"3. Tragia involucrata L., Sp. Pl. 980. 1753; Hook.f., Fl. Brit. India 5: 465. 1888, p. p. excl.  T.",23,"flowers yellowish, pale blue or greenish",YELLOW
"4. Tragia montana (Thwaites) Müll.Arg. in Linnaea 34: 183. 1865 & in DC., Prodr. 15(2):",23,flowers yellowish,YELLOW
"5. Tragia plukenetii Radcl.-Sm. in Kew Bull. 37: 688. 1983.  Croton hastatus L., Sp. Pl.",23,no flower colour mentioned,UNKNOWN
"6. Tragia praetervisa Chakrab. & N.P.Balakr in Rheedea 16: 23, ff. 2 – 3. 2006; N.P.Balakr.",23,flowers greenish or greenish-white,WHITE
"7. Tragia sanjappae Chakrab. & N.P.Balakr in Rheedea 16: 25, f. 4. 2006; N.P.Balakr. &",23,no flower colour mentioned,UNKNOWN
26. Blumeodendron  (Müll.Arg.)  Kurz,23,no flower colour mentioned,UNKNOWN
1. B.  kurzii,23,no flower colour mentioned,UNKNOWN
2. B. tokbrai,23,no flower colour mentioned,UNKNOWN
"1. Blumeodendron kurzii (Hook.f.) J.J.Sm. apud Koord. & Valeton, Meded. Dept. Landb.",23,no flower colour mentioned,UNKNOWN
"1992. Mallotus kurzii Hook.f., Fl. Brit. India 5: 427. 1887; M.P.Nayar & A.R.K.Sastry in Red Data",23,no flower colour mentioned,UNKNOWN
"2. Blumeodendron tokbrai (Blume) Kurz in J. Asiat. Soc. Bengal, Pt. 2, Nat. Hist. 42(2):",23,no flower colour mentioned,UNKNOWN
"27. Endospermum  Benth.,  nom.  cons.",23,no flower colour mentioned,UNKNOWN
2. E. diadenum,23,no flower colour mentioned,UNKNOWN
"1. Endospermum chinense Benth., Fl. Hongk. 304. 1861; Hook.f., Fl. Brit. India 5: 458.",23,no flower colour mentioned,UNKNOWN
2. Endospermum diadenum (Miq.) Airy Shaw in Kew Bull. 14: 395. 1960 & 36: 293. 1981.,23,no flower colour mentioned,UNKNOWN
3. Endospermum peltatum Merr. in Publ. Bur. Sci. Gov. Lab. 35: 35. 1905; Chatterjee in Kew,23,no flower colour mentioned,UNKNOWN
28. Aleurites,23,no flower colour mentioned,UNKNOWN
29. Vernicia,23,no flower colour mentioned,UNKNOWN
28. Aleurites  J.R.Forst.  &  G.Forst.,23,no flower colour mentioned,UNKNOWN
"1887. Jatropha moluccana L., Sp. Pl. 1006. 1753.",23,no flower colour mentioned,UNKNOWN
29. Vernicia  Lour.,23,"flowers reddish white to purple, veined with pink, yellow in the centre",WHITE
1. V. fordii,23,flowers white,WHITE
2. V. montana,23,no flower colour mentioned,UNKNOWN
1. Vernicia fordii (Hemsl.) Airy Shaw in Kew Bull. 20: 394. 1966; Stuppy et al. in Blumea,23,"flowers white, reddish white to purple, veined with pink",WHITE
"1999. Aleurites montana (Lour.) E.H. Wilson in Bull. Imp. Inst. Gr. Brit. 11: 460. 1913; Mooney,",23,flowers white,WHITE
30. Baliospermum,23,no flower colour mentioned,UNKNOWN
32. Dimorphocalyx,23,no flower colour mentioned,UNKNOWN
31. Blachia,23,no flower colour mentioned,UNKNOWN
34. Sphyranthera,23,no flower colour mentioned,UNKNOWN
30. Baliospermum Blume,23,no flower colour mentioned,UNKNOWN
1. B. calycinum,23,no flower colour mentioned,UNKNOWN
2. B.  solanifolium,23,no flower colour mentioned,UNKNOWN
"1. Baliospermum calycinum Müll.Arg. in Flora 47: 470. 1864 & in DC., Prodr. 15(2): 1126.",23,no flower colour mentioned,UNKNOWN
"2. Baliospermum solanifolium (Burm.) Suresh in Nicolson et al., Interpr. Rheede’s Hort.",23,no flower colour mentioned,UNKNOWN
"31. Blachia Baill., nom. cons.",23,no flower colour mentioned,UNKNOWN
1. B. andamanica,23,no flower colour mentioned,UNKNOWN
"1. Blachia andamanica (Kurz) Hook.f., Fl. Brit. India 5: 403. 1887.  Codiaeum andamanicum",23,no flower colour mentioned,UNKNOWN
"1887. Croton umbellatus sec. Wight, Icon. Pl. Ind. Orient. t. 1874. 1842 (non Willd., 1805).",23,no flower colour mentioned,UNKNOWN
"3. Blachia umbellata (Willd.) Baill., Etude Euphorb. 387, t. 19, ff. 18 - 20. 1858; Hook.f., Fl.",23,no flower colour mentioned,UNKNOWN
32. Dimorphocalyx Thwaites,23,no flower colour mentioned,UNKNOWN
1. D.  balakrishnanii,23,no flower colour mentioned,UNKNOWN
2. D. beddomei,23,no flower colour mentioned,UNKNOWN
3. D.  glabellus,23,no flower colour mentioned,UNKNOWN
"1. Dimorphocalyx balakrishnanii Chakrab. & Premanath in J. Econ. Taxon. Bot. 4: 1013, f.",23,no flower colour mentioned,UNKNOWN
"2. Dimorphocalyx beddomei (Benth.) Airy Shaw in Kew Bull. 23: 124. 1969 & 27: 92. 1972,",23,no flower colour mentioned,UNKNOWN
"3. Dimorphocalyx glabellus Thwaites, Enum. Pl. Zeyl. 278. 1861; Hook.f., Fl. Brit. India 5:",23,no flower colour mentioned,UNKNOWN
"4. Dimorphocalyx kurnoolensis R.Venkatar. & T.Pullaiah in Bot. Bull. Acad. Sin., n. s. 35:",23,no flower colour mentioned,UNKNOWN
33. Ostodes  Blume,23,"flowers white, tinged pink",WHITE
34. Sphyranthera Hook.f.,23,no flower colour mentioned,UNKNOWN
1. S.  airyshawii,23,no flower colour mentioned,UNKNOWN
1. Sphyranthera airyshawii Chakrab. & Vasudeva Rao in J. Econ. Taxon. Bot. 5: 960. 1984,23,no flower colour mentioned,UNKNOWN
"2. Sphyranthera lutescens (Kurz) Pax & K.Hoffm. in Engl. & Prantl, Pflanzenfam. ed. 2,",23,no flower colour mentioned,UNKNOWN
36. Paracroton,23,no flower colour mentioned,UNKNOWN
35. Croton  L.,23,no flower colour mentioned,UNKNOWN
3. C. bonplandianus,23,no flower colour mentioned,UNKNOWN
6. C. glandulosus var.  hirtus,23,no flower colour mentioned,UNKNOWN
13. C. scabiosus,23,no flower colour mentioned,UNKNOWN
16. C.  zeylanicus,23,no flower colour mentioned,UNKNOWN
1. C. argyratus,23,no flower colour mentioned,UNKNOWN
12. C.  persimilis,23,no flower colour mentioned,UNKNOWN
7. C. joufra,23,no flower colour mentioned,UNKNOWN
10. C.  lissophyllus,23,no flower colour mentioned,UNKNOWN
14. C. sublyratus,23,no flower colour mentioned,UNKNOWN
5. C.  gibsonianus,23,no flower colour mentioned,UNKNOWN
8. C.  klotzschianus,23,no flower colour mentioned,UNKNOWN
4. C. caudatus,23,no flower colour mentioned,UNKNOWN
9. C.  lawianus,23,no flower colour mentioned,UNKNOWN
2. C. aromaticus,23,no flower colour mentioned,UNKNOWN
15. C.  tiglium,23,no flower colour mentioned,UNKNOWN
"1. Croton argyratus Blume, Bijdr. Fl. Ned. Ind. 602. 1826; Hook.f., Fl. Brit. India 5: 385.",23,no flower colour mentioned,UNKNOWN
1887. Burm. (And.): Talibda.,23,no flower colour mentioned,UNKNOWN
"2. Croton aromaticus L., Sp. Pl. 1005. 1753; Hook.f., Fl. Brit. India 5: 388. 1887; Chakrab. &",23,no flower colour mentioned,UNKNOWN
3. Croton bonplandianus Baill. in Adansonia 4: 339. 1864; Croizat in J. Bombay Nat. Hist.,23,no flower colour mentioned,UNKNOWN
"4. Croton caudatus Geiseler, Croton. Monogr. 73. 1807; Hook.f., Fl. Brit. India 5: 388. 1887",23,no flower colour mentioned,UNKNOWN
"5. Croton gibsonianus Nimmo in J.Graham, Cat. Pl. Bombay 251. 1839; Hook.f., Fl. Brit.",23,no flower colour mentioned,UNKNOWN
"6. Croton glandulosus L., Syst. ed. 10, 2: 1275. 1795. var. hirtus (L’Her.) Müll.Arg. in DC.",23,no flower colour mentioned,UNKNOWN
"7. Croton joufra Roxb., Fl. Ind., ed. Carey 3: 685. 1832; Hook.f., Fl. Brit. India 5: 387. 1887.",23,no flower colour mentioned,UNKNOWN
"8. Croton klotzschianus (Wight) Thwaites, Enum. Pl. Zeyl.  276. 1861; Hook.f., Fl. Brit.",23,no flower colour mentioned,UNKNOWN
"9. Croton lawianus Nimmo in J.Graham, Cat. Pl. Bombay 251. 1839; Dalzell & A.Gibson,",23,no flower colour mentioned,UNKNOWN
"10. Croton lissophyllus Radcl.-Sm. & Govaerts [in Kew Bull. 52: 187. 1997, nom. nud.] ex",23,no flower colour mentioned,UNKNOWN
"11. Croton malabaricus Bedd., Forester’s Man.  204. 1873 & Icon. Pl. Ind. Orient. t. 181.",23,no flower colour mentioned,UNKNOWN
"12. Croton persimilis Müll.Arg. in Linnaea 34: 116. 1865 & in DC., Prodr. 15(2): 618. 1866",23,no flower colour mentioned,UNKNOWN
"13. Croton scabiosus Bedd., Fl. Sylv. S. India t. 283B. 1872 & Forester’s Man. 204. 1873;",23,no flower colour mentioned,UNKNOWN
"14. Croton sublyratus Kurz in J. Asiat. Soc. Bengal. Pt. 2, Nat. Hist. 42(2): 243. 1873 &",23,no flower colour mentioned,UNKNOWN
"15. Croton tiglium L., Sp. Pl. 1004. 1753; Hook.f., Fl. India 5: 393. 1887.  C. himalaicus",23,no flower colour mentioned,UNKNOWN
"16. Croton zeylanicus Müll.Arg. in Linnaea 34: 107. 1865 & in DC., Prodr. 15(2): 581. 1866.",23,no flower colour mentioned,UNKNOWN
36. Paracroton Miq.,23,flowers white,WHITE
1. P.  integrifolius,23,no flower colour mentioned,UNKNOWN
2. P.  pendulus  ssp.  zeylanicus,23,no flower colour mentioned,UNKNOWN
1993. Ostodes integrifolius Airy Shaw in Kew Bull. 16: 362. 1963.  Fahrenheitia integrifolia,23,no flower colour mentioned,UNKNOWN
2. Paracroton pendulus (Hassk.) Miq. ssp. zeylanicus (Thwaites) N.P.Balakr. & Chakrab.,23,no flower colour mentioned,UNKNOWN
37. Suregada Roxb. ex Rottler,23,no flower colour mentioned,UNKNOWN
1. S.  angustifolia,23,no flower colour mentioned,UNKNOWN
1. Suregada angustifolia (Müll.Arg.) Airy Shaw in Kew Bull. 23: 128. 1969; Manilal &,23,no flower colour mentioned,UNKNOWN
"1866. G. lanceolatum auct. non Willd. 1806: Roxb., Fl. Ind., ed. Carey 3: 831. 1832; Hook.f., Fl.",23,no flower colour mentioned,UNKNOWN
"2. Suregada multiflora (A.Juss.) Baill., Etude Euphorb. 396. 1858.  Gelonium multiflorum",23,no flower colour mentioned,UNKNOWN
38. Jatropha  L.,23,flowers reddish or purplish red,RED
3. J.  gossypifolia,23,flowers green with pinkish tinge,PINK
2. J.  glandulifera,23,no flower colour mentioned,UNKNOWN
7. J.  tanjorensis,23,flowers crimson-red,RED
8. J. villosa,23,no flower colour mentioned,UNKNOWN
6. J. nana,23,no flower colour mentioned,UNKNOWN
1. J. curcas,23,no flower colour mentioned,UNKNOWN
4. J.  heynei,23,no flower colour mentioned,UNKNOWN
"1. Jatropha curcas L., Sp. Pl. 1006. 1753; Hook.f., Fl. Brit. India 5: 383. 1887.",23,no flower colour mentioned,UNKNOWN
"2. Jatropha glandulifera Roxb., Fl. Ind., ed. Carey 3: 688. 1832; Hook.f., Fl. Brit. India 5:",23,no flower colour mentioned,UNKNOWN
"3. Jatropha gossypifolia L., Sp. Pl. 1006. 1753 (as ‘gossipifolia’); Hook.f. Fl. Brit. India 5:",23,flowers brilliant red or purplish red,RED
4. Jatropha heynei N.P.Balakr. in Bull. Bot. Surv. India 3: 40. 1961.  J. heterophylla B.Heyne,23,no flower colour mentioned,UNKNOWN
"5. Jatropha maheshwarii Subr. & M.P.Nayar in Bull. Bot. Surv. India 6: 331, ff. 1 - 8. 1964",23,flowers yellow,YELLOW
"6. Jatropha nana Dalzell & A.Gibson, Bombay Fl. 229. 1861; Hook.f., Fl. Brit. India 5: 382.",23,no flower colour mentioned,UNKNOWN
"7. Jatropha tanjorensis J.L.Ellis & Saroja in J. Bombay Nat. Hist. Soc. 58: 834, ff. 1 - 7. 1961",23,flowers green with pale pink tinge,PINK
"8. Jatropha villosa Wight, Icon. Pl. Ind. Orient. 3: t. 1159. 1846; N.P. Balakr. in Bull. Bot.",23,flowers cream-coloured or yellowish green,YELLOW
"1. Jatropha integerrima Jacq., Enum. Syst. Pl.  32. 1760 [Aug. – Sep. 1790] & Select. Strip.",23,flowers scarlet red or crimson pink,PINK
"2. Jatropha multifida L., Sp. Pl. 1006. 1753; Hook.f., Fl. Brit. India 5: 383. 1887.",23,"male flowers: petals crimson-red, female flowers: petals larger, crimson-red",RED
"3. Jatropha podagrica Hook., Bot. Mag. 74: t. 4376. 1848; Woodrow in J. Bombay Nat.",23,flowers bright red,RED
39. Manihot Mill.,23,no flower colour mentioned,UNKNOWN
1. M.  esculenta,23,no flower colour mentioned,UNKNOWN
2. M.  glaziovii,23,no flower colour mentioned,UNKNOWN
"1. Manihot esculenta Crantz, Inst. Rei Herb. 1: 167. 1766.  Jatropha manihot L., Sp. Pl.",23,no flower colour mentioned,UNKNOWN
"2. Manihot glaziovii Müll.Arg. in Mart., Fl. Bras. 11(2): 446. 1874; Brandis, Indian Trees",23,no flower colour mentioned,UNKNOWN
40. Hevea Aubl.,23,no flower colour mentioned,UNKNOWN
41. Givotia Griff.,23,no flower colour mentioned,UNKNOWN
"1968. Croton moluccanus L., Sp. Pl. 1005. 1753, p. p. quoad spec. Hermann.  Givotia moluccana",23,no flower colour mentioned,UNKNOWN
"2000. Kan.:  Pubeer;    Mar.:  Polki;    Tam.:  Kottaithanakku,  Thalamaram,  Vendalai,  Vellai-",23,flowers yellow,YELLOW
"42. Trigonostemon  Blume,  nom.  cons.",23,no flower colour mentioned,UNKNOWN
5. T.  viridissimus,23,no flower colour mentioned,UNKNOWN
1. T. aurantiacus,23,no flower colour mentioned,UNKNOWN
3. T.  semperflorens,23,no flower colour mentioned,UNKNOWN
2. T.  nemoralis,23,no flower colour mentioned,UNKNOWN
4. T.  villosus,23,no flower colour mentioned,UNKNOWN
"1. Trigonostemon aurantiacus (Kurz ex Teijsm. & Binn.) Boerl., Handl. Fl. Nederl. Ind.",23,petals deep red or orange-red,RED
"2. Trigonostemon nemoralis Thwaites, Enum. Pl. Zeyl. 277. 1861; Bedd., Fl. Sylv. S. India",23,flowers red,RED
"3. Trigonostemon semperflorens (Roxb.) Müll.Arg. in DC., Prodr. 15(2): 1110. 1866; Hook.f.,",23,flowers deep purple,PURPLE/BLUE
4. Trigonostemon villosus Hook.f. var. nicobaricus (Chakrab.) N.P.Balakr. & Chakrab. in,23,petals blackish crimson,OTHER
5. Trigonostemon viridissimus (Kurz) Airy Shaw in Kew Bull. 25: 545. 1971 & 36: 358. 1981,23,flowers yellow or orange-yellow,YELLOW
1984. Trigonostemon chatterjii Deb & G.K. Deka in Indian Forester 91: 577. 1965.,23,no flower colour mentioned,UNKNOWN
42. Euphorbia,23,no flower colour mentioned,UNKNOWN
"42. Euphorbia L., sensu lato",23,no flower colour mentioned,UNKNOWN
82. E. nana,23,no flower colour mentioned,UNKNOWN
80. E. fusiformis,23,no flower colour mentioned,UNKNOWN
81. E. meenae,23,no flower colour mentioned,UNKNOWN
33. E.  epiphylloides,23,no flower colour mentioned,UNKNOWN
84. E. tirucalli,23,no flower colour mentioned,UNKNOWN
83. E. mauritanica,23,no flower colour mentioned,UNKNOWN
76. E. milii,23,no flower colour mentioned,UNKNOWN
64. E. caducifolia,23,no flower colour mentioned,UNKNOWN
69. E. nivulia,23,no flower colour mentioned,UNKNOWN
72. E.  susan-holmesiae,23,no flower colour mentioned,UNKNOWN
70. E. royleana,23,no flower colour mentioned,UNKNOWN
73. E. tortilis,23,no flower colour mentioned,UNKNOWN
71. E. santapaui,23,no flower colour mentioned,UNKNOWN
65. E. cattimandoo,23,no flower colour mentioned,UNKNOWN
75. E. vajravelui,23,no flower colour mentioned,UNKNOWN
67. E. lactea,23,no flower colour mentioned,UNKNOWN
63. E. antiquorum,23,no flower colour mentioned,UNKNOWN
74. E. trigona,23,no flower colour mentioned,UNKNOWN
66. E. lacei,23,no flower colour mentioned,UNKNOWN
25. E. pallens,23,no flower colour mentioned,UNKNOWN
31. E. serpens,23,no flower colour mentioned,UNKNOWN
12. E. granulata,23,no flower colour mentioned,UNKNOWN
4. E. clarkeana,23,no flower colour mentioned,UNKNOWN
19. E. jodhpurensis,23,no flower colour mentioned,UNKNOWN
32. E. thymifolia,23,no flower colour mentioned,UNKNOWN
26. E. prostrata,23,no flower colour mentioned,UNKNOWN
13. E. heyneana,23,no flower colour mentioned,UNKNOWN
17. E. hyssopifolia,23,no flower colour mentioned,UNKNOWN
14. E. hirta,23,no flower colour mentioned,UNKNOWN
18. E. indica,23,no flower colour mentioned,UNKNOWN
28. E. rosea,23,no flower colour mentioned,UNKNOWN
16. E. hypericifolia,23,no flower colour mentioned,UNKNOWN
7. E. corrigioloides,23,no flower colour mentioned,UNKNOWN
27. E. pycnostegia,23,no flower colour mentioned,UNKNOWN
21. E. laciniata,23,no flower colour mentioned,UNKNOWN
8. E. cristata,23,no flower colour mentioned,UNKNOWN
5. E. coccinea,23,no flower colour mentioned,UNKNOWN
3. E.  balakrishnanii,23,no flower colour mentioned,UNKNOWN
22. E. lawsonii,23,no flower colour mentioned,UNKNOWN
29. E.  sebastinei,23,no flower colour mentioned,UNKNOWN
15. E. hispida,23,no flower colour mentioned,UNKNOWN
20. E. katrajensis,23,no flower colour mentioned,UNKNOWN
11. E. erythroclada,23,no flower colour mentioned,UNKNOWN
23. E.  longistyla,23,no flower colour mentioned,UNKNOWN
30. E. senguptae,23,no flower colour mentioned,UNKNOWN
24. E. notoptera,23,no flower colour mentioned,UNKNOWN
6. E. concanensis,23,no flower colour mentioned,UNKNOWN
9. E. deccanensis,23,no flower colour mentioned,UNKNOWN
45. E. lathyris,23,no flower colour mentioned,UNKNOWN
53. E. perbracteata,23,no flower colour mentioned,UNKNOWN
39. E. dracunculoides,23,no flower colour mentioned,UNKNOWN
52. E. peplus,23,no flower colour mentioned,UNKNOWN
47. E. maddenii,23,no flower colour mentioned,UNKNOWN
54. E. prolifera,23,no flower colour mentioned,UNKNOWN
40. E. falcata,23,no flower colour mentioned,UNKNOWN
43. E. kanaorica,23,no flower colour mentioned,UNKNOWN
55. E. rothiana,23,no flower colour mentioned,UNKNOWN
60. E. thyrsoidea,23,no flower colour mentioned,UNKNOWN
49. E. osyridea,23,no flower colour mentioned,UNKNOWN
50. E. pamirica,23,no flower colour mentioned,UNKNOWN
61. E. tibetica,23,no flower colour mentioned,UNKNOWN
59. E. thomsoniana,23,no flower colour mentioned,UNKNOWN
48. E. micractina,23,no flower colour mentioned,UNKNOWN
58. E. stracheyi,23,no flower colour mentioned,UNKNOWN
41. E. helioscopia,23,no flower colour mentioned,UNKNOWN
42. E. jacquemontii,23,no flower colour mentioned,UNKNOWN
37. E. cornigera,23,no flower colour mentioned,UNKNOWN
51. E. peltata,23,no flower colour mentioned,UNKNOWN
36. E. cashmeriana,23,no flower colour mentioned,UNKNOWN
62. E. wallichii,23,no flower colour mentioned,UNKNOWN
57. E.  sikkimensis,23,no flower colour mentioned,UNKNOWN
38. E. donii,23,no flower colour mentioned,UNKNOWN
34. E. agowensis,23,no flower colour mentioned,UNKNOWN
79. E. pulcherrima,23,no flower colour mentioned,UNKNOWN
78. E. heterophylla,23,no flower colour mentioned,UNKNOWN
77. E. cyathophora,23,no flower colour mentioned,UNKNOWN
10. Tirucalli,23,"involucral leaves usually smaller than the cyathia, same color as inflorescence, sometimes yellow or variously coloured",YELLOW
8. Poinsettia,23,floral leaves white,WHITE
1. Euphorbia cotinifolia L. ssp. cotinoides (Miq.) Christenh. in Harvard Papers Bot. 7: 3.,23,no flower colour mentioned,UNKNOWN
"2. Euphorbia leucocephala Lotsy in Bot. Gaz. 20: 350, t. 24. 1895; Binojk. & N.P. Balakr. in",23,upper floral leaves white or pink,WHITE
"3. Euphorbia balakrishnanii Binojk. & R.Gopalan in Rheedea 8: 67, f. 1. 1998; Binojk. &",23,no flower colour mentioned,UNKNOWN
"4. Euphorbia clarkeana Hook.f., Fl. Brit. India 5: 253. 1887; Binojk. & N.P.Balakr., Genus",23,no flower colour mentioned,UNKNOWN
"1972. Herbs, prostrate or decumbent, up to 25 cm high; stems branched, sparsely hairy; nodes",23,pinkish,PINK
"5. Euphorbia coccinea B.Heyne ex Roth, Nov. Pl. Sp. 228. 1821; Hook.f., Fl. Brit. India 5:",23,pale pink,PINK
"6. Euphorbia concanensis Janarth. & S.R.Yadav in Rheedea 5: 148, f. 1. 1995; Binojk. &",23,flowers rosy pink,PINK
"7. Euphorbia corrigioloides Boiss., Cent. Euphorb. 11. 1860 & in DC., Prodr. 15(2): 32.",23,no flower colour mentioned,UNKNOWN
"8. Euphorbia cristata B.Heyne ex Roth, Nov. Pl. Sp. 226. 1821; Hook.f., Fl. Brit. India 5: 247.",23,"limbs laciniate or palmately 7 – 11-lobed for half way, ca 1.5 x 2.5 mm",OTHER
"9. Euphorbia deccanensis V.S.Raju in Taxon 34: 519. 1985, nom. nov. pro E. linearifolia",23,no flower colour mentioned,UNKNOWN
"10. Euphorbia elegans Spreng., Syst. Veg. 3: 794. 1826; Hook.f., Fl. Brit. India 5: 246. 1887;",23,flowers pale yellow or pink,YELLOW
"11. Euphorbia erythroclada Boiss. in DC., Prodr. 15(2): 25. 1862; Hook.f., Fl. Brit. India 5:",23,flowers pink,PINK
"12. Euphorbia granulata Forssk., Fl. Aegypt.-Arab. 94. 1775; Hook.f., Fl. Brit. India 5: 252.",23,no flower colour mentioned,UNKNOWN
13. Euphorbia heyneana Spreng. Syst. Veg. 3: 791. 1826 (as ‘heyniana’); Panigrahi in Kew,23,no flower colour mentioned,UNKNOWN
"14. Euphorbia hirta L., Sp. Pl. 454. 1753; Burm.f., Fl. Indica 112. 1768; Binojk. & N.P.Balakr.,",23,no flower colour mentioned,UNKNOWN
"1909. Beng.:  Baro-kheruie, Kerui;  Guj.:  Dudeli;  Hindi: Dudhi; Kan.: Acegida, Karihalsoppu;",23,no flower colour mentioned,UNKNOWN
"15. Euphorbia hispida Boiss., Cent. Euphorb. 8. 1860 & in DC., Prodr. 15(2): 37. 1862;",23,no flower colour mentioned,UNKNOWN
"16. Euphorbia hypericifolia L., Sp. Pl. 454. 1753; Burm.f., Fl. Indica 113. 1768; Hook.f., Fl.",23,"flowers white, purplish or pale pink",WHITE
"17. Euphorbia hyssopifolia L., Syst. Nat. ed. 10, 2: 1048. 1759; Binojk. & N.P. Balakr.,",23,"male florets: anthers red, female floret: limbs white or pale pink",WHITE
"18. Euphorbia indica Lam., Encycl. 2: 423. 1788; Hook.f., Fl. Brit. India 5: 250. 1887, in",23,flowers white or pale pink,WHITE
19. Euphorbia jodhpurensis Blatt. & Hallb. in J. Bombay Nat. Hist. Soc. 26: 971. 1920;,23,flowers white or pink,WHITE
20. Euphorbia katrajensis Gage in Bull. Misc. Inform. Kew 1914: 236. 1914; Santapau in,23,no flower colour mentioned,UNKNOWN
"21. Euphorbia laciniata Panigrahi in Kew Bull. 30: 531. 1975; Binojk. & N.P. Balakr., Genus",23,no flower colour mentioned,UNKNOWN
"22. Euphorbia lawsonii Binojk. & Dwarakan in Rheedea 4: 60, f. 1. 1994; Binojk. &",23,no flower colour mentioned,UNKNOWN
"23. Euphorbia longistyla Boiss., Cent. Euphorb. 9. 1860 & in DC., Prodr. 15(2): 20. 1862;",23,no flower colour mentioned,UNKNOWN
"24. Euphorbia notoptera Boiss. in DC., Prodr. 15(2): 26. 1862; Hook.f., Fl. Brit. India 5: 247.",23,no flower colour mentioned,UNKNOWN
"25. Euphorbia pallens Dillwyn, Rev. Hortus Malab. 54. 1839; V.S. Raju in Rheedea 11: 45.",23,no flower colour mentioned,UNKNOWN
"26. Euphorbia prostrata Aiton, Hort. Kew. 2: 139. 1789; Hook.f., Fl. Brit. India 5: 266. 1887,",23,no flower colour mentioned,UNKNOWN
"27. Euphorbia pycnostegia Boiss., Cent. Euphorb. 9. 1860 & in DC., Prodr. 15(2): 18. 1862;",23,no flower colour mentioned,UNKNOWN
"2010. Euphorbia pycnostegia Boiss. var. laxa Boiss. in DC., Prodr. 15(2): 19. 1862.  Chamaesyce",23,"limbs transversely obovate, white or purplish pink",WHITE
"28. Euphorbia rosea Retz., Observ. Bot. 4: 26. 1786; Hook.f., Fl. Brit. India 5: 251. 1887;",23,pale pink or white,WHITE
"29. Euphorbia sebastinei Binojk. & N.P.Balakr. in Rheedea 3: 26, f. 1. 1993; Reddy et al. in",23,no flower colour mentioned,UNKNOWN
"2004. Herbs, erect or decumbent, 10 - 20 cm high, pubescent; stems many from a thick rootstock,",23,white or pink,WHITE
"30. Euphorbia senguptae N.P.Balakr. & Subr. in Bull. Bot. Surv. India 2: 175. 1960; J.L.Ellis,",23,flowers pale pink,PINK
"31. Euphorbia serpens Kunth in Humb., Bonpl. & Kunth, Nov. Gen. Sp. (quarto ed.) 2: 52.",23,no flower colour mentioned,UNKNOWN
"1968. Chamaesyce serpens (Kunth) Small, Fl. S.E. US. 709. 1903.",23,no flower colour mentioned,UNKNOWN
"32. Euphorbia thymifolia L., Sp. Pl. 454. 1753; Hook.f., Fl. Brit. India 5: 252. 1887; Binojk. &",23,male florets: limbs white or pink,WHITE
"33. Euphorbia epiphylloides Kurz [Rep. Veg. Andaman Isl. ed. 2, 48. 1870, nom. nud.] in J.",23,no flower colour mentioned,UNKNOWN
"34. Euphorbia agowensis Hochst. ex Boiss. in DC., Prodr. 15(2): 70. 1862 & Icones Euphorb.",23,no flower colour mentioned,UNKNOWN
"35. Euphorbia boissieriana (Woronow) Prokh. in Kom., Fl. URSS 14: 445. 1949; Stewart,",23,no flower colour mentioned,UNKNOWN
"36. Euphorbia cashmeriana Royle, Ill. Bot. Himal. Mts. 329, t. 82, f. 4. 1836; Binojk. &",23,no flower colour mentioned,UNKNOWN
"37. Euphorbia cornigera Boiss. in DC., Prodr. 15(2): 122. 1862; Dhar & Kachroo, Alpine Fl.",23,no flower colour mentioned,UNKNOWN
"38. Euphorbia donii Oudejans in Phytologia 67: 45. 1989, nom. nov. pro E. longifolia",23,no flower colour mentioned,UNKNOWN
"39. Euphorbia dracunculoides Lam., Encycl.  2: 428. 1788; Roxb., Fl. Ind., ed. Carey 2: 474.",23,no flower colour mentioned,UNKNOWN
"1821. Tithymalus dracunculoides (Lam.) Klotzsch & Garcke, Abh. Akad. Berlin 1859: 84. 1860.",23,no flower colour mentioned,UNKNOWN
"40. Euphorbia falcata L., Sp. Pl. 456. 1753; Boiss. in DC., Prodr. 15(2): 140. 1862 & in Fl.",23,no flower colour mentioned,UNKNOWN
"41. Euphorbia helioscopia L., Sp. Pl. 459. 1753; Boiss. in DC., Prodr. 15(2): 136. 1862 & Fl.",23,no flower colour mentioned,UNKNOWN
"42. Euphorbia jacquemontii Boiss. in DC., Prodr. 15(2): 113. 1862; Hook.f., Fl. Brit. India 5:",23,no flower colour mentioned,UNKNOWN
"43. Euphorbia kanaorica Boiss. in DC., Prodr. 15(2): 154. 1862; Hook.f., Fl. Brit. Ind. 5: 264.",23,no flower colour mentioned,UNKNOWN
"44. Euphorbia khasyana Boiss. in DC., Prodr. 15(2): 120. 1862; Hook.f., Fl. Brit. India 5: 262.",23,no flower colour mentioned,UNKNOWN
"45. Euphorbia lathyris L., Sp. Pl. 457. 1753; Boiss. in DC., Prodr. 15(2): 99. 1862; Binojk. &",23,no flower colour mentioned,UNKNOWN
2010. Tithymalus lathyris (L.) Hill. Hort. Kew ed. 1. 173.3. 1768.,23,pale greenish yellow,YELLOW
46. Euphorbia luteoviridis D.G.Long in Notes Roy. Bot. Gard. Edinburgh 44: 163. 1986  (as,23,"greenish yellow, sometimes tinged red",YELLOW
"47. Euphorbia maddenii Boiss. in DC., Prodr. 15(2): 141. 1862; Hook.f., Fl. Brit. India 5: 263.",23,no flower colour mentioned,UNKNOWN
"48. Euphorbia micractina Boiss. in DC., Prodr. 15(2): 127. 1862; Hook.f., Fl. Brit. India 5:",23,no flower colour mentioned,UNKNOWN
"49. Euphorbia osyridea Boiss., Diagn. Pl. Orient. 7: 87. 1846 & in DC., Prodr. 15(2): 107.",23,no flower colour mentioned,UNKNOWN
"50. Euphorbia pamirica (Prokh.) Prokh. in V.L. Kumarov., Fl. URSS 14: 438 . 1949; Radcl.-",23,no flower colour mentioned,UNKNOWN
"51. Euphorbia peltata Roxb. [Hort. Bengal. 36, 1814, nom nud.] Fl. Ind., ed. Carey 2: 474.",23,no flower colour mentioned,UNKNOWN
"52. Euphorbia peplus L., Sp. Pl. 456. 1753; Boiss. in DC., Prodr. 15(2): 141. 1862; Hook.f., Fl.",23,no flower colour mentioned,UNKNOWN
"53. Euphorbia perbracteata Gage in Bull. Misc. Inform. Kew 1914: 238. 1914; Haines, Bot.",23,no flower colour mentioned,UNKNOWN
"54. Euphorbia prolifera Buch.-Ham. ex D.Don, Prodr. Fl. Nepal. 62. 1825; Hook.f., Fl. Brit.",23,no flower colour mentioned,UNKNOWN
"55. Euphorbia rothiana Spreng., Syst. Veg. 3: 796. 1826, nom. nov. pro E. laeta, auct. non",23,no flower colour mentioned,UNKNOWN
56. Euphorbia sharmae U.C.Bhattach. in Bull. Bot. Soc. Bengal 21: 33. 1967 Binojk. &,23,no flower colour mentioned,UNKNOWN
"57. Euphorbia sikkimensis Boiss. in DC., Prodr. 15(2): 113. 1862; Hook.f., Fl. Brit. India 5:",23,no flower colour mentioned,UNKNOWN
"58. Euphorbia stracheyi Boiss. in DC., Prodr. 15(2): 114. 1862; Hook.f., Fl. Brit. India 5: 259.",23,no flower colour mentioned,UNKNOWN
"59. Euphorbia thomsoniana Boiss. in DC., Prodr. 15(2): 113. 1862; Hook.f., Fl. Brit. India 5:",23,no flower colour mentioned,UNKNOWN
"60. Euphorbia thyrsoidea Boiss. in DC., Prodr. 15(2): 164. 1862; Hook.f., Fl. Brit. India 5:",23,glands red or purple,RED
"61. Euphorbia tibetica Boiss. in DC., Prodr. 15(2): 114. 1862; Hook.f., Fl. Brit. India 5: 260.",23,no flower colour mentioned,UNKNOWN
"62. Euphorbia wallichii Hook.f., Fl. Brit. India 5: 258. 1887; Blatt. Beautiful Fl. Kashmir 2:",23,no flower colour mentioned,UNKNOWN
"63. Euphorbia antiquorum L., Sp. Pl. 450. 1753, p. p.; Burm.f., Fl. Indica 110. 1768; Hook.f.,",23,no flower colour mentioned,UNKNOWN
64. Euphorbia caducifolia Haines in Indian Forester 40: 154. 1914 & Bot. Bihar Orissa 1:,23,no flower colour mentioned,UNKNOWN
"65. Euphorbia cattimandoo Elliot ex Wight, Icon. Pl. Ind. Orient. 6: t. 1993. 1853; Elliot, Fl.",23,no flower colour mentioned,UNKNOWN
66. Euphorbia lacei Craib in Bull. Misc. Inform. Kew 1911: 456. 1911 & Contr. Fl. Siam.,23,no flower colour mentioned,UNKNOWN
"67. Euphorbia lactea Haw., Syn. Pl. Succ. 127. 1812; Roxb., Fl. Ind., ed. Carey 2: 468. 1832;",23,no flower colour mentioned,UNKNOWN
"68. Euphorbia neriifolia L., Sp. Pl. 451. 1753, p. p.; Burm.f., Fl. Indica 111. 1768; Hook.f., Fl.",23,no flower colour mentioned,UNKNOWN
"1906. Asm.: Hiju;  Beng.: Mansa, Siji;  Guj.: Thor;  Hindi: Munsasej, Sehund, Thuar;  Mal.:",23,no flower colour mentioned,UNKNOWN
"69. Euphorbia nivulia Buch.-Ham. in Trans. Linn. Soc. London 14: 286. 1825; Hook.f., Fl.",23,no flower colour mentioned,UNKNOWN
"70. Euphorbia royleana Boiss. in DC., Prodr. 15(2): 83. 1862; Hook.f., Fl. Brit. India 5: 247.",23,no flower colour mentioned,UNKNOWN
71. Euphorbia santapaui A.N.Henry in Bull. Bot. Surv. India 6: 329. 1964 (1965); Anonymous,23,no flower colour mentioned,UNKNOWN
72. Euphorbia susan-holmesiae Binojk. & R.Gopalan in Cact. Succ. J. (Los Angeles) 65:,23,no flower colour mentioned,UNKNOWN
"73. Euphorbia tortilis Rottler ex Ainslie, Materia Indica 2: 424. 1826; Hook.f., Fl. Brit. India",23,no flower colour mentioned,UNKNOWN
"74. Euphorbia trigona Mill., Gard. Dict., ed. 8: Euphorbia no. 3. 1768; Haw., Syn. Pl. Succ.",23,no flower colour mentioned,UNKNOWN
75. Euphorbia vajravelui Binojk. & N.P.Balakr. in Cact. Succ. J. (Los Angeles) 63: 229.,23,no flower colour mentioned,UNKNOWN
"76. Euphorbia milii Des Moul. in Bull. Hist. Nat. Soc. Linn. Bordeaux 1: 25, pl. 1. 1826;",23,involucral bracts bright red or crimson,RED
"77. Euphorbia cyathophora J.Murr., Commentat. Soc. Regiae Sci. Gott. 7: 81. 1786; Rani in",23,no flower colour mentioned,UNKNOWN
"78. Euphorbia heterophylla L., Sp. Pl. 453. 1753; Binojk. & N.P.Balakr., Genus Euphorbia in",23,no flower colour mentioned,UNKNOWN
"79. Euphorbia pulcherrima Willd. ex Klotzsch, Allg. Gartenzeitung 2: 27. 1834; Boiss. in",23,flowers crimson or yellow,YELLOW
"80. Euphorbia fusiformis Buch.-Ham. ex  D.Don, Prodr. Fl. Nepal. 62. 1825; Hook.f., Fl.",23,no flower colour mentioned,UNKNOWN
"81. Euphorbia meenae S.Carter in Cact. Succ. J. (Los Angeles) 72: 210, ff. 5 & 6. 2000;",23,no flower colour mentioned,UNKNOWN
"82. Euphorbia nana Royle, Ill. Bot. Himal. Mts. 329, t. 82. 1836; Binojk. & N.P.Balakr.,",23,no flower colour mentioned,UNKNOWN
"83. Euphorbia mauritanica L., Sp. Pl. 452. 1753; Binojk. & N.P.Balakr., Genus Euphorbia in",23,no flower colour mentioned,UNKNOWN
"84. Euphorbia tirucalli L., Sp. Pl. 452. 1753; Hook.f., Fl. Brit. India 5: 254. 1887; Binojk. &",23,no flower colour mentioned,UNKNOWN
1. Euphorbia fulgens Karw. ex Klotzsch in Allg. Gartenzeitung (Otto & Dietrich) 2: 26 – 27.,23,"limbs of glands red, orange, yellow, salmon pink or white tinged with pink",WHITE
"2. Euphorbia grandicornis Goebel [Pflanzenbiol. Schilderung. 1: 62. 1889, nom. nud.] ex",23,flowers yellow,YELLOW
"1679. However,  Rheede  bases  his  work  exclusively  on  Malabar  (Kerala  in  West  Coast  of",23,no flower colour mentioned,UNKNOWN
"3. Euphorbia marginata Pursh, Fl. Amer. Sept. (Pursh) 2: 607. 1813; Boiss. in DC., Prodr.",23,no flower colour mentioned,UNKNOWN
46. Microstachys,23,no flower colour mentioned,UNKNOWN
43. Balakata,23,no flower colour mentioned,UNKNOWN
48. Triadica,23,no flower colour mentioned,UNKNOWN
47. Shirakiopsis,23,no flower colour mentioned,UNKNOWN
45. Falconeria,23,no flower colour mentioned,UNKNOWN
44. Excoecaria,23,no flower colour mentioned,UNKNOWN
43. Balakata  Esser,23,flowers reddish purple turning to purplish black,RED
44. Excoecaria  L.,23,no flower colour mentioned,UNKNOWN
2. E. agallocha,23,no flower colour mentioned,UNKNOWN
3. E. crenulata,23,no flower colour mentioned,UNKNOWN
6. E. rectinervis,23,no flower colour mentioned,UNKNOWN
1. E. acerifolia,23,no flower colour mentioned,UNKNOWN
4. E. cuspidata,23,no flower colour mentioned,UNKNOWN
1. Excoecaria acerifolia Didr. in Vidensk. Meddel. Dansk Naturhist. Foren. Kjobenhavn,23,no flower colour mentioned,UNKNOWN
"2. Excoecaria agallocha L., Syst. Nat., ed.10, 2: 1288.  1759 & Sp. Pl., ed. 2, 1451. 1763;",23,no flower colour mentioned,UNKNOWN
"3. Excoecaria crenulata Wight, Icon. Pl. Ind. Orient. 5(2): 20, t. 1865. 1852; Hook.f., Fl. Brit.",23,no flower colour mentioned,UNKNOWN
4. Excoecaria cuspidata (Müll.Arg.) Chakrab. & M.Gangop. in J. Econ. Taxon. Bot. 14:,23,no flower colour mentioned,UNKNOWN
"5. Excoecaria oppositifolia Griff. in Calcutta J. Nat. Hist. 4: 386. 1844; Hook.f., Fl. Brit. India",23,no flower colour mentioned,UNKNOWN
"6. Excoecaria rectinervis (Kurz) Kurz in J. Asiat. Soc. Bengal, Pt. 2, Nat. Hist. 45(2): 148.",23,no flower colour mentioned,UNKNOWN
45. Falconeria  Royle,23,flowers scarlet-red,RED
46. Microstachys A.Juss.,23,no flower colour mentioned,UNKNOWN
"1999. Tragia chamaelea L., Sp. Pl. 981. 1753.  Sebastiania chamaelea (L.) Müll.Arg. in DC.,",23,no flower colour mentioned,UNKNOWN
47. Shirakiopsis  Esser,23,no flower colour mentioned,UNKNOWN
48. Triadica Lour.,23,no flower colour mentioned,UNKNOWN
"1. Triadica cochinchinensis Lour., Fl. Cochinch. ed. 1, 2: 610. 1790 & ed. 2, 2: 749. 1793.",23,no flower colour mentioned,UNKNOWN
"2. Triadica sebifera (L.) Small, Florida Trees 59. 1913 & Man. SE. Fl. 789. 1933; Esser in",23,no flower colour mentioned,UNKNOWN
46. Mischodon  Thwaites,23,no flower colour mentioned,UNKNOWN
52. Antidesma,23,no flower colour mentioned,UNKNOWN
53. Aporosa,23,no flower colour mentioned,UNKNOWN
54. Baccaurea,23,no flower colour mentioned,UNKNOWN
52. Antidesma  Burm.  ex  L.,23,no flower colour mentioned,UNKNOWN
1. A. acidum,23,no flower colour mentioned,UNKNOWN
5. A. comptum,23,no flower colour mentioned,UNKNOWN
11. A. puncticulatum,23,no flower colour mentioned,UNKNOWN
3. A. bhargavae,23,no flower colour mentioned,UNKNOWN
12. A. tetrandrum,23,no flower colour mentioned,UNKNOWN
4. A. bunius,23,no flower colour mentioned,UNKNOWN
9. A. montanum (p. p.),23,no flower colour mentioned,UNKNOWN
2. A.  alexiteria,23,no flower colour mentioned,UNKNOWN
7. A. keralense,23,no flower colour mentioned,UNKNOWN
8. A. khasianum,23,no flower colour mentioned,UNKNOWN
6. A.  ghaesembilla,23,no flower colour mentioned,UNKNOWN
13. A. tomentosum,23,no flower colour mentioned,UNKNOWN
10. A. nigricans,23,no flower colour mentioned,UNKNOWN
14. A. velutinosum,23,no flower colour mentioned,UNKNOWN
"1. Antidesma acidum Retz., Observ. Bot. 5: 30. 1788 (as acida); Müll.Arg. in DC., Prodr.",23,no flower colour mentioned,UNKNOWN
"2. Antidesma alexiteria L., Sp. Pl. 1027. 1753, p. p.; Lam., Encycl. 1: 206. 1783; Hook.f., Fl.",23,no flower colour mentioned,UNKNOWN
"3. Antidesma bhargavae Chakrab. & N.P.Balakr. in J. Econ. Taxon. Bot. 26: 524, t. 1. 2002.",23,no flower colour mentioned,UNKNOWN
"4. Antidesma bunius (L.) Spreng., Syst. Veg. 1: 826. 1824; Hook.f., Fl. Brit. India 5: 358.",23,no flower colour mentioned,UNKNOWN
"5. Antidesma comptum Tul. in Ann. Sci. Nat. Ser. III, 15: 190. 1851; Hook.f., Fl. Brit. India",23,no flower colour mentioned,UNKNOWN
1966. Sinh.: Thimbiliya.,23,no flower colour mentioned,UNKNOWN
"6. Antidesma  ghaesembilla  Gaertn.,  Fruct.  Sem.  Pl.  1:  189,  t.  39,  f.  5.  1788  (as",23,no flower colour mentioned,UNKNOWN
"7. Antidesma keralense Chakrab. & M.Gangop. in J. Econ. Taxon. Bot. 24: 23, f. 1. 2000.  A.",23,no flower colour mentioned,UNKNOWN
"1825. Shrubs, ca 3 m tall, entirely glabrous.  Leaves elliptic to oblong-elliptic, acute or sometimes",23,no flower colour mentioned,UNKNOWN
"8. Antidesma khasianum Hook.f., Fl. Brit. India 5: 362. 1887; Kanjilal et al., Fl. Assam 4:",23,no flower colour mentioned,UNKNOWN
"9. Antidesma montanum Blume, Bijdr. Fl. Ned. Ind. 1124. 1826 - 27; Chakrab. & M.Gangop.",23,no flower colour mentioned,UNKNOWN
"10. Antidesma nigricans Tul. in Ann. Sci. Nat. Bot., Ser. III. 15: 225. 1851; Hook.f., Fl. Brit.",23,no flower colour mentioned,UNKNOWN
"11. Antidesma puncticulatum Miq., Fl. Ned. Ind., Eerste Bijv. 3: 468. 1860.  A. thwaitesianum",23,no flower colour mentioned,UNKNOWN
1825. Sinh.:  Karawala  kebella.,23,no flower colour mentioned,UNKNOWN
"12. Antidesma tetrandrum Blume, Bijdr. Fl. Ned. Ind. 1124. 1826 - 27; Chakrab. & A.K.Roy",23,no flower colour mentioned,UNKNOWN
"13. Antidesma tomentosum Blume, Catalogus 109. 1823 as ‘tomentosa’ & Bijdr. Fl. Ned.",23,no flower colour mentioned,UNKNOWN
"14. Antidesma velutinosum Blume, Bijdr. Fl. Ned. Ind. 1125. 1826 - 27; Hook.f., Fl. Brit.",23,no flower colour mentioned,UNKNOWN
"15. Antidesma velutinum Tul. in Ann. Sci. Nat. Bot., Ser. III. 15: 223. 1851; Hook.f., Fl. Brit.",23,no flower colour mentioned,UNKNOWN
53. Aporosa  Blume,23,no flower colour mentioned,UNKNOWN
460. Notes.  The original spelling of the generic name Aporosa (Blume 1825: 514) is adopted,23,no flower colour mentioned,UNKNOWN
1. A. bourdillonii,23,no flower colour mentioned,UNKNOWN
7. A. wallichii,23,no flower colour mentioned,UNKNOWN
2. A. cardiosperma,23,no flower colour mentioned,UNKNOWN
6. A. octandra (p. p.),23,no flower colour mentioned,UNKNOWN
4. A. indo-acuminata (p. p.),23,no flower colour mentioned,UNKNOWN
3. A. fusiformis (p. p.),23,no flower colour mentioned,UNKNOWN
5. A. nigricans,23,no flower colour mentioned,UNKNOWN
4. A. indo-acuminata (p. p.),23,no flower colour mentioned,UNKNOWN
4. A. fusiformis (p. p.),23,no flower colour mentioned,UNKNOWN
6. A. octandra (p. p.),23,no flower colour mentioned,UNKNOWN
"1. Aporosa bourdillonii Stapf in Hooker’s, Icon. Pl. 23: t. 2204. 1894; Gamble, Fl. Madras",23,no flower colour mentioned,UNKNOWN
2. Aporosa cardiosperma (Gaertn.) Merr. in J. Arnold  Arbor. 35: 139. 1954; A.M.Schot in,23,no flower colour mentioned,UNKNOWN
"3. Aporosa fusiformis Thwaites, Enum. Pl. Zeyl. 288. 1861; Hook.f., Fl. Brit. India 5: 351.",23,no flower colour mentioned,UNKNOWN
"4. Aporosa indo-acuminata Chakrab. & N.P.Balakr., sp. nov.  A. acuminatae Thwaites",23,no flower colour mentioned,UNKNOWN
"5. Aporosa nigricans Hook.f., Fl. Brit. India 5: 347. 1887.",23,no flower colour mentioned,UNKNOWN
"1982. Myrica octandra Buch.-Ham. ex D. Don, Prodr. Fl. Nepal. 56. 1825.  Alnus dioica Roxb., Fl.",23,no flower colour mentioned,UNKNOWN
"7. Aporosa wallichii Hook.f., Fl. Brit. India 5: 350. 1887; Prain, Bengal Pl. 2: 939. 1903;",23,no flower colour mentioned,UNKNOWN
54. Baccaurea Lour.,23,no flower colour mentioned,UNKNOWN
2. B. javanica,23,no flower colour mentioned,UNKNOWN
1. B.  courtallensis,23,no flower colour mentioned,UNKNOWN
3. B. ramiflora,23,no flower colour mentioned,UNKNOWN
"1. Baccaurea courtallensis (Wight) Müll.Arg. in DC., Prodr. 15(2): 459. 1866; Hook.f., Fl.",23,no flower colour mentioned,UNKNOWN
"1852. Baccaurea sapida sensu Bedd., Fl. Sylv. S. India t. 280. 1872, non (Roxb.) Müll.Arg. 1866.",23,no flower colour mentioned,UNKNOWN
"2. Baccaurea javanica (Blume) Müll.Arg. in DC., Prodr. 15(2): 465. 1866.  Adenocrepis",23,no flower colour mentioned,UNKNOWN
"3. Baccaurea ramiflora Lour., Fl. Cochinch. 661. 1790.  Pierardia sapida Roxb. [Hort.",23,no flower colour mentioned,UNKNOWN
55. Bischofia  Blume,23,no flower colour mentioned,UNKNOWN
"1887. Mal.: Cholavengai, Nira, Thirippu;  Tam.: Milachityan, Thondi.",23,"flowers red in bud, yellowish when open",YELLOW
56. Bridelia,23,no flower colour mentioned,UNKNOWN
57. Cleistanthus,23,no flower colour mentioned,UNKNOWN
"56. Bridelia Willd., nom. & orth. cons.",23,no flower colour mentioned,UNKNOWN
8. B.  stipularis,23,no flower colour mentioned,UNKNOWN
6. B. retusa,23,no flower colour mentioned,UNKNOWN
10. B. verrucosa,23,no flower colour mentioned,UNKNOWN
1. B. assamica,23,no flower colour mentioned,UNKNOWN
3. B. montana (p. p.),23,no flower colour mentioned,UNKNOWN
5. B. ovata,23,no flower colour mentioned,UNKNOWN
2. B. glauca,23,no flower colour mentioned,UNKNOWN
"1. Bridelia assamica Hook.f., Fl. Brit. India 5: 269. 1887; Jabl. in Engl., Pflanzenr. IV.147.VIII",23,no flower colour mentioned,UNKNOWN
"2. Bridelia glauca Blume, Bijdr. Fl. Ned. Ind. 597. 1826.  B. pubescens Kurz in J. Asiat. Soc.",23,no flower colour mentioned,UNKNOWN
"3. Bridelia montana (Roxb.) Willd., Sp. Pl. ed. 4, 4: 978. 1806; Hook.f., Fl. India 5: 269. 1887;",23,no flower colour mentioned,UNKNOWN
4. Bridelia nicobarica Chakrab. & Vasudeva Rao in J. Econ. Taxon. Bot. 5: 945. 1984.  B.,23,no flower colour mentioned,UNKNOWN
"5. Bridelia ovata Decne. in Nouv. Ann. Mus. Hist. Nat.  3: 484. 1834; Hook.f., Fl. Brit. India",23,no flower colour mentioned,UNKNOWN
"6. Bridelia retusa (L.) A.Juss., Euphorb. Gen. 109, t. 7, f. 22. 1824; Dressler in Blumea 41.",23,no flower colour mentioned,UNKNOWN
"7. Bridelia sikkimensis Gehrm. in Engl., Bot. Jahrb. Syst. 41, Beibl. 95: 34. 1908; Kanjilal",23,no flower colour mentioned,UNKNOWN
"8. Bridelia stipularis (L.) Blume, Bijdr. Fl. Ned. Ind. 597. 1826; Hook.f., Fl. Brit. India 5: 270.",23,no flower colour mentioned,UNKNOWN
"9. Bridelia tomentosa Blume, Bijdr. Fl. Ned. Ind. 597. 1826; Hook.f., Fl. Brit. India 5: 271.",23,no flower colour mentioned,UNKNOWN
"10. Bridelia verrucosa Haines in J. Bot. 59: 189, 193. 1921 & Bot. Bihar Orissa, Pt. 2: 119.",23,no flower colour mentioned,UNKNOWN
57. Cleistanthus  Hook.f.  ex  Planch.,23,no flower colour mentioned,UNKNOWN
3. C.  collinus,23,no flower colour mentioned,UNKNOWN
5. C.  myrianthus,23,no flower colour mentioned,UNKNOWN
4. C. malabaricus,23,no flower colour mentioned,UNKNOWN
1. C. andamanicus,23,no flower colour mentioned,UNKNOWN
2. C.  balakrishnanii,23,no flower colour mentioned,UNKNOWN
6. C. patulus,23,no flower colour mentioned,UNKNOWN
7. C. travancorensis,23,no flower colour mentioned,UNKNOWN
"2010. Drypetes ovalis sensu N. Balach. & Gastmans in J. Bombay Nat. Hist. Soc. 103: 140, 2006,",23,no flower colour mentioned,UNKNOWN
2. Cleistanthus balakrishnanii Chakrab. in J. Econ. Taxon. Bot. 5: 951. 1984; Chakrab. &,23,no flower colour mentioned,UNKNOWN
"3. Cleistanthus collinus (Roxb.) Benth. ex Hook.f., Fl. Brit. India 5: 274. 1887.  Clutia",23,no flower colour mentioned,UNKNOWN
"4. Cleistanthus malabaricus (Müll.Arg.) Müll.Arg. in DC., Prodr. 15(2): 508. 1866; Hook.f.,",23,no flower colour mentioned,UNKNOWN
"5. Cleistanthus myrianthus (Hassk.) Kurz, Prelim. Rep. For. Veg. Pegu, App. A: p. cx, App.",23,no flower colour mentioned,UNKNOWN
"6. Cleistanthus patulus (Roxb.) Müll.Arg. in DC., Prodr. 15(2): 505. 1866; Hook.f., Fl. Brit.",23,no flower colour mentioned,UNKNOWN
"7. Cleistanthus travancorensis Jabl. in Engl., Pflanzenr. IV.147.viii (Heft 65): 21. 1915;",23,no flower colour mentioned,UNKNOWN
58. Drypetes,23,no flower colour mentioned,UNKNOWN
59. Putranjiva,23,no flower colour mentioned,UNKNOWN
58. Drypetes  Vahl,23,no flower colour mentioned,UNKNOWN
8. D. indica,23,no flower colour mentioned,UNKNOWN
16. D. sepiaria,23,no flower colour mentioned,UNKNOWN
18. D. sumatrana,23,no flower colour mentioned,UNKNOWN
7. D. gardneri,23,no flower colour mentioned,UNKNOWN
6. D.  ellisii,23,no flower colour mentioned,UNKNOWN
15. D. porteri,23,no flower colour mentioned,UNKNOWN
20. D.  wightii,23,no flower colour mentioned,UNKNOWN
19. D. venusta,23,no flower colour mentioned,UNKNOWN
11. D.  longifolia,23,no flower colour mentioned,UNKNOWN
12. D. malabarica,23,no flower colour mentioned,UNKNOWN
4. D. confertiflora,23,no flower colour mentioned,UNKNOWN
14. D.  oblongifolia,23,no flower colour mentioned,UNKNOWN
9. D.  jaintensis,23,no flower colour mentioned,UNKNOWN
17. D.  subsessilis  (p.  p.),23,no flower colour mentioned,UNKNOWN
3. D. bhattacharyae,23,no flower colour mentioned,UNKNOWN
5. D.  eglandulosa,23,no flower colour mentioned,UNKNOWN
13. D. microphylla,23,no flower colour mentioned,UNKNOWN
10. D. leiocarpa,23,no flower colour mentioned,UNKNOWN
17. D.  subsessilis  (p.  p.),23,no flower colour mentioned,UNKNOWN
2. D. assamica,23,no flower colour mentioned,UNKNOWN
"1. Drypetes andamanica (Kurz) Pax & K.Hoffm. in Engl., Pflanzenr. IV.147.xv (heft 81): 261.",23,no flower colour mentioned,UNKNOWN
"2. Drypetes assamica (Hook.f) Pax & K.Hoffm. in Engl., Pflanzenr. IV.147.xv (heft 81): 241.",23,no flower colour mentioned,UNKNOWN
"3. Drypetes bhattacharyae Chakrab. in J. Econ. Taxon. Bot. 7: 453. 1985 (1986), (sphalm.",23,no flower colour mentioned,UNKNOWN
"4. Drypetes confertiflora (Hook.f.) Pax & K.Hoffm. in Engl., Pflanzenr. IV.147.xv (heft 81):",23,no flower colour mentioned,UNKNOWN
"5. Drypetes eglandulosa (Roxb.) Pax & K.Hoffm. in Engl., Pflanzenr. IV.147.xv (heft 81):",23,no flower colour mentioned,UNKNOWN
"1997. Hopea eglandulosa Roxb., Fl. Ind., ed. Carey 2: 611. 1832.  Cyclostemon eglandulosus",23,no flower colour mentioned,UNKNOWN
"6. Drypetes ellisii S.P.Mathew & Chakrab. in J. Econ. Taxon. Bot. 14: 623, f. 1. 1990;",23,no flower colour mentioned,UNKNOWN
"7. Drypetes gardneri (Thwaites) Pax & K.Hoffm. in Engl., Pflanzenr. IV.147.xv (heft 81):",23,no flower colour mentioned,UNKNOWN
"8. Drypetes indica (Müll.Arg.) Pax & K.Hoffm. in Engl., Pflanzenr. IV.147.xv (heft 81): 278.",23,no flower colour mentioned,UNKNOWN
"1887. Drypetes lancifolia (Hook.f.) Pax & K.Hoffm., l. c. 277. 1922; Kanjilal et al. l. c. 177. 1940.",23,no flower colour mentioned,UNKNOWN
"9. Drypetes jaintensis (C.B.Clarke ex Brandis) Pax & K. Hoffm. in Engl., Pflanzenr. IV.147.xv",23,no flower colour mentioned,UNKNOWN
"10. Drypetes leiocarpa (Kurz) Pax & K.Hoffm. in Engl., Pflanzenr. IV.147.xv (heft 81): 251.",23,no flower colour mentioned,UNKNOWN
"11. Drypetes longifolia (Blume) Pax & K.Hoffm. in Engl., Pflanzenr. IV.147.xv (heft 81): 245.",23,no flower colour mentioned,UNKNOWN
12. Drypetes malabarica (Bedd.) Airy Shaw in Kew Bull. 23: 56. 1969; Chakrab. et al. in J.,23,no flower colour mentioned,UNKNOWN
"13. Drypetes microphylla (Merr.) Pax & K.Hoffm. in Engl., Pflanzenr. IV.147.xv (heft 81):",23,no flower colour mentioned,UNKNOWN
14. Drypetes oblongifolia (Bedd.) Airy Shaw in Kew Bull. 23: 57. 1969; Chakrab. et al. in J.,23,no flower colour mentioned,UNKNOWN
"15. Drypetes porteri (Gamble) Pax & K.Hoffm. in Engl., Pflanzenr. IV.147.xv (heft 81): 268.",23,no flower colour mentioned,UNKNOWN
"16. Drypetes sepiaria (Wight & Arn.) Pax & K.Hoffm. in Engl., Pflanzenr. IV.147.xv (heft",23,no flower colour mentioned,UNKNOWN
"17. Drypetes subsessilis (Kurz) Pax & K.Hoffm. in Engl., Pflanzenr. IV.147.xv (heft 81):",23,no flower colour mentioned,UNKNOWN
"18. Drypetes sumatrana (Miq.) Pax & K.Hoffm. in Engl., Pflanzenr. IV.147.xv (heft 81): 270.",23,no flower colour mentioned,UNKNOWN
"19. Drypetes venusta (Wight) Pax & K.Hoffm. in Engl., Pflanzenr. IV.147.xv (heft 81): 268.",23,no flower colour mentioned,UNKNOWN
"20. Drypetes wightii (Hook.f.) Pax & K.Hoffm. in Engl., Pflanzenr. IV.147.xv (heft 81): 273.",23,no flower colour mentioned,UNKNOWN
59. Putranjiva Wall.,23,no flower colour mentioned,UNKNOWN
60. Hymenocardia Wall. ex Lindl.,23,no flower colour mentioned,UNKNOWN
67. Meineckia,23,no flower colour mentioned,UNKNOWN
63. Flueggea,23,no flower colour mentioned,UNKNOWN
66. Margaritaria,23,no flower colour mentioned,UNKNOWN
68. Phyllanthus,23,no flower colour mentioned,UNKNOWN
64. Glochidion,23,no flower colour mentioned,UNKNOWN
69. Sauropus,23,no flower colour mentioned,UNKNOWN
61. Andrachne  L.,23,"seeds 1.5 – 2 mm, dull yellowish brown",YELLOW
"62. Breynia J.R.Forst. & G.Forst., nom. cons.",23,no flower colour mentioned,UNKNOWN
2. B. retusa,23,no flower colour mentioned,UNKNOWN
1. B. racemosa,23,no flower colour mentioned,UNKNOWN
3. B. vitis-idaea,23,no flower colour mentioned,UNKNOWN
"1. Breynia racemosa (Blume) Müll.Arg. in DC., Prodr. 15(2): 441. 1866; Chakrab. & M.",23,no flower colour mentioned,UNKNOWN
2. Breynia retusa (Dennst.) Alston in Ann. Roy. Bot. Gard. (Peradeniya) 11: 204. 1929 &,23,no flower colour mentioned,UNKNOWN
3. Breynia vitis-idaea (Burm.f.) C.E.C.Fisch. in Bull. Misc. Inform. Kew 1932: 65. 1932.,23,no flower colour mentioned,UNKNOWN
63. Flueggea  Willd.,23,no flower colour mentioned,UNKNOWN
312. KEY TO THE SPECIES,23,no flower colour mentioned,UNKNOWN
1. F. leucopyrus,23,no flower colour mentioned,UNKNOWN
2. F. virosa,23,no flower colour mentioned,UNKNOWN
"1. Flueggea leucopyrus Willd., Sp. Pl., ed. 4, 4: 757. 1806; Hook.f., Fl. Brit. India 5: 328.",23,no flower colour mentioned,UNKNOWN
"1984. Phyllanthus leucopyrus K.D.Koenig ex Roxb., Fl. Ind., ed. Carey 3: 658. 1832.  Securinega",23,no flower colour mentioned,UNKNOWN
"2. Flueggea virosa (Roxb. ex Willd.) Voigt, Hort. Suburb. Calcutt. 152. 1845; Gamble, Fl.",23,no flower colour mentioned,UNKNOWN
"64. Glochidion J.R.Forst. & G.Forst., nom. cons.",23,no flower colour mentioned,UNKNOWN
21. G.  zeylanicum,23,no flower colour mentioned,UNKNOWN
17. G. oblatum,23,no flower colour mentioned,UNKNOWN
22. G.  zeylanicum,23,no flower colour mentioned,UNKNOWN
5. G.  candolleanum,23,no flower colour mentioned,UNKNOWN
10. G.  hohenackeri,23,no flower colour mentioned,UNKNOWN
16. G.  multiloculare,23,no flower colour mentioned,UNKNOWN
6. G. coccineum,23,no flower colour mentioned,UNKNOWN
12. G.  khasicum,23,no flower colour mentioned,UNKNOWN
9. G.  heyneanum,23,no flower colour mentioned,UNKNOWN
1. G. acuminatum,23,no flower colour mentioned,UNKNOWN
21. G.  zeylanicum,23,no flower colour mentioned,UNKNOWN
14. G.  lanceolarium,23,no flower colour mentioned,UNKNOWN
3. G.  bourdillonii,23,no flower colour mentioned,UNKNOWN
5. G.  candolleanum,23,no flower colour mentioned,UNKNOWN
8. G.  ellipticum,23,no flower colour mentioned,UNKNOWN
16. G.  multiloculare,23,no flower colour mentioned,UNKNOWN
15. G.  littorale,23,no flower colour mentioned,UNKNOWN
14. G.  lanceolarium,23,no flower colour mentioned,UNKNOWN
14. G.  lanceolarium,23,no flower colour mentioned,UNKNOWN
21. G.  thomsonii,23,no flower colour mentioned,UNKNOWN
19. G. sphaerogynum,23,no flower colour mentioned,UNKNOWN
4. G. calocarpum,23,no flower colour mentioned,UNKNOWN
11. G. jarawae,23,no flower colour mentioned,UNKNOWN
2. G. andamanicum var. andamanicum,23,no flower colour mentioned,UNKNOWN
13. G.  khasicum,23,no flower colour mentioned,UNKNOWN
"1. Glochidion acuminatum Müll.Arg. in Linnaea 32: 68. 1863; Hook.f., Fl. Brit. India 5: 323.",23,no flower colour mentioned,UNKNOWN
"2. Glochidion andamanicum Kurz in J. Asiat. Soc. Bengal Pt. 2, Nat. Hist. 42(2): 238. 1873",23,no flower colour mentioned,UNKNOWN
"4. D - H. 1995.  Glochidion desmogyne Hook.f., Fl. Brit. India 5: 310. 1887, excl. Gallatly 359",23,no flower colour mentioned,UNKNOWN
3. Glochidion bourdillonii Gamble in Bull. Misc. Inform. Kew 1925: 330. 1925 & Fl. Madras,23,no flower colour mentioned,UNKNOWN
"1. A - E. 1995.  G. rigidum sec. Bourd., Forest Trees Travancore 334, 1908, non Müll.Arg. 1863.",23,no flower colour mentioned,UNKNOWN
"4. Glochidion calocarpum Kurz in Trimen, J. Bot. 13: 330. 1875 & Forest Fl. Burma 2: 343.",23,no flower colour mentioned,UNKNOWN
5. Glochidion candolleanum (Wight & Arn.) Chakrab. & M.Gangop. in J. Econ. Taxon.,23,no flower colour mentioned,UNKNOWN
"1866. Glochidion perrottetianum (Müll.Arg.) Bedd., l. c., 194. 1873.  G. pauciflorum Gamble, l.",23,no flower colour mentioned,UNKNOWN
"6. Glochidion coccineum (Buch.-Ham.) Müll.Arg. in Linnaea 32: 60. 1863; Hook.f., Fl. Brit.",23,no flower colour mentioned,UNKNOWN
"7. Glochidion daltonii (Müll.Arg.) Bedd., Forester’s Man. 195. 1873; Kurz, Prelim. Rep.",23,no flower colour mentioned,UNKNOWN
"8. Glochidion ellipticum Wight, Icon. Pl. Ind. Orient. 5(2): t. 1906. 1852; Hook.f., Fl. Brit.",23,no flower colour mentioned,UNKNOWN
"9. Glochidion heyneanum (Wight & Arn.) Wight [Icon. Pl. Ind. Orient. 5(2): 29, t. 1908",23,no flower colour mentioned,UNKNOWN
"10. Glochidion hohenackeri (Müll.Arg.) Bedd., Forester’s Man. 193. 1873; Hook.f., Fl.",23,no flower colour mentioned,UNKNOWN
"11. Glochidion jarawae Chakrab. & N.P.Balakr. in J. Econ. Taxon. Bot. 26: 527, t. 1. 2002.",23,no flower colour mentioned,UNKNOWN
"12. Glochidion karnaticum Chakrab. & M.Gangop. in J. Econ. Taxon. Bot. 19: 211, f. 7, G",23,no flower colour mentioned,UNKNOWN
"13. Glochidion khasicum (Müll.Arg.) Hook.f., Fl. Brit. India 5: 324. 1887; Kanjilal et al., Fl.",23,no flower colour mentioned,UNKNOWN
"14. Glochidion lanceolarium (Roxb.) Voigt, Hort. Suburb. Calcutt. 153. 1845; Müll.Arg. in",23,no flower colour mentioned,UNKNOWN
"15. Glochidion littorale Blume, Bijdr. Fl. Ned. Ind. 585. 1826; Bedd., Forester’s Man. 191.",23,no flower colour mentioned,UNKNOWN
"16. Glochidion multiloculare (Rottler ex Willd.) Voigt, Hort. Suburb. Calcutt. 152. 1845;",23,no flower colour mentioned,UNKNOWN
"17. Glochidion nubigenum Hook.f., Fl. Brit. India 5: 315. 1887; Chakrab. & M. Gangop. in",23,no flower colour mentioned,UNKNOWN
"18. Glochidion oblatum Hook.f., Fl. Brit. India 5: 312. 1887; Kanjilal et al., Fl. Assam 4: 184.",23,no flower colour mentioned,UNKNOWN
"19. Glochidion sphaerogynum (Müll.Arg.) Kurz, Forest Fl. Burma 2: 346. 1877; Hook.f., Fl.",23,no flower colour mentioned,UNKNOWN
20. Glochidion subsessile N.P.Balakr. & Chakrab. in Proc. Indian Acad. Sci. (Pl. Sci.) 92:,23,no flower colour mentioned,UNKNOWN
"1873. Trees, 5 - 7 m tall, entirely glabrous.  Leaves oblong to elliptic-oblong or sometimes",23,no flower colour mentioned,UNKNOWN
"21. Glochidion thomsonii (Müll.Arg.) Hook.f., Fl. Brit. India 5: 318. 1887; Kanjilal et al., Fl.",23,no flower colour mentioned,UNKNOWN
"22. Glochidion zeylanicum (Gaertn.) A.Juss., Euphorb. Gen. 107, t. 3. 1824; Hook.f., Fl.",23,no flower colour mentioned,UNKNOWN
"1995. Glochidion arborescens Blume, Bijdr. Fl. Ned. Ind. 584. 1826; Kanjilal et al., Fl. Assam 4:",23,no flower colour mentioned,UNKNOWN
65. Leptopus  Decne.,23,no flower colour mentioned,UNKNOWN
4. L. emicans,23,no flower colour mentioned,UNKNOWN
1. L. australis,23,no flower colour mentioned,UNKNOWN
2. L. clarkei,23,no flower colour mentioned,UNKNOWN
"1. Leptopus australis (Zoll. & Moritzi) Pojark., Bot. Mater. Gerb. Bot. Inst. Komarova",23,no flower colour mentioned,UNKNOWN
"1845. Leptopus sanjappae Sumathi,  Karthig., Jayanthi &  Diwakar in Bull. Bot. Surv. India 47:",23,no flower colour mentioned,UNKNOWN
"2. Leptopus clarkei (Hook.f.) Pojark., Bot. Mater. Gerb. Bot. Inst. Komarova Acad. Nauk",23,no flower colour mentioned,UNKNOWN
"3. Leptopus cordifolius Wall. ex Decne., Voy. Inde 4: 155. 1844; Voronts. & Petra Hoffm. in",23,no flower colour mentioned,UNKNOWN
4. Leptopus emicans (Dunn) Pojark. in Bot. Mater. Gerb. Bot. Inst. Komarova Acad. Nauk,23,no flower colour mentioned,UNKNOWN
66. Margaritaria  L.f.,23,no flower colour mentioned,UNKNOWN
67. Meineckia  Baill.,23,no flower colour mentioned,UNKNOWN
4. M. parvifolia,23,no flower colour mentioned,UNKNOWN
3. M. macropus,23,no flower colour mentioned,UNKNOWN
1. M. calycina,23,no flower colour mentioned,UNKNOWN
2. M. longipes,23,no flower colour mentioned,UNKNOWN
"1. Meineckia calycina G.L.Webster in Acta Bot. Neerl. 14: 354, f. 7. 1965.",23,no flower colour mentioned,UNKNOWN
"2. Meineckia longipes (Wight) G.L.Webster in Acta Bot. Neerl. 14: 352, ff. 6, 15, 23. 1965.",23,no flower colour mentioned,UNKNOWN
3. Meineckia macropus (Hook.f.) G.L.Webster in Acta Bot. Neerl. 14: 352. 1965.  Phyllanthus,23,no flower colour mentioned,UNKNOWN
"4. Meineckia parvifolia (Wight) G.L.Webster in Acta Bot. Neerl. 14: 342., ff. 5, 11, 19. 1965;",23,no flower colour mentioned,UNKNOWN
68. Phyllanthus  L.,23,no flower colour mentioned,UNKNOWN
35. P.  reticulatus,23,no flower colour mentioned,UNKNOWN
33. P. glaucus,23,no flower colour mentioned,UNKNOWN
1. P. acidus,23,no flower colour mentioned,UNKNOWN
2. P. emblica,23,no flower colour mentioned,UNKNOWN
3. P.  indofischeri,23,no flower colour mentioned,UNKNOWN
27. P.  myrtifolius,23,no flower colour mentioned,UNKNOWN
51. P. urinaria,23,no flower colour mentioned,UNKNOWN
37. P. airyshawii,23,no flower colour mentioned,UNKNOWN
49. P.  rotundifolius,23,no flower colour mentioned,UNKNOWN
39. P. amarus,23,no flower colour mentioned,UNKNOWN
26. P.  maderaspatensis,23,no flower colour mentioned,UNKNOWN
28. P. narayanswamii,23,no flower colour mentioned,UNKNOWN
32. P. simplex,23,no flower colour mentioned,UNKNOWN
36. P.  tenellus,23,no flower colour mentioned,UNKNOWN
38. P.  ajmerianus,23,no flower colour mentioned,UNKNOWN
31. P. scabrifolius,23,no flower colour mentioned,UNKNOWN
42. P. debilis,23,no flower colour mentioned,UNKNOWN
43. P. fraternus,23,no flower colour mentioned,UNKNOWN
30. P. rheedei,23,no flower colour mentioned,UNKNOWN
12. P. macrocalyx,23,no flower colour mentioned,UNKNOWN
14. P. pulcher (p. p.),23,no flower colour mentioned,UNKNOWN
17. P.  sikkimensis,23,no flower colour mentioned,UNKNOWN
4. P.  bailloneanus,23,no flower colour mentioned,UNKNOWN
9. P. gageanus,23,no flower colour mentioned,UNKNOWN
19. P. tetrandrus,23,no flower colour mentioned,UNKNOWN
10. P. gomphocarpus,23,no flower colour mentioned,UNKNOWN
5. P. beddomei,23,no flower colour mentioned,UNKNOWN
13. P. megacarpus,23,no flower colour mentioned,UNKNOWN
18. P. talbotii,23,no flower colour mentioned,UNKNOWN
6. P. chandrabosei,23,no flower colour mentioned,UNKNOWN
7. P.  cinereus,23,no flower colour mentioned,UNKNOWN
17. P.  singampattianus,23,no flower colour mentioned,UNKNOWN
15. P. rangachariarii,23,no flower colour mentioned,UNKNOWN
14. P. pulcher (p. p.),23,no flower colour mentioned,UNKNOWN
11. P.  heyneanus,23,no flower colour mentioned,UNKNOWN
21. P. andamanicus,23,no flower colour mentioned,UNKNOWN
23. P. columnaris,23,no flower colour mentioned,UNKNOWN
34. P. pinnatus,23,no flower colour mentioned,UNKNOWN
22. P. baeobotryoides,23,no flower colour mentioned,UNKNOWN
44. P.  griffithii,23,no flower colour mentioned,UNKNOWN
46. P. praetervisus,23,no flower colour mentioned,UNKNOWN
48. P.  roeperianus,23,no flower colour mentioned,UNKNOWN
20. P.  anamalayanus,23,no flower colour mentioned,UNKNOWN
24. P. lawii,23,no flower colour mentioned,UNKNOWN
47. P. pseudoparvifolius,23,no flower colour mentioned,UNKNOWN
29. P. polyphyllus,23,no flower colour mentioned,UNKNOWN
41. P. clarkei,23,no flower colour mentioned,UNKNOWN
50. P. sanjappae,23,no flower colour mentioned,UNKNOWN
40. P. brevipes,23,no flower colour mentioned,UNKNOWN
45. P.  leschenaultii,23,no flower colour mentioned,UNKNOWN
1. Phyllanthus acidus (L.) Skeels in U.S.D.A. Bur. Pl. Industr. Bull. 148: 17. 1909; G.L.,23,no flower colour mentioned,UNKNOWN
"2. Phyllanthus emblica L., Sp. Pl. 982. 1753; Roxb., Fl. Ind., ed. Carey 3: 671. 1832; Hook.f.,",23,no flower colour mentioned,UNKNOWN
"3. Phyllanthus indofischeri Bennet in Indian Forester 109: 221. 1983; C.J. Saldanha, Fl.",23,no flower colour mentioned,UNKNOWN
"4. Phyllanthus baillonianus Müll.Arg. in Linnaea 32: 47. 1863 & in DC., Prodr. 15(2): 422.",23,no flower colour mentioned,UNKNOWN
"1861. Reidia bailloniana (Müll.Arg.) Gamble, Fl. Madras 2(7): 1293. 1925 (repr. ed. 2: 904. 1957).",23,flowers red,RED
5. Phyllanthus beddomei (Gamble) M.Mohanan in J. Econ. Taxon. Bot. 6: 480. 1985.  Reidia,23,no flower colour mentioned,UNKNOWN
6. Phyllanthus chandrabosei Govaerts & Radcl.-Sm. in Kew Bull. 51: 176. 1996.  Reidia,23,no flower colour mentioned,UNKNOWN
"7. Phyllanthus cinereus Müll.Arg. in Linnaea 32: 48. 1863 & in DC., Prodr. 15(2): 425.",23,no flower colour mentioned,UNKNOWN
"1983. Epistylium floribundum (Wight) Thwaites, Enum. Pl. Zeyl. 283. 1861. Phyllanthus affinis",23,no flower colour mentioned,UNKNOWN
"8. Phyllanthus fimbriatus (Wight) Müll.Arg. in Linnaea 32: 47. 1863 & in DC., Prodr. 15(2):",23,no flower colour mentioned,UNKNOWN
9. Phyllanthus gageanus (Gamble) M.Mohanan in J. Econ. Taxon. Bot. 6: 480. 1985.,23,no flower colour mentioned,UNKNOWN
"10. Phyllanthus gomphocarpus Hook.f., Fl. Brit. India 5: 301. 1887; N.P.Balakr. & N.G.Nair",23,no flower colour mentioned,UNKNOWN
11. Phyllanthus heyneanus Müll.Arg. in Linnaea 32: 49. 1863 [non (Wight & Arn.),23,no flower colour mentioned,UNKNOWN
"12. Phyllanthus macrocalyx Müll.Arg. in Linnaea 32: 48. 1863 & in DC., Prodr. 15(2): 423.",23,no flower colour mentioned,UNKNOWN
"13. Phyllanthus megacarpus (Gamble) Kumari & Chandrab. in A.N.Henry et al., Fl. Tamil",23,no flower colour mentioned,UNKNOWN
"14. Phyllanthus pulcher Wall. [Cat. No. 7908. 1847, nom. nud.] ex Müll.Arg. in Linnaea 32:",23,"sepals purplish red at base, whitish towards apical part",WHITE
"15. Phyllanthus rangachariarii C.Murugan, K.A.A.Kabeer & G.V.S.Murthy in Bull. Bot.",23,no flower colour mentioned,UNKNOWN
1866. Agyneia tetrandra Buch.-Ham. in Trans. Linn. Soc. London 15: 125. 1826 (non P. tetrandrus,23,no flower colour mentioned,UNKNOWN
17. Phyllanthus  singampattianus  (Sebastine  & A.N.Henry)  Kumari  &  Chandrab.  in,23,male flowers brick red,RED
"18. Phyllanthus talbotii Sedgw. in J. Indian Bot. Soc. 2: 124, f. 2. 1921; N.P.Singh &",23,no flower colour mentioned,UNKNOWN
"19. Phyllanthus tetrandrus Roxb., Fl. Ind., ed. Carey 3: 674. 1832.  Epistylium roxburghii",23,no flower colour mentioned,UNKNOWN
1994. Pseudoglochidion anamalayanum Gamble in Bull. Misc. Inform. Kew 1925: 330. 1925 &,23,no flower colour mentioned,UNKNOWN
"21. Phyllanthus andamanicus N.P.Balakr. & N.G.Nair in Bull. Bot. Surv. India 24: 35, f. 5.",23,no flower colour mentioned,UNKNOWN
"22. Phyllanthus baeobotryoides Wall. [Cat. No. 7942. 1847, nom. nud.] ex Müll.Arg. in",23,no flower colour mentioned,UNKNOWN
"23. Phyllanthus columnaris Müll.Arg. in Linnaea 32: 15. 1863 & in DC., Prodr. 15(2): 354.",23,no flower colour mentioned,UNKNOWN
"24. Phyllanthus lawii J.Graham, Cat. Pl. Bombay 181. 1839;   Müll.Arg. in DC., Prodr.",23,no flower colour mentioned,UNKNOWN
"25. Phyllanthus macraei Müll.Arg. in Linnaea 32: 29. 1863 & in DC., Prodr. 15(2): 393.",23,no flower colour mentioned,UNKNOWN
"26. Phyllanthus maderaspatensis L., Sp. Pl. 2: 982. 1753; Roxb., Fl. Ind., ed. Carey 3: 654.",23,no flower colour mentioned,UNKNOWN
"27. Phyllanthus myrtifolius (Wight) Müll.Arg. in Linnaea 32: 35. 1863 & in DC., Prodr.",23,no flower colour mentioned,UNKNOWN
28. Phyllanthus narayanswamii Gamble in Bull. Misc. Inform. Kew 1925: 329. 1925 & Fl.,23,flowers scarious and red along margins,RED
"29. Phyllanthus polyphyllus Willd., Sp. Pl. ed. 4, 4: 586. 1805; Hook.f., Fl. Brit. India 54:",23,no flower colour mentioned,UNKNOWN
"30. Phyllanthus rheedei Wight, Icon. Pl. Ind. Orient. 5: 25, t. 1895, f. 1. 1852 (as rheedii),",23,no flower colour mentioned,UNKNOWN
"31. Phyllanthus scabrifolius Hook.f., Fl. Brit. India 5: 299. 1887; Woodrow in J. Bombay",23,no flower colour mentioned,UNKNOWN
"32. Phyllanthus simplex Retz., Observ. Bot. 5: 29. 1789; Müll.Arg. in DC. Prodr. 15(2): 391.",23,no flower colour mentioned,UNKNOWN
"33. Phyllanthus glaucus Wall. [Cat. No. 7927 A. 1847, nom. nud.] ex Müll.Arg. in Linnaea",23,no flower colour mentioned,UNKNOWN
"34. Phyllanthus pinnatus (Wight) G.L.Webster in J. Arnold Arbor. 38: 52. 1957, in adnot.",23,no flower colour mentioned,UNKNOWN
"35. Phyllanthus reticulatus Poir. in Lam., Encycl. 5: 298. 1804; Hook.f., Fl. Brit. India 5:",23,no flower colour mentioned,UNKNOWN
"36. Phyllanthus tenellus Roxb. [Hort. Bengal. 69. 1814, nom. nud.] Fl. Ind., ed. Carey 3:",23,no flower colour mentioned,UNKNOWN
"37. Phyllanthus airy-shawii Brunel & J.P.Roux in Nord. J. Bot. 4: 470, f. 3. 1984; R.L.Mitra",23,no flower colour mentioned,UNKNOWN
"38. Phyllanthus ajmerianus L.B.Chaudhary & R.R.Rao in Phytotaxonomy 2: 147, f. 3.",23,no flower colour mentioned,UNKNOWN
"2002. Herbs, annual, prostrate, 2.5 – 10 cm long, dull green; stems many, arising from the base,",23,no flower colour mentioned,UNKNOWN
"39. Phyllanthus amarus Schumach. & Thonn., Beskr. Guin. Pl. 421. 1827 &  Kongl. Danske",23,no flower colour mentioned,UNKNOWN
"40. Phyllanthus brevipes Hook.f., Fl. Brit. India 5: 297. 1887; Kanjilal et al., Fl. Assam 4:",23,no flower colour mentioned,UNKNOWN
"41. Phyllanthus clarkei Hook.f., Fl. Brit. India 5: 297. 1887, p. p.; Kanjilal et al., Fl. Assam",23,male flowers: sepals white,WHITE
"42. Phyllanthus debilis Klein ex Willd., Sp. Pl., ed. 4,  4: 582. 1805; G.L. Webster in J. Arnold",23,no flower colour mentioned,UNKNOWN
43. Phyllanthus fraternus G.L.Webster in Contr. Gray Herb. 176: 53. 1955 & in J. Arnold,23,no flower colour mentioned,UNKNOWN
"44. Phyllanthus griffithii Müll.Arg. in Linnaea 32: 27. 1863 & in DC., Prodr. 15(2): 384.",23,no flower colour mentioned,UNKNOWN
45. Phyllanthus leschenaultii Müll.Arg. in Linnaea 32: 37. 1863 (excl. var. tenellus) & in,23,no flower colour mentioned,UNKNOWN
"46. Phyllanthus praetervisus Müll.Arg. in Linnaea 34: 73. 1865 & in DC., Prodr. 15(2): 385.",23,no flower colour mentioned,UNKNOWN
"47. Phyllanthus pseudoparvifolius R.L.Mitra & Sanjappa in Bull. Bot. Surv. India 45: 10, f.",23,no flower colour mentioned,UNKNOWN
"48. Phyllanthus roeperianus Wall. ex Müll.Arg. in Linnaea 32: 28. 1863 & in DC., Prodr.",23,no flower colour mentioned,UNKNOWN
"49. Phyllanthus rotundifolius Klein ex Willd., Sp. Pl. ed. 4,  4: 584. 1805; Müll.Arg. in DC.,",23,no flower colour mentioned,UNKNOWN
"50. Phyllanthus sanjappae Chakrab. & M.Gangop. in J. Bombay Nat. Hist. Soc. 90: 69,  f.",23,no flower colour mentioned,UNKNOWN
"51. Phyllanthus urinaria L., Sp. Pl. 982. 1753; Roxb., Fl. Ind., ed. Carey 3: 660. 1832;",23,"flowers scarlet, greenish or cream-coloured",RED
"1. Phyllanthus pendulus Roxb., Fl. Ind., ed. Carey 3: 662. 1832; Müll.Arg. in DC., Prodr. 15(2):",23,no flower colour mentioned,UNKNOWN
69. Sauropus Blume,23,no flower colour mentioned,UNKNOWN
12. S. trinervis,23,no flower colour mentioned,UNKNOWN
9. S.  rhamnoides,23,no flower colour mentioned,UNKNOWN
3. S.  bishnupadae,23,no flower colour mentioned,UNKNOWN
6. S. macranthus,23,no flower colour mentioned,UNKNOWN
7. S. quadrangularis,23,no flower colour mentioned,UNKNOWN
2. S. bacciformis,23,no flower colour mentioned,UNKNOWN
4. S. compressus var. compressus,23,no flower colour mentioned,UNKNOWN
11. S.  stipitatus,23,no flower colour mentioned,UNKNOWN
5. S.  gour-maitii,23,no flower colour mentioned,UNKNOWN
10. S.  saksenanus,23,no flower colour mentioned,UNKNOWN
"1. Sauropus androgynus (L.) Merr. in Forest. Bur. Philipp. Bull. 1: 30. 1903; Kanjilal et al.,",23,no flower colour mentioned,UNKNOWN
2. Sauropus bacciformis (L.) Airy Shaw in Kew Bull. 35: 685. 1980 & 36: 343. 1981; Chakrab.,23,no flower colour mentioned,UNKNOWN
3. Sauropus bishnupadae M.Gangop. & Chakrab. apud Chakrab. & M.Gangop. in J. Econ.,23,no flower colour mentioned,UNKNOWN
"4. Sauropus compressus Müll.Arg. in DC., Prodr. 15(2): 243. 1866; Hook.f., Fl. Brit. India",23,no flower colour mentioned,UNKNOWN
"1996. S. androgynus sensu Gamble, Fl. Madras 2(7): 1303. 1925 (repr. ed. 2: 911. 1957), p. p.",23,no flower colour mentioned,UNKNOWN
"6. Sauropus macranthus Hassk., Retzia 1: 166. 1855 & Hort. Bogor. Descr. 52. 1858; Sikdar",23,no flower colour mentioned,UNKNOWN
"7. Sauropus quadrangularis (Willd.) Müll.Arg. in Linnaea 32: 73. 1863 & in DC., Prodr.",23,no flower colour mentioned,UNKNOWN
"1999. Phyllanthus quadrangularis Willd., Sp. Pl. ed. 4,  4: 585. 1805.  Ceratogynum rhamnoides",23,no flower colour mentioned,UNKNOWN
"8. Sauropus repandus Müll.Arg. in Flora 55: 2. 1872; Hook.f., Fl. Brit. India 5: 334. 1887;",23,no flower colour mentioned,UNKNOWN
"9. Sauropus rhamnoides Blume, Bijdr. Fl. Ned. Ind. 596. 1826; Pax & K. Hoffm. in Engl.,",23,flowers greenish yellow to reddish,YELLOW
"10. Sauropus saksenanus Manilal, Prasann. & Sivar. in J. Indian Bot. Soc. 64: 294. 1985;",23,no flower colour mentioned,UNKNOWN
"11. Sauropus stipitatus Hook.f., Fl. Brit. India 5: 333. 1887; Chakrab. & M.Gangop. in J.",23,no flower colour mentioned,UNKNOWN
"12. Sauropus trinervis Hook.f. & Thomson ex Müll.Arg. in Linnaea 32: 72. 1863 & in DC.,",23,no flower colour mentioned,UNKNOWN
2009. Fr.  Dec.,23,no flower colour mentioned,UNKNOWN
1. D.  glaucescens,23,no flower colour mentioned,UNKNOWN
2. D.  himalayense,23,no flower colour mentioned,UNKNOWN
"1. Daphniphyllum glaucescens Blume, Bijdr. Fl. Ned. Ind. 1153. 1826–27; Müll.Arg. in",23,no flower colour mentioned,UNKNOWN
"2. Daphniphyllum himalayense (Benth.) Müll.Arg. in DC., Prodr. 16(1): 4. 1869; Hook.f.,",23,no flower colour mentioned,UNKNOWN
2. Potulaca  oleracea L.,3,no flower colour mentioned,UNKNOWN
9. Myricaria  rosea W. Smith,3,no flower colour mentioned,UNKNOWN
10. Tamarix passerinoides Delile ex Desv. var. macrocarpa  Ehrenb.,3,no flower colour mentioned,UNKNOWN
14. Bergia capensis L.,3,no flower colour mentioned,UNKNOWN
16. Cratoxylum formosum  (Jack) Dyer suubsp. formosum,3,no flower colour mentioned,UNKNOWN
21. Hypericum gracilipes Stapf ex C.E.C. Fischer,3,no flower colour mentioned,UNKNOWN
29. Hypericum gramineum  G. Forst.,3,no flower colour mentioned,UNKNOWN
31. Calophyllum  calaba L. var. bracteatum  (Wight) P. Stevens,3,no flower colour mentioned,UNKNOWN
35. Mesua thwaitesu Planch. & Triana,3,no flower colour mentioned,UNKNOWN
48. Cleyera japonica Thunb. var. grandiflora  (Wallich ex Choisy)  Kobuski,3,no flower colour mentioned,UNKNOWN
52. Eurya japonica Thunb. var. japonica,3,no flower colour mentioned,UNKNOWN
53. Actinidia strigosa Hook. f. & Thomson ex Benth.,3,no flower colour mentioned,UNKNOWN
67. Dipterocarpus bourdilloni Brandis,3,no flower colour mentioned,UNKNOWN
69. Ancistrocladus tectorius (Lour.) Merr.,3,no flower colour mentioned,UNKNOWN
75. Malvastrum  coromandelianum  (L.) Garcke,3,no flower colour mentioned,UNKNOWN
80. Sida acuta Burm. f.,3,no flower colour mentioned,UNKNOWN
81. Sida tiagii Bhandari  (a - b),3,no flower colour mentioned,UNKNOWN
96. Nayariophyton  ziziphifolium  (Griffith)  Long & A.G. Miller,3,no flower colour mentioned,UNKNOWN
98. Senra incana Cav.,3,no flower colour mentioned,UNKNOWN
106. Pavonia procumbens  (Wallich ex Wight & Arn.) Walp. (a - b),3,no flower colour mentioned,UNKNOWN
108. Pavonia zeylanica (L.) Cav. (a),3,no flower colour mentioned,UNKNOWN
110. Urena  lobata L. subsp. sinuata  (L.) Borss. var. sinuata,3,no flower colour mentioned,UNKNOWN
113. Cullenia exarillata A. Robyns,3,no flower colour mentioned,UNKNOWN
121. Leptonychia  caudata  (Wallich ex G. Don) Burrett,3,no flower colour mentioned,UNKNOWN
131. Waltheria indica L.,3,no flower colour mentioned,UNKNOWN
141. Grewia villosa Willd.,3,no flower colour mentioned,UNKNOWN
142. Plagiopteron  suaveolens Griffith,3,no flower colour mentioned,UNKNOWN
145. Elaeocarpus floribundus Blume,3,no flower colour mentioned,UNKNOWN
159. Elaeocarpus tomentosa  (Benth.) Rehder  & Wilson,3,no flower colour mentioned,UNKNOWN
161. Reinwardtia  cicanoba  (Buch.-Ham  ex D. Don) Hara,3,no flower colour mentioned,UNKNOWN
166. Erythroxylum  obtusifolium  (Wight) Thwaites ex Hook. f.,3,no flower colour mentioned,UNKNOWN
167. Ixonanthes reticulata Jack,3,no flower colour mentioned,UNKNOWN
1. Abelmoschus,3,no flower colour mentioned,UNKNOWN
"2. Hibiscus  caesius  Gaicke  :  Flower;  Valsad,  Gujarat,  (photo  :",3,no flower colour mentioned,UNKNOWN
3. Hibiscus,3,no flower colour mentioned,UNKNOWN
"4. Hibiscus  micranthus  L.  f.  var.  micranthus  :  Dry  plains,",3,no flower colour mentioned,UNKNOWN
"5. StercuUa  guttata  Roxb.  :  Flowers;  Eastern  Ghats,  Andhra",3,no flower colour mentioned,UNKNOWN
7. Sterculia  rubiginosa  Vent.  :  Fruits;  Andaman  &  Nicobar,3,no flower colour mentioned,UNKNOWN
"9. Sterculia  urens  Roxb.  :  Young  fruits  &  Flowers;  Mudumalai,",3,no flower colour mentioned,UNKNOWN
10. Eriolaena,3,no flower colour mentioned,UNKNOWN
11. Helicfes,3,no flower colour mentioned,UNKNOWN
"12. Elaeocarpus  serratus  L.:  Flowers;  Mudumalai,  Nilgiri,  Tamil",3,no flower colour mentioned,UNKNOWN
13. Elaeocarpus,3,no flower colour mentioned,UNKNOWN
"14. Dipterocarpus  kerri  King  :  Flowers;  Saddle  Peak,  Andaman  &",3,no flower colour mentioned,UNKNOWN
"15. Abroina  ahgusta  (L.)  L.f.  :  Fruits;  Chungtang,  Sikkim  (Photo  :",3,variously coloured,RED
1. Portulaca,3,no flower colour mentioned,UNKNOWN
1. Portulaca L.,3,no flower colour mentioned,UNKNOWN
4. P.  quadrifida,3,no flower colour mentioned,UNKNOWN
2. P. oleracea,3,flowers pink or yellow,YELLOW
1. P.  grandiflora,3,no flower colour mentioned,UNKNOWN
"1. Portulaca grandiflora  Hook, in Bot. Mag. n.s. 3: t. 2885.1829; Bailey, Man. Cult.",3,no flower colour mentioned,UNKNOWN
1981. Eng.:  Sun plant;  common  rose  moss.,3,"flowers pink, red, orange or yellow",YELLOW
"2. Portulaca oleracea L., Sp. PI. 445.1753; Dyer in Fl. Brit. India 1: 246.1874.",3,flowers yellow,YELLOW
"3. Portulaca  pilosa  L.,  Sp.  PI. 445.  1753; Geesink  in  Blumea  17: 294.  1969  &  in",3,flowers pink or red-purple,PINK
"4. Portulaca quadrifida L., Mant. PI. 1:73.1767; Dyer in Fl. Brit. India 1:247.1874.",3,flowers yellow,YELLOW
"5. Portulaca tuberosa Roxb., [Hort. Beng. 91.1814, nom. mid.] Fl. Ind. 2: 464.1832;",3,flowers bright yellow,YELLOW
"6. Portulaca wightiana Wallich ex Wight & Arn., Prodr. 356.1834; Dyer in Fl. Brit.",3,no flower colour mentioned,UNKNOWN
"2. Talinum Adans., nom. cons.",3,flowers red-purple,RED
2. T.  triangulare,3,no flower colour mentioned,UNKNOWN
"1. Talinum  portulacifolium  (Forsskal)  Asch. ex Schweinf. in Bull. Herb. Boiss. 4,",3,"flowers pink, purple, or white",WHITE
"2. Talinum  triangulare  (Jacq.)  Willd., Sp. P1.2: 862. 1799; Geesink  in Steenis, Fl.",3,no flower colour mentioned,UNKNOWN
1. Myricaria,3,no flower colour mentioned,UNKNOWN
1. Myricaria Desv.,3,no flower colour mentioned,UNKNOWN
4. M.  prostrata,3,petals reddish,RED
5. M. rosea,3,flowers white,WHITE
1. M.  albiflora,3,no flower colour mentioned,UNKNOWN
1. Myricaria  albiflora  Grierson  &  Long in  Notes  Roy. Bot.  Gard.  Edinburgh  40:,3,flowers white,WHITE
2. Myricaria  davurica  (Willd.) Ehrenb. in Linnaea 2: 278.1827; Qaiser  in Nasir &,3,flowers pinkish-white,WHITE
"3. Myricaria  germanica  (L.)  Desv.  subsp.  alopecuroides  (Schrenk)  Kitam.,  Fl.",3,"flowers pink, purplish-pink or pinkish-white",WHITE
"4. Myricaria prostrata Hook. f. & Thomson  ex Benth. & Hook, f.,  Gen. PI. 1:161.",3,no flower colour mentioned,UNKNOWN
"1922. Much  branched,  prostrate,  dwarf  undershrubs.  Leaves  2 - 4 x 1  mm,  elliptic  to",3,flowers pale pink,PINK
5. Myricaria  rosea W. Smith in Notes Roy. Bot. Gard. Edinburgh  10: 52.1917. M.,3,"flowers rose, rose-purple or reddish-purple",RED
"6. Myricaria squamosa Desv. in Ann. Sci. Nat. ser. 1, 4: 350.1825; Qaiser  in Nasir",3,no flower colour mentioned,UNKNOWN
"1856. Shrubs,  ca 2 m high.  Leaves  1 - 6 x 0.5 - 1 mm, linear-oblong,  ovate-lanceolate  or",3,flowers pink,PINK
2. Myrtama Ovcz. & Kinz.,3,flowers pinkish white,WHITE
3. Tamarix L.,3,no flower colour mentioned,UNKNOWN
3. T. dioica,3,no flower colour mentioned,UNKNOWN
1. T.  aphylla,3,no flower colour mentioned,UNKNOWN
5. T. indica,3,no flower colour mentioned,UNKNOWN
7. T.  leptostachya,3,no flower colour mentioned,UNKNOWN
4. T. ericoides,3,no flower colour mentioned,UNKNOWN
9. T.passerinoides,3,no flower colour mentioned,UNKNOWN
"1. Tamarix aphylla (L.) Karsten, Deut. FI. 641.1882. Thuja aphylla L., Cent. PI. 1:",3,flowers pink or pinkish white,WHITE
"2. Tamarix arceuthoides Bunge, Beitr. FI. Russl. 119.1852 & in Mem. Sav. Etr. St.",3,flowers pink or purplish-pink,PINK
"3. Tamarix dioica Roxb. ex Roth, Nov. PL Sp. 185.1821; Dyer in Fl. Brit. India 1:",3,"flowers pink, pinkish-violet or pinkish-red",PINK
4. Tamarix ericoides Rottler  & Willd. in Ges. Naturf. Freunde Berlin Neue Schrif-,3,flowers pink or pale pink,PINK
5. Tamarix indica Willd. in Ges. Naturf. Freunde Berlin Neue Schriften 4:214.1803.,3,flowers pale pink to pink,PINK
6. Tamarix kutchensis  Shetty & Pandey in Bull. Bot. Surv. India  31:152.1992.,3,flowers pink,PINK
9. Tamarix pakistanica Qaiser :  a. flowering branch;  b. bract;  c.  flower;  d.,3,no flower colour mentioned,UNKNOWN
"7. Tamarix leptostachya Bunge, Beitr. Fl. Russl.  117.1852 & in Mem. Sav. Etr. St.",3,flowers pink,PINK
"8. Tamarix pakistanica Qaiser in Pakistan J. Bot. 13:119, f. 3 A-J.  1981 & in Nasir",3,flowers pink,PINK
9. Tamarix passerinoides  Delile ex Desv. var. macrocarpa Ehrenb. in Linnaea 2:,3,flowers pink to purplish-pink,PINK
"206. COOK,  C.D.K. (1968).  Elatinaceae. In: TUTIN,  et al., Fl. Europea  2: 295 - 296.  GHAFOOR,  A.  &",3,no flower colour mentioned,UNKNOWN
1. Bergia,3,no flower colour mentioned,UNKNOWN
1. Bergia L.,3,no flower colour mentioned,UNKNOWN
5. B. sufTruticosa,3,no flower colour mentioned,UNKNOWN
1. B. aestivosa,3,no flower colour mentioned,UNKNOWN
"1872. Elatine  aestivosa (Wight & Arn.) Wight, Icon. PI. Ind. Orient, t. 222.1839.",3,petals pinkish or white,WHITE
"2. Bergia ammannioides Roxb. [Hort. Beng. 34.1814, nom nud.] ex Roth,  Nov. PI.",3,flowers reddish-pink,PINK
"3. Bergia capensis L., Mant. PI. 2:241.1771; T. Cooke, Fl. Pres. Bombay 1:74.1901.",3,"sepal tips red, petals greenish-white",WHITE
4. Bergia polyantha Sonder in Linnaea 23:16.  1850; Raizada & R.N. Chatterjee  in,3,petals pink,PINK
"5. Bergia  suffruticosa  (Delile)  Fenzl, Denksch.  Bot.  Ges. 3: 183. 1841.  Lancretia",3,flowers whitish-pink,WHITE
2. Elatine L.,3,no flower colour mentioned,UNKNOWN
1. E. ambigua,3,no flower colour mentioned,UNKNOWN
2. E. gracilis,3,no flower colour mentioned,UNKNOWN
"1. Elatine ambigua Wight in Hook., J. Bot. 2:103, t. 5.1831; Dyer  in EL Brit. India",3,petals pinkish-white or white,WHITE
2. Elatine gracilis Mason in Madrono  13: 240.1956 & Fl. Marshes  California  583.,3,no flower colour mentioned,UNKNOWN
"3. Elatine  triandra  Schkuhr,  Bot. Handb.  ed. 2,  1: 345, t.  109 b,  f.  2. 1808. Peplis",3,petals whitish-pink,WHITE
1. Cratoxylum,3,flowers white,WHITE
3. Triadenum,3,no flower colour mentioned,UNKNOWN
1. Cratoxylum Blume,3,petals deep crimson to pink or white,WHITE
"1. Cratoxylum  cochinchinense  (Lour.)  Blume, Mus. Bot. 2: 17. 1852.  Hypericum",3,no flower colour mentioned,UNKNOWN
"2. Cratoxylum formosum  (Jack) Dyer in Fl. Brit. India 1:258.1874; Parkinson, For.",3,flowers light pink to red,PINK
1872. Cratoxylum pruniflorum  (Kurz) Kurz in J. Asiat. Soc. Beng. 43:84.1874 & For. Fl.,3,no flower colour mentioned,UNKNOWN
3. Cratoxylum sumatranum  (Jack) Blume  subsp. neriifolium  (Kurz)  Gog. in Blu-,3,petals bright or brick red,RED
2. Hypericum L.,3,flowers yellow,YELLOW
11. H.  hlmalaicum,3,no flower colour mentioned,UNKNOWN
24. H.  wightianum,3,no flower colour mentioned,UNKNOWN
21. H.  reptans,3,no flower colour mentioned,UNKNOWN
20. H.  podocarpoides,3,no flower colour mentioned,UNKNOWN
12. H.  hookerianum,3,no flower colour mentioned,UNKNOWN
8. H. gracilipes,3,no flower colour mentioned,UNKNOWN
25. H. wMliamsii,3,no flower colour mentioned,UNKNOWN
22. H.  lenuicaule,3,no flower colour mentioned,UNKNOWN
23. H.  uralum,3,no flower colour mentioned,UNKNOWN
4. H. dyeri,3,no flower colour mentioned,UNKNOWN
2. H.  benghalense,3,no flower colour mentioned,UNKNOWN
7. H. gaitii,3,no flower colour mentioned,UNKNOWN
14. H. japonicum,3,no flower colour mentioned,UNKNOWN
9. H.  gramineum,3,no flower colour mentioned,UNKNOWN
18. H.  perforatum,3,no flower colour mentioned,UNKNOWN
13. II.  humifusum,3,no flower colour mentioned,UNKNOWN
19. H.  petiolulatum,3,no flower colour mentioned,UNKNOWN
1. Hypericum assamicum S.N. Biswas in Webbia 25: 671.1971.  H. sampsonii  auct.,3,flowers yellow,YELLOW
2. Hypericum benghalense S.N. Biswas in Bull. Bot. Surv. India 29:53.1989.,3,flowers yellow,YELLOW
"3. Hypericum  choisianum  Wallich [Cat. No. 4805.1831, nom. nud.] ex N. Robson",3,no flower colour mentioned,UNKNOWN
"4. Hypericum dyeri Rehder in J. Arn. Arb. 20:422.1939; N.  Robson in K.H. Reich.,",3,no flower colour mentioned,UNKNOWN
"5. Hypericum elodeoides  Choisy in D C , Prodr  1: 551.1824; Dyer in Fl. Brit. India",3,no flower colour mentioned,UNKNOWN
1977. Ascyrumfilicaule  Dyer in Fl. Brit. India  1: 252.1874.,3,no flower colour mentioned,UNKNOWN
7. Hypericum gaitii Haines in J. Asiat. Soc. Beng. n.s. 15:311.1919 & Bot. Bihar &,3,flowers yellow,YELLOW
8. Hypericum gracilipes Stapf  ex C. Fischer  in Bull.  Misc. Inform.  1940: 32.1940;,3,no flower colour mentioned,UNKNOWN
"9. Hypericum gramineum G. Forster, Fl. Ins. Austr. 53.1786; N. Robson & Long in",3,flowers orange,OTHER
10. Hypericum griffithii  Hook. f. & Thomson ex Dyer in Fl. Brit. India 1:254.1874;,3,flowers yellow,YELLOW
11. Hypericum  himalaicum  N. Robson  in J. Jap. Bot. 52: 287. 1977.  H. pallens  D.,3,flowers yellow,YELLOW
"12. Hypericum hookerianum Wight  & Arn., Prodr. 99.1834; Dyer in Fl. Brit. India",3,flowers yellow,YELLOW
"1874. Herbs,  perennial,  decumbent  or  procumbent,  glabrous,  5  -  25  cm  high;  stems",3,no flower colour mentioned,UNKNOWN
"14. Hypericum  japonicum  Thunb.  ex Murray,  Syst.  Veg.  ed.  14:  702. July  1784;",3,flowers yellow,YELLOW
15. Hypericum monanthemum Hook. f. & Thomson ex Dyer in Fl. Brit. India 1:256.,3,no flower colour mentioned,UNKNOWN
"16. Hypericum mysurense  Wight & Arn., Prodr. 99.1834; Dyer in Fl. Brit. India 1:",3,flowers golden yellow,YELLOW
"17. Hypericum  oblongifolium  Choisy,  Prodr.  Monogr.  Hyperic. 42, t.  4. 1821. H.",3,no flower colour mentioned,UNKNOWN
"18. Hypericum  perforatum  L.,  Sp. PI. 2: 785. 1753; Dyer  in  Fl. Brit.  India  1: 255.",3,no flower colour mentioned,UNKNOWN
"1874. Hindi.: Basant;  Kash.:  Mongolu;  Punj.:  Dendlu;  Eng.:  Common  St.  John's  weed,",3,flowers yellow,YELLOW
"1874. Annual,  prostrate  or  decumbent  herbs,  20  -  40  cm  high;  stems  and  branches",3,flowers yellow,YELLOW
20. Hyperium  podocarpoides  N. Robson  in J. Jap. Bot. 52: 276. 1977. H.  acutum,3,flowers yellow,YELLOW
21. Hypericum reptans Hook. f. & Thomson ex Dyer in Fl. Brit. India  1: 255.1874.,3,flowers yellow,YELLOW
"1874. Shrubs, ca  1 m high; stems and branches diffuse,  slender, terete, glabrous,  reddish",3,flowers yellow,YELLOW
"23. Hypericum  uralum Buch.-Ham. ex D. Don  in Sims, Bot.  Mag. t. 2375. 1823 &",3,flowers yellow or golden yellow,YELLOW
"24. Hypericum  wightianum  Wallich [ Cat. No. 4010.1831, nom. nud. ] ex Wight  &",3,flowers yellow with red spots,YELLOW
25. Hypericum williamsii N. Robson in J. Jap. Bot. 52: 279.1977.,3,flowers golden yellow,YELLOW
3. Triadenum  Rafin.,3,flowers white,WHITE
"1. Hypericum androsaemum  L., Sp. PI. 784.1753; Bailey, Man  Cult. PI. 677.1958.",3,no flower colour mentioned,UNKNOWN
"2. Hypericum calycinum L., Mant. PI. 1: 106.1767.",3,no flower colour mentioned,UNKNOWN
"3. Hypericum  cistifolium  Lam.,  Encycl.  4:  158.  1797. H.rosmarinifolium  Lam.,",3,no flower colour mentioned,UNKNOWN
"4. Hypericum cordifolium Choisy in D C , Prodr. 1: 545.1824; Dyer in Fl. Brit. India",3,no flower colour mentioned,UNKNOWN
"5. Hypericum  densiflorum  Pursh,  Fl. Am. Sept. 2: 376. 1814; Rehder,  Man.  Cult.",3,no flower colour mentioned,UNKNOWN
"6. Hypericum monogynum  L., Sp. PI. ed. 2.1107.1763; H. chinense L., Syst. Nat. ed",3,no flower colour mentioned,UNKNOWN
"7. Hypericum  olympicum  L., Sp. PL 784,. 1753; Bailey, Man. Cult. PI. 677.1958.",3,"flowers white, yellow, pinkish or red",WHITE
2. Garcinia,3,no flower colour mentioned,UNKNOWN
1. Calophyllum,3,no flower colour mentioned,UNKNOWN
3. Mammea,3,no flower colour mentioned,UNKNOWN
1. Calophyllum  L.,3,no flower colour mentioned,UNKNOWN
6. C.  polyanthum,3,no flower colour mentioned,UNKNOWN
4. C.  inophyllum,3,no flower colour mentioned,UNKNOWN
7. C.  soulallri,3,no flower colour mentioned,UNKNOWN
3. C. calaba  var.  bracteatum,3,no flower colour mentioned,UNKNOWN
1. C.  apetalum,3,no flower colour mentioned,UNKNOWN
"1. Calophyllum apetalum Willd., Ges. Naturf. Freunde Berlin Mag. 5:  79.1811, p.p.",3,flowers white,WHITE
"2. Calophyllum  austroindicum Kosterm. ex P. Stevens in J. Arn. Arb. 61: 250, f.  8",3,no flower colour mentioned,UNKNOWN
"1908. Trees, 25 - 30 m tall; trunk ca 1 m in girth;  branchlets glabrous,  4-angled to subulate,",3,flowers white,WHITE
3. Calophyllum  calaba  L. var.  bracteatum  (Wight)  P. Stevens in J. Arn.  Arb. 61:,3,"flowers white, or light yellow",WHITE
"4. Calyphyllum  inophyllum  L., Sp. PI. 513. 1753; T. Anderson  in Fl. Brit. India  1:",3,no flower colour mentioned,UNKNOWN
"1840. Beng. & Hindi:  Sultana champa;  Guj. (Kutch): Udi; Kan.: Vuma, Nonne  orHonne;",3,flowers marble white,WHITE
"5. Calophyllum  macrocarpum  Hook,  f.,  Fl. Brit. India  1: 273. 1874; N.P. Singh  in",3,no flower colour mentioned,UNKNOWN
"6. Calophyllum  polyanthum  Wallich  ex Choisy, Descr.  Guttif. Inde  43. 1849 & in",3,no flower colour mentioned,UNKNOWN
"1874. C. datum  Beddome,  Fl. Sylv. 22, t. 2. 1869.  C. tomentosum  auct. non Wight;  T.",3,no flower colour mentioned,UNKNOWN
"7. Calophyllum  soulattri Burm.f., Fl. Ind. 2:121.1768; Sastri et al., Wealth of India",3,flowers white,WHITE
"8. Calophyllum tetrapterum Miq., PI. Jungh. 291.1854. C. floribundum  Hook.f., Fl.",3,no flower colour mentioned,UNKNOWN
2. Garcinia L.,3,no flower colour mentioned,UNKNOWN
32. G.  talbotii,3,no flower colour mentioned,UNKNOWN
3. G.  andamanica,3,no flower colour mentioned,UNKNOWN
30. G. spicata,3,no flower colour mentioned,UNKNOWN
10. G. dulcis,3,no flower colour mentioned,UNKNOWN
7. G.  cadelliana,3,no flower colour mentioned,UNKNOWN
35. G.  xanthocbymus,3,no flower colour mentioned,UNKNOWN
31. G.  stipulate,3,no flower colour mentioned,UNKNOWN
4. G.  anomala,3,no flower colour mentioned,UNKNOWN
13. G.  imbertii,3,no flower colour mentioned,UNKNOWN
21. G.  merguensis,3,no flower colour mentioned,UNKNOWN
17. G.  kurzii,3,no flower colour mentioned,UNKNOWN
25. G.  pedunculate,3,"male flowers blood red, female or bisexual flowers yellowish-red or yellow",YELLOW
2. G.  affinis,3,no flower colour mentioned,UNKNOWN
29. G. speciosa,3,no flower colour mentioned,UNKNOWN
33. G.  travancorica,3,no flower colour mentioned,UNKNOWN
16. G.  kingii,3,no flower colour mentioned,UNKNOWN
28. G. sopsopia,3,no flower colour mentioned,UNKNOWN
1. G.  acuminata,3,no flower colour mentioned,UNKNOWN
34. G. wightii,3,no flower colour mentioned,UNKNOWN
8. G.  calycina,3,no flower colour mentioned,UNKNOWN
22. G.  microstigma,3,no flower colour mentioned,UNKNOWN
19. G.  lanceaefolia,3,no flower colour mentioned,UNKNOWN
20. G.  loniceroides,3,dark red,RED
27. G.  ruhro-cc hiiuilu,3,no flower colour mentioned,UNKNOWN
18. G.  kydia,3,no flower colour mentioned,UNKNOWN
11. G.  gummi-gulta,3,no flower colour mentioned,UNKNOWN
9. G. cowa,3,no flower colour mentioned,UNKNOWN
"1. Garcinia  acuminata  Planch.  &  Triana  in  Ann.  Sci. Nat.  ser.  4,  14: 355.  1860;",3,flowers yellow,YELLOW
"2. Garcinia affinis Wallich [Cat. No. 4852.1831, p.p.] ex Pierre, Fl. Forest. Cochinch.",3,no flower colour mentioned,UNKNOWN
"3. Garcinia andamanica King in J. Asiat. Soc. Beng. 59:170,1.160.1890; Parkinson,",3,flowers white or pale,WHITE
"4. Garcinia  anomala  Planch.  & Triana  in Ann. Soc. Nat.  ser. 4,  14: 329. 1860; T.",3,flowers yellowish or pale green,YELLOW
5. Garcinia atroviridis Griffith  ex T. Anderson in Fl. Brit. India  1: 266.1874.,3,petals blood red,RED
6. Garcinia  brevirostris  Scheff.  in Tijdschr.  Nederl. Ind. 31: 350. 1870 & in  Flora,3,no flower colour mentioned,UNKNOWN
"7. Garcinia cadelliana King in J. Asiat. Soc. Beng. 59:154.1890; Parkinson, For. Fl.",3,no flower colour mentioned,UNKNOWN
8. Garcinia calycina  Kurz in J. Bot. 13: 324.1875; Mahesh. in Bull. Bot. Surv. India,3,no flower colour mentioned,UNKNOWN
"9. Garcinia cowa Roxb. ex D C ,  Prodr.  1: 561.1824; T. Anderson  in Fl. Brit. India",3,petals yellow flushed pink or red,YELLOW
10. Garcinia dulcis (Roxb.) Kurz in J. Asiat. Soc. Beng. 43: 88.1874. p.p. & For. Fl.,3,no flower colour mentioned,UNKNOWN
11. Garcinia  gummi-gutta  (L.)  N. Robson  in  Brittonia  20:  103. 1968.  Cambogia,3,flowers white or pale green,WHITE
"12. Garcinia hombroniana Pierre, Fl. Forest. Cochinch. Fasc. 5:12, t. 79 D-J. 1883;",3,no flower colour mentioned,UNKNOWN
"13. Garcinia imbertii Bourd. in J. Bombay Nat. Hist. Soc. 12:349.1.1.1899; Gamble,",3,flowers yellow,YELLOW
"14. Garcinia indica  (Thouars)  Choisy in D C ,  Prodr.  1: 561.1824. T. Anderson  in",3,no flower colour mentioned,UNKNOWN
"15. Garcinia  keenania  Pierre,  Fl.  Forest.  Cochinch.  Fasc.  6:  8,  t.  92  G.  1883,",3,flowers white,WHITE
"16. Garcinia  kingii Pierre ex Vesque in D C , Monogr. Phan. 8: 407.1893; Brandis,",3,no flower colour mentioned,UNKNOWN
"17. Garcinia  kurzii Pierre, Fl. Forest.  Cochinch. Fasc. 5: 14, t. 78. 1883; Brandis,",3,flowers pale white,WHITE
"1923. G. cowa T. Anderson, in Fl. Brit. India  1: 262.1874, p.p. non Roxb. ex DC. 1824.",3,flowers yellow,YELLOW
"19. Garcinia lanceaefolia  Roxb., [Hort. Beng. 42. 1814, nom. nud.] Fl. Ind. 2: 623.",3,"flowers dark yellow, reddish-yellow or red",YELLOW
20. Garcinia  loniceroides  T. Anderson  in Fl. Brit. India  1: 264. 1874. G. succifolia,3,no flower colour mentioned,UNKNOWN
"21. Garcinia  merguensis  Wight, Icon. PI. Ind.  Orient.  116.1839  & 111. Ind. Bot. 1:",3,no flower colour mentioned,UNKNOWN
22. Garcinia microstigma Kurz in J. Bot. 13:324.1875 & For. Fl. Brit. Burma 1: 91.,3,flowers reddish,RED
"23. Garcinia  morella  (Gaertn.)  Desr.  in Lam., Encycl. 3: 701, t. 405 f.  2. 1792; T.",3,flowers white or pink,WHITE
"24. Garcinia  nervosa  Miq., Ann. Mus. Bot. Ludg.-Bat.  1: 208. 1864. G.  andersoni",3,"flowers yellow, greenish-yellow or white",WHITE
25. Garcinia pedunculata Roxb. exBuch.-Ham. (in Ann. Oriental Lit. (I): 244.1820),3,no flower colour mentioned,UNKNOWN
"26. Garcinia  pictoria  Roxb.  [Hort.  Beng. 42. 1814, nom.  nud.]  ex Buch.-Ham.  in",3,flowers yellow,YELLOW
27. Garcinia rubro-echinata Kosterm. in Ceylon J. Sci. (Biol. Sci.) 12(2): 128.1977.,3,no flower colour mentioned,UNKNOWN
1965. Mai.: Para orpura;  Tam.:  Madul,3,flowers pale yellow,YELLOW
28. Garcinia sopsopia  (Buch.-Ham.) Mabberley in Taxon 26: 529.1977. Oxycarpus,3,no flower colour mentioned,UNKNOWN
111. Ind. Bot. 125.1831; T. Anderson in Fl. Brit. India 1:266.1874.  Stalagmitispaniculata,3,flowers pure or dull white,WHITE
"29. Garcinia speciosa Wallich, PI. Asiat. Rar. 3: 37, t. 258.1832; T. Anderson  in Fl.",3,flowers bright yellow,YELLOW
30. Garcinia spicata  (Wight  & Arn.)  Hook. f. in J. Linn. Soc. 14: 486.1875. Dunn,3,no flower colour mentioned,UNKNOWN
"1831. Xanthochymus  ovalifolius Roxb., Fl. Ind. 2: 632.1832.",3,flowers pale green or white,WHITE
31. Garcinia stipulate T. Anderson  in Fl. Brit. India  1: 267.1874.,3,petals creamy-yellow or yellow,YELLOW
"1960. G. ovalifolius  (Roxb.) Hook. f. var. macrantha  Hook, f.,  Fl. Brit. India  1:269.1874.",3,no flower colour mentioned,UNKNOWN
"1893. G. malabarica  Talbot in J. Bombay Nat. Hist. Soc. 11: 234.1897, non Desr. 1792.",3,flowers creamy-white to white to greenish-yellow,WHITE
"33. Garcinia  travancorica  Beddome, Fl. Sylv. 1.173.1872; T. Anderson  in Fl. Brit.",3,flowers white,WHITE
34. Garcinia wightii T. Anderson  in Fl. Brit. India  1: 265: 1874.,3,no flower colour mentioned,UNKNOWN
"35. Garcinia xanthochymus  Hook, f.,  in Fl. Brit. India 1: 269.1874.  Xanthochymus",3,no flower colour mentioned,UNKNOWN
1915. G. pictorius  (Roxb.) D'Arcy in Ann. Missouri Bot. Gard. 6: 998.1980.,3,flowers white or cream-coloured,WHITE
3. Mammea L. emend. De Wilde,3,no flower colour mentioned,UNKNOWN
1. M. nervosa,3,no flower colour mentioned,UNKNOWN
2. M. suriga,3,no flower colour mentioned,UNKNOWN
1. Mammea nervosa (Kurz) Kosterm. in Comm. For. Res. Inst. Indones. Bogor 72:,3,flowers white,WHITE
2. Mammea  suriga  (Buch.-Ham.  ex Roxb.)  Kosterm.  in  Comm.  For.  Res.  Inst.,3,no flower colour mentioned,UNKNOWN
"1861. Calysaccion longifolium  Wight, Icon. PI. Ind. Orient, tt. 1999-1839 & 111. Ind. Bot.",3,flowers white or pinkish,WHITE
4. Mesua  L. emend  Kosterm.,3,no flower colour mentioned,UNKNOWN
1. M.  assamica,3,no flower colour mentioned,UNKNOWN
3. M.floribunda,3,no flower colour mentioned,UNKNOWN
4. M.manii,3,no flower colour mentioned,UNKNOWN
5. M.  pulchella,3,no flower colour mentioned,UNKNOWN
6. M.  thwaitesii,3,no flower colour mentioned,UNKNOWN
1. Mesua  assamica  (King & Prain)  Kosterm. in Reinwardtia  7 : 426.1969.  Kayea,3,flowers white,WHITE
"2. Mesua  ferrea  L., Sp. PI. 515. 1753; T. Anderson  in Fl. Brit.  India  1: 277. 1874.",3,flowers white,WHITE
1840. Mesua ferrea L. subsp.pulchella  Vesque var. coromandelianaQNight)  Mahesh. in,3,flowers white,WHITE
3. Mesua  floribunda  (Wallicn)  Kosterm. in Reinwardtia  7: 427. 1969.  Kayeaflori-,3,flowers white with rosy edges,WHITE
4. Mesua  manii  (King) Kosterm. in Reinwardtia 7: 428.1969. Kayea manii  King in,3,no flower colour mentioned,UNKNOWN
"5. Mesua pulchella Planch. & Triana in Ann. Sci. Nat. ser. 4,15:307.1861.M. ferrea",3,flowers white,WHITE
"6. Mesua  thwaitesii  Planch. & Triana  in Ann. Sci. Nat. Bot.  ser. 4,15  :  305.1861;",3,no flower colour mentioned,UNKNOWN
"1964. Glabrous trees, up to  20 m tall; bark dark  brown, smooth.  Leaves opposite  , linear",3,flowers rose-coloured,RED
5. Poeciloneuron  Beddome,3,flowers yellowish-white or yellowish,WHITE
1. P.  indicum,3,no flower colour mentioned,UNKNOWN
2. P.  pauclflorum,3,no flower colour mentioned,UNKNOWN
"1. Poeciloneuron indicum Beddome in J. Linn. Soc. 8: 267, t. 17.1865 & Fl. Sylv. t.",3,"flowers yellowish-white, creamy or white",WHITE
"2. Poeciloneuron pauciflorum Beddome, Fl. Sylv. t. 93.1871; Dyer in Fl. Brit. India",3,flowers white,WHITE
"1. Clusia rosea Jacq., Enum. Syst. PI. 34.1760.",3,"flowers white, turning pink or with rosy streaks",WHITE
2. Garcinia livingstonei T. Anderson in J. Linn. Soc. 9: 203.' 367.,3,flowers white,WHITE
"1874. Beng., Hindi, Mai., Mar. & Tarn.:  Mangusta, Mangustan;  Eng.:  Mangosteen.",3,"petals purple, sepals greenish-red outside",RED
"4. Garcinia zeylanica Roxb., PI. Corom. 3: 94.1820 & Fl. Ind. 2: 621.1832.",3,no flower colour mentioned,UNKNOWN
"5. Mammea americana  L., Sp. PI. 512.1753.",3,flowers white,WHITE
"6. Rheedia floribunda Planch. & Triana in Ann. Sci. Nat. ser. 4,14: 319.1860.",3,flowers white,WHITE
"7. Rheedia  madruno Planch.  &  Triana  in Ann. Sci. Nat.  ser. 4,  14: 315. 1860.  R.",3,no flower colour mentioned,UNKNOWN
2. Ternstroemieae,3,no flower colour mentioned,UNKNOWN
1. Camellia,3,no flower colour mentioned,UNKNOWN
4. Schima,3,no flower colour mentioned,UNKNOWN
6. Anneslea,3,no flower colour mentioned,UNKNOWN
8. Eurya,3,no flower colour mentioned,UNKNOWN
9. Ternstroemia,3,no flower colour mentioned,UNKNOWN
7. Cleyera,3,no flower colour mentioned,UNKNOWN
1. Camellia L.,3,no flower colour mentioned,UNKNOWN
1. C.  caudata,3,no flower colour mentioned,UNKNOWN
5. C.  sinensis,3,no flower colour mentioned,UNKNOWN
2. C. kissi,3,no flower colour mentioned,UNKNOWN
"1. Camellia caudata Wallich, [Cat. No. 978.1829, nom. nud.] PI. Asiat. Rar. 3: 36.",3,flowers white,WHITE
2. Camellia kissi Wallich in Asiat. Res. 13:429.1820 & PI. Asiat. Rar. 3: t. 256.1832.,3,flowers white,WHITE
3. Camellia lutescens Dyer in Fl. Brit. India  1: 293.1874.,3,"flowers white, turning yellowish",WHITE
4. Camellia siangensis T.K. Paul & Nayar in Bull. Bot. Surv. India 27: 92.1987.,3,no flower colour mentioned,UNKNOWN
5. Camellia  sinensis  (L.)  O.  Kuntze  in  Acta  Horti  Petrop.  10:  195.  1887.  Thea,3,flowers white,WHITE
1950. Thea assamica  Masters in J.  Agric. Hort. Soc. Ind. 3: 63.1844.  Camellia theifera,3,no flower colour mentioned,UNKNOWN
"2. Gordonia Ellis, nom. cons.",3,no flower colour mentioned,UNKNOWN
1. G. excelsa,3,no flower colour mentioned,UNKNOWN
"1. Gordonia excelsa Blume, Bijdr. 130.1825; Dyer in Fl. Brit. India  1:291.1874 incl.",3,flowers pinkish,PINK
"2. Gordonia  obtusa  Wallich  [Cat.  No.  1459.  1829, nom.  nud.]  ex Wight  &  Arn.,",3,flowers white,WHITE
3. Pyrenaria  Blume,3,no flower colour mentioned,UNKNOWN
"1. Pyrenaria  barringtonifolia  (Griffith)  Seem, in Bonplandia  7: 49. 1859; Dyer  in",3,flowers creamy yellow,YELLOW
"2. Pyrenaria diospyricarpa Kurz in J. Asiat. Soc. Beng. 42: 60.1873; Kanjilal et  al,",3,no flower colour mentioned,UNKNOWN
3. Pyrenaria khasiana R.N. Paul in Bull. Bot. Soc. Beng. 33:115.1979.,3,no flower colour mentioned,UNKNOWN
4. Schima Reinw. ex Blume,3,no flower colour mentioned,UNKNOWN
"1824. G. chilaunea  Buch.-Ham. exD. Don, Prodr. 225.1825.",3,flowers white,WHITE
5. Adinandra  Jack,3,flowers white,WHITE
"6. Anneslea Wallich, nom. cons.",3,flowers white or yellowish,WHITE
"1. Anneslea fragrans Wallich, PI. Asiat. Rar.  1: 5. t. 5.1829; Dyer  in Fl. Brit. India",3,flowers white or yellowish-white,WHITE
"7. Cleyera Thunb., nom. cons.",3,no flower colour mentioned,UNKNOWN
1794. Cleyera ochnacea  auct. non D C ; Dyer in Fl. Brit. India  1: 283.1874.,3,"flowers whitish, turning yellowish",WHITE
1874. Kh.:  Dieng-tiw-la-mluh.,3,no flower colour mentioned,UNKNOWN
8. Eurya Thunb.,3,"petals white, greenish, pinkish or yellow",WHITE
"161. KOBUSKI,  C.E.(1938). Studies  in Theaceae-3. Ann.  Missouri  Bot.  Gard.  25: 299 - 359.  KOBUSKI,",3,no flower colour mentioned,UNKNOWN
6. E. nitida,3,no flower colour mentioned,UNKNOWN
5. E. japonica,3,no flower colour mentioned,UNKNOWN
3. E.  cavinervis,3,no flower colour mentioned,UNKNOWN
2. E.  arunachalensis,3,no flower colour mentioned,UNKNOWN
4. E  cerasifolia,3,no flower colour mentioned,UNKNOWN
7. E  trichocarpa,3,no flower colour mentioned,UNKNOWN
8. E. sp.,3,no flower colour mentioned,UNKNOWN
1. Eurya acuminata DC. in Mem. Soc. Phys. Hist. Nat. Geneve  1: 418. 1822; Dyer,3,no flower colour mentioned,UNKNOWN
"1847. E.  wallichiana Steudel in Blume, Mus. Bot. 2:118.1856.  E. phyllanthoides  Blume,",3,flowers white or yellowish-white,WHITE
"2. Eurya arunachalensis  Chauhan in Indian J. For. 13(1): 76.1990; Giri, et al.  in J.",3,petals pinkish-white,WHITE
3. Eurya  cavinervis  Vesque  in  Bull. Soc. Bot. France  42:  158. 1895.  E.  japonica,3,flowers white or creamish,WHITE
4. Eurya cerasifolia  (D. Don) Kobuski in Ann. Missourie Bot. Gard. 25: 326.1938.,3,flowers white or yellowish-white,WHITE
"5. Eurya japonica  Thunb.,  Nov. Gen. PI. 68. 1783; Dyer  in Fl. Brit.  India  1: 284.",3,flowers greenish-white to yellowish,WHITE
"6. Eurya nitida Korthals in Temminck, Verh. Nat. Gesch. Ned. Bezitt. Bot. 4:115,",3,flowers white or greenish-white,WHITE
"7. Eurya trichocarpa Korthals in Temminck, Verh. Nat. Gesch. Ned. Bezitt. Bot. 4:",3,flowers yellow,YELLOW
8. Eurya sp.,3,flowers white,WHITE
"9. Ternstroemia  Mutis ex L.f.,  nom. cons.",3,flowers yellow or yellowish-white,WHITE
1. T. gymnanthera,3,no flower colour mentioned,UNKNOWN
"1. Ternstroemia  gymnanthera  (Wight  & Arn.)  Beddome,  Fl. Sylv. 91, t. 91.1871;",3,no flower colour mentioned,UNKNOWN
2. Ternstroemia  wallichiana  (Griffith)  Ridley  in  Fl. Malay  Penin.  1:  198. 1922.,3,no flower colour mentioned,UNKNOWN
"1874. Evergreen, glabrous trees, up to 20 m tall; stems obscurely ribbed, glabrous.  Leaves",3,flowers whitish,WHITE
"1. Camellia japonica L., Sp. PI. 2: 698.1753.",3,flowers of various colours,OTHER
"2. Camellia sasanqua Thunb, Fl. Jap. 273. t. 30. 1784.",3,no flower colour mentioned,UNKNOWN
1. Actinidia,3,no flower colour mentioned,UNKNOWN
2. Saurauia,3,no flower colour mentioned,UNKNOWN
2. A. strigosa,3,no flower colour mentioned,UNKNOWN
"1874. Scandent  shrubs,  up  to  10  m;  stems  and  branches  reddish  brown,  glabrous  or",3,no flower colour mentioned,UNKNOWN
2. Actinidia strigosa Hook. f. & Thomson ex Benth. in J. Linn. Soc. 5:55.1861; Dyer,3,no flower colour mentioned,UNKNOWN
"2. Saurauia Willd., orth. et nom. cons.",3,no flower colour mentioned,UNKNOWN
1. S. armata,3,no flower colour mentioned,UNKNOWN
2. S.  bracteosa,3,no flower colour mentioned,UNKNOWN
6. S. napaulensis,3,no flower colour mentioned,UNKNOWN
8. S. roxburghii,3,no flower colour mentioned,UNKNOWN
5. S. macrotricha,3,no flower colour mentioned,UNKNOWN
7. S.  punduana,3,no flower colour mentioned,UNKNOWN
1. Saurauia  armata  Kurz  in J.  Asiat.  Soc. Beng. 42: 59. 1873. S.  cerea Griffith  ex,3,flowers white with reddish base,WHITE
2. Saurauia  bracteosa  DC.  in  Mem.  Soc.  Phys. Hist.  Nat.  Geneve  1:  422.  1822.,3,no flower colour mentioned,UNKNOWN
"3. Saurauia fasciculata  Wallich, PI. Asiat. Rar. 2: 40,1.148.1831; Dyer  in Fl. Brit.",3,"flowers white, ultimately pink",WHITE
4. Saurauia griffithii  Dyer in Fl. Brit. India  1: 286.1874.,3,no flower colour mentioned,UNKNOWN
5. Saurauia macrotricha Kurz ex Dyer in Fl. Brit. India  1: 287.1872.,3,flowers red,RED
"6. Saurauia  napaulensis  D C ,  Mem. Ternstr. 29.1822  & in Mem. Soc. phys. Hist.",3,flowers pink,PINK
"7. Saurauia punduana Wallich, PI. Asiat. Rar. 2:40.1831, Dyer in Fl. Brit. India 1:",3,flowers pink,PINK
"8. Saurauia  roxburghii  Wallich, PI. Asiat. Rar.  2: 40.1831;  Dyer  in Fl. Brit.  India",3,petals white becoming pink,WHITE
1. Dipterocarpus,3,no flower colour mentioned,UNKNOWN
2. Hopea,3,no flower colour mentioned,UNKNOWN
3. Shorea,3,no flower colour mentioned,UNKNOWN
4. Valeria,3,no flower colour mentioned,UNKNOWN
1. Dipterocarpus  Gaertn.f.,3,flowers white or pink,WHITE
5. D.  grandiflorus,3,no flower colour mentioned,UNKNOWN
3. D. costatus,3,no flower colour mentioned,UNKNOWN
1. D. alatus,3,no flower colour mentioned,UNKNOWN
2. D.  bourdilloni,3,no flower colour mentioned,UNKNOWN
6. D. indie us,3,no flower colour mentioned,UNKNOWN
4. D. gracilis,3,no flower colour mentioned,UNKNOWN
8. V.  mannii,3,no flower colour mentioned,UNKNOWN
9. D.  relusus,3,no flower colour mentioned,UNKNOWN
7. D. kerrii,3,no flower colour mentioned,UNKNOWN
"1. Dipterocarpus alatus Roxb., [Hort. Beng. 42.1814 nom. nud.]  ex  G. Don,  Gen.",3,"corolla lobes ca 3 cm long, white or yellowish-white",WHITE
"2. Dipterocarpus  bourdilloni  Brandis  in Hook.,  Icon. PI. 5(1): t.  2403.  1895; in  J.",3,flowers white,WHITE
"3. Dipterocarpus  costatus  Gaertn.f.,  Suppl.  Carp.  3:  50, t.  187. 1805.  D.  scaber",3,no flower colour mentioned,UNKNOWN
"4. Dipterocarpus gracilis Blume, Bijdr. 224.1825. D.pilosus  Roxb., [Hort. Beng. 93.",3,no flower colour mentioned,UNKNOWN
"5. Dipterocarpus grandiflorus  (Blanco) Blanco,  Fl. Filip. ed. 2,314.1845;  Griffith,",3,no flower colour mentioned,UNKNOWN
"6. Dipterocarpus  indicus  Beddome,  Fl. Sylv.  t. 94. 1871; Rama  Rao  in For. PI.",3,flowers white,WHITE
7. Dipterocarpus kerrii King in J. Asiat. Soc. Beng. 62: 93.1893.,3,no flower colour mentioned,UNKNOWN
"8. Dipterocarpus mannii King ex Kanjilal, et al., Fl. Assam  1:133.1934.",3,no flower colour mentioned,UNKNOWN
"9. Dipterocarpus  retusus  Blume,  Catalogus  77. 1823. D.  macrocarpus  Vesque  in",3,no flower colour mentioned,UNKNOWN
"10. Dipterocarpus turbinatus Gaertn.  f.,  Suppl. Carp. 3: 51,1.188, f.  1. 1805; Dyer",3,flowers white or yellow with pink tinge,WHITE
"2. Hopea Roxb., nom. cons.",3,no flower colour mentioned,UNKNOWN
4. II. helferi,3,no flower colour mentioned,UNKNOWN
11. H. utilis,3,no flower colour mentioned,UNKNOWN
6. H.  odorata,3,no flower colour mentioned,UNKNOWN
2. H. erosa,3,no flower colour mentioned,UNKNOWN
9. H.  racophloea,3,no flower colour mentioned,UNKNOWN
1. H.  canarensis,3,no flower colour mentioned,UNKNOWN
8. H.  ponga,3,no flower colour mentioned,UNKNOWN
10. H.  shingkeng,3,no flower colour mentioned,UNKNOWN
3. H.  glabra,3,no flower colour mentioned,UNKNOWN
"1. Hopea canarensis Hole inlnd. For. 44:575.1918; Saldanha & E. Rao inSaldanha,",3,no flower colour mentioned,UNKNOWN
2. Hopea  erosa  (Beddome)  Slooten  in  Reinwardtia  3: 318.  1956.  Balanocarpus,3,flowers white,WHITE
"3. Hopea glabra Wight & Am., Prodr. 85.1834; Dyer in Fl. Brit. India  1: 309.1874.",3,flowers creamy-yellow,YELLOW
"4. Hopea  helferi  (Dyer)  Brandis in J. Linn. Soc. (Bot.)  31: 62, t. 2,1895  & Indian",3,no flower colour mentioned,UNKNOWN
5. Hopea jacobi C.E.C. Fischer in Bull. Misc. Inform. 1932. 245.1932.,3,no flower colour mentioned,UNKNOWN
"6. Hopea odorata Roxb., PI. Corom. 3: 7, t. 210.1811 & Fl. Ind. 2: 609.1834.  Dyer",3,flowers yellowish-white,WHITE
"7. Hopea parviflora Beddome, Fl. Sylv. t. 7.1869; Dyer in Fl. Brit. India 1:308.1874.",3,flowers creamy yellow,YELLOW
8. Hopea  ponga  (Dennst.)  Mabberley  in  Taxon  28: 587.  1979.  Artocarpus  ponga,3,flowers creamy white with pink tinge,WHITE
"9. Hopea racophloea Dyer in Fl. Brit. India  1: 310.1874.  H. malabarica  Beddome,",3,flowers yellowish-white with pink tinge,WHITE
10. Hopea shingkeng (Dunn) Bor in Ind. For. Rec. n. s. Bot. 2(3): 227.1941.  Vatica,3,no flower colour mentioned,UNKNOWN
11. Hopea utilis (Beddome) Bole in Kew Bull.  1951:146.1951. Balanocarpus  utilis,3,flowers yellowish-white,WHITE
3. Shorea  Roxb. ex Gaertn.  f.,3,no flower colour mentioned,UNKNOWN
3. S. roxburghii,3,no flower colour mentioned,UNKNOWN
2. S. robusta,3,no flower colour mentioned,UNKNOWN
1. Staorea assamica Dyer in F t  Brit. India  1: 307.1874.,3,flowers white or creamy,WHITE
"2. Shorea robusta Roxb. ex Gaertn. f.,  Suppl. Carp. 3: 48,1.186.1805; Dyer  in Fl.",3,flowers yellow or creamy,YELLOW
"3. Shorea  roxburghii  G.  Don,  Gen.  Hist.  1:  813.  1831; Saldanha  &  E.  Rao  in",3,flowers white or pale pink,WHITE
"4. Shorea tumbuggaia Roxb., [Hort. Beng. 43.1814, nom. nud.] Fl. Ind. 2:617.1832;",3,no flower colour mentioned,UNKNOWN
"1834. Mai.: Tampakam;  Tam.: Tambagom,  Tambugai, Karuppu  dammar,  Kangu, Kungil-",3,flowers white,WHITE
4. Vateria  L.,3,no flower colour mentioned,UNKNOWN
1. V.  copaliifera,3,no flower colour mentioned,UNKNOWN
2. V. indica,3,no flower colour mentioned,UNKNOWN
"1. Vateria  copaliifera  (Retz.)  Alston  in  Trimen,  Handb.  Fl.  Ceylon  6:  26. 1931.",3,flowers creamy white,WHITE
"2. Vateria  indica  L.,  Sp.  PI.  515.  1753; Dyer  in  Fl.  Brit.  India  1:  313.  1874.  V.",3,flowers white,WHITE
"3. Vateria macrocarpa B.L. Gupta  in Ind. For. 55: 231, t. 2.1929.",3,no flower colour mentioned,UNKNOWN
5. Vatica L.,3,no flower colour mentioned,UNKNOWN
"1. Vatica  chinensis  L.,  Mant.  PI. 2: 242.  1771.  V. roxburghiana  (Wight  &  Arn.)",3,flowers white,WHITE
"2. Vatica  lanceaefolia  (Roxb.) Blume, Mus. Bot. 2: 31.1852; Dyer  in Fl. Brit. India",3,flowers yellowish-white,WHITE
4. A. wallichii,3,no flower colour mentioned,UNKNOWN
1. Ancistrocladus  attenuatus Dyer  in Fl. Brit. India  1: 300.1874.,3,flowers white,WHITE
"2. Ancistrocladus  heyneanus  Wallich  ex  Wight,  Icon. PI. Ind.  Orient.  6:  12, t.",3,flowers white,WHITE
"3. Ancistrocladus  tectorius  (Lour.)  Merr.  in  Lingnan  Sci. J. 6: 329. 1930; Steenis,",3,petals pink or white,WHITE
"4. Ancistrocladus wallichii Planch, in Ann. Sci. Nat. ser. 3,13:319.1849; Dyer in Fl.",3,no flower colour mentioned,UNKNOWN
5. Ureneae,3,no flower colour mentioned,UNKNOWN
3. Hibisceae,3,no flower colour mentioned,UNKNOWN
4. Modiola,3,no flower colour mentioned,UNKNOWN
1. Abutilon,3,no flower colour mentioned,UNKNOWN
6. Wissadula,3,no flower colour mentioned,UNKNOWN
3. Malvasl rum,3,no flower colour mentioned,UNKNOWN
5. Sida,3,no flower colour mentioned,UNKNOWN
7. Decaschislia,3,no flower colour mentioned,UNKNOWN
13. Kydia,3,no flower colour mentioned,UNKNOWN
12. Julostylis,3,no flower colour mentioned,UNKNOWN
14. Nayariophyton,3,no flower colour mentioned,UNKNOWN
11. Hibiscus,3,no flower colour mentioned,UNKNOWN
16. Thespesia,3,no flower colour mentioned,UNKNOWN
15. Senra,3,no flower colour mentioned,UNKNOWN
19. Malva,3,no flower colour mentioned,UNKNOWN
18. Lavatera,3,no flower colour mentioned,UNKNOWN
17. Althaea,3,no flower colour mentioned,UNKNOWN
20. Malachra,3,no flower colour mentioned,UNKNOWN
22. Urena,3,no flower colour mentioned,UNKNOWN
21. Pavonia,3,no flower colour mentioned,UNKNOWN
1. Abutilon  Mill.,3,"corolla usually yellow, orange, white or pink, rarely with a dark purple centre",WHITE
8. A. persicum,3,flowers yellow,YELLOW
11. A. striatum,3,no flower colour mentioned,UNKNOWN
9. A. ramosum,3,no flower colour mentioned,UNKNOWN
2. A.  fruticosum,3,no flower colour mentioned,UNKNOWN
5. A.  neilgherrense,3,no flower colour mentioned,UNKNOWN
12. A  theophrasti,3,no flower colour mentioned,UNKNOWN
6. A. pakistanicum,3,corolla orange yellow with a purple centre,YELLOW
3. A. hirtum,3,corolla yellow with deep brown center,YELLOW
7. A. pannosum,3,no flower colour mentioned,UNKNOWN
1. A.bidentatum,3,no flower colour mentioned,UNKNOWN
4. A. indicum,3,no flower colour mentioned,UNKNOWN
"1. Abutilon bidentatum Hochst.  ex A. Rich., Tent. Fl. Abyss. 68.1847; Masters  in",3,flowers yellow,YELLOW
"2. Abutilon fruticosum  Guillemin  & Perrottet  in Guillemin et al,  Fl. Seneg. Tent.",3,flowers yellow,YELLOW
"3. Abutilon hirtum  (Lam.) Sweet, Hort.  Brit. ed. 1,53.1826; Wight  & Arm, Prodr.",3,corolla orange-yellow with a purple centre,YELLOW
"4. Abutilon indicum (L.) Sweet, Hort. Brit. ed. 1,54.1826; Masters in Fl. Brit. India",3,flowers yellow to orange,YELLOW
"5. Abutilon neilgherrense Munro ex Wight, 111. Ind. Bot.  1: 66.1840; Masters in Fl.",3,no flower colour mentioned,UNKNOWN
"6. Abutilon  pakistanicum  Jafri  &  Ali  in  Jafri,  Fl.  Karachi  220.  1966.  Abutilon",3,no flower colour mentioned,UNKNOWN
"1830. Undershrubs, 20 -100 cm high; stems and branches grey tomentose with  appressed",3,flowers pale yellow,YELLOW
"7. Abutilon  pannosum  (G.Forst.)  Schlect., Bot. Zeit. 9: 828.1851.  Sidapannosa",3,flowers yellow with deep brown centre,YELLOW
8. Abutilon persicum (Burm. f.) Merr. in Philipp. J. Sci. 19: 364.1921.  Sidapersica,3,flowers yellow,YELLOW
"9. Abutilon  ramosum  (Cav.)  Guillemin  & Perrottet  in Guillemin et ah, Fl. Seneg.",3,flowers yellow,YELLOW
"10. Abutilon ranadei Woodrow & Stapf in Bull. Misc. Inform. 1894:99.1894; Cooke,",3,flowers orange-yellow,YELLOW
"11. Abutilon striatum Dickson ex Lindley, Bot. Reg. Misc. Nat. 39.1839; T.K. Paul",3,flowers orange or pink with purple veins,PINK
"12. Abutilon theophrasti Medikus, Malv. 28.1787. Sida abutilon L., Sp. PI. 685.1753.",3,flowers yellow,YELLOW
2. Herissantia  Medikus,3,flowers white or pale yellow,WHITE
"3. Malvastrum A. Gray, nom. cons.",3,flowers yellow,YELLOW
1. M.  americanum,3,no flower colour mentioned,UNKNOWN
1. Malvastrum  americanum  (L.) Torr. Rep. U.S. Mex. Bound.  Surv. 2: 38. 1859;,3,flowers yellow,YELLOW
2. Malvastrum coromandelianum  (L.)  Garcke in Bonplandia  5: 295.1857.  Malva,3,flowers yellow,YELLOW
4. Modiola  Moench,3,flowers red,RED
5. Sida L.,3,flowers yellow or yellowish white,WHITE
5. S. elongala  var. balica,3,no flower colour mentioned,UNKNOWN
3. S. cordata,3,no flower colour mentioned,UNKNOWN
6. S.javensis  subsp. expilosa,3,no flower colour mentioned,UNKNOWN
10. S.  schimperiana,3,no flower colour mentioned,UNKNOWN
11. S.  spinosa,3,no flower colour mentioned,UNKNOWN
1. S. acuta,3,no flower colour mentioned,UNKNOWN
9. S.  rhombifolia,3,no flower colour mentioned,UNKNOWN
12. S. tiagii,3,no flower colour mentioned,UNKNOWN
"1. Sida  acuta  Burm. f.,  Fl. Ind.  147. 1768; Roxb., Fl. Ind. 3: 171. 1832; emend.  K.",3,flowers light yellow,YELLOW
"2. Sida alba L., Sp. PI. ed. 2. 966. 1763.  S. alnifolia  L. var. obovata  Hu,  Fl. China,",3,flowers yellow,YELLOW
3. Sida cordata  (Burm. f.) Borss. in Blumea  14:182.1966. Melochia  cordata Burm.,3,flowers yellow,YELLOW
"4. Sida cordifolia L., Sp. PI. 684.1753; Masters in Fl. Brit. India  1: 324.1874.",3,flowers yellow or whitish yellow,WHITE
5. Sida elongata Blume var. balica (Miq.) Borss. in Blumea  14: 182.1966; Mathew,3,flowers yellow,YELLOW
6. Sida javensis  Cav. subsp. expilosa  Borss. in Blumea  14: 185. 1966; Mathew  &,3,no flower colour mentioned,UNKNOWN
"1874. S.  urticifolia  Wight  &  Arn.  Prodr.  59. 1834, non  St. Hill.  1828. S.  wightiana  D.",3,flowers yellow,YELLOW
"8. Sida  ovata  Forsskal,  Fl. Aegypt.-Arab.  124.  1775.  S.  grewioides  Guillemin  &",3,no flower colour mentioned,UNKNOWN
"1874. Undershrubs,  ca 30 cm high; stems, petioles  and  pedicels  pubescent  with  stellate",3,flowers yellow or yellowish white,WHITE
"1874. Annual  or perennial  herbs  or undershrubs.  Stems, petioles  and  pedicels  covered",3,flowers yellow to pale orange,YELLOW
1763. S. rhombifolia  var. retusa (L.) Masters in Fl. Brit. India  1: 324.1874.,3,no flower colour mentioned,UNKNOWN
10. Sida schimperiana Hochst. ex A. Rich. Fl. Abyss. 1:66.1847; Masters in Fl. Brit.,3,flowers yellow,YELLOW
"11. Sida spinosa L., Sp. PI. 683.1753; Masters in Fl. Brit. India  1: 323.1874.",3,flowers yellow or yellowish white,WHITE
12. Sida tiagii Bhandari in Ann. Arid Zone  16:455.1977.  S. pakistanica  S.  Abedin,3,flowers pale yellow,YELLOW
7. Decaschistia Wight & Arn.,3,no flower colour mentioned,UNKNOWN
4. D. trilobata,3,no flower colour mentioned,UNKNOWN
1. D. crotonifolia,3,no flower colour mentioned,UNKNOWN
3. D. rufa,3,no flower colour mentioned,UNKNOWN
"1. Decaschistia crotonifolia Wight & Arn., Prodr. 52.1834; Masters in Fl. Brit. India",3,corolla with dark maroon centre,OTHER
2. Decaschistia  cuddapahensis  T. K. Paul  &  Nayar  in  Geobios  New Rep. 2: 156.,3,flowers yellow with purple centre,YELLOW
"3. Decaschistia  rufa Craib in Bull. Misc. Inform.  1912: 35.1912; Gamble, Fl.  Pres.",3,no flower colour mentioned,UNKNOWN
"4. Decaschistia  trilobata Wight, Icon. PI. Ind. Orient.  1: t. 88.1840; Masters  in Fl.",3,flowers yellow with purple centre,YELLOW
8. Abelmoschus  Medikus,3,"corolla large, mostly yellow with a dark purple centre, sometimes creamy white or pink",WHITE
2. A. crinitus,3,no flower colour mentioned,UNKNOWN
5. A. moschatus,3,no flower colour mentioned,UNKNOWN
3. A.  ficulneus,3,no flower colour mentioned,UNKNOWN
4. A.  manihot,3,no flower colour mentioned,UNKNOWN
"1. Abelmoschus  angulosus  Wallich  ex  Wight  &  Arn.,  Prodr.  53.  1834.  Hibiscus",3,"flowers yellow with deep purple centre, rarely white",WHITE
"2. Abelmoschus  crinitus  Wallich,  PI. Asiat.  Rar.  1: 39, t.  44,  1830. Bamia  crinita",3,corolla yellow with purple centre,YELLOW
"3. Abelmoschus  ficulneus  (L.) Wight  & Arn. ex Wight, Cat. No.14.1833; Wight &",3,corolla white becoming pink with deep purple centre,WHITE
"4. Abelmoschus  manihot  (L.) Medikus, Malv. 46.1787, ampl. Hochr. in Candollea",3,flowers white or yellow with a purple centre,WHITE
1874. Fl. Aug. - Dec.,3,no flower colour mentioned,UNKNOWN
"5. Abelmoschus moschatus Medikus, Malv. 46.1787; ampl. Hochr. in Candollea 2:",3,no flower colour mentioned,UNKNOWN
1874. Asm.: Gorukhia-korai; Beng.: Muskdana;  Kan.: Kadukasthuri;  Mai.: Kattukasthuri;,3,flowers yellow with dark purple centre,YELLOW
6. Abelmoschus tuberculatus Pal & Singh in Bot. Gaz. 113. 458.1952.,3,corolla yellow or white with deep purple centre,WHITE
9. Fioria  Mattei,3,flowers yellow with dark purple centre,YELLOW
10. Gossypium  L.,3,flowers yellow with purple base,YELLOW
"11. Hibiscus L. ,nom. cons.",3,no flower colour mentioned,UNKNOWN
2. H. macrophyll us,3,no flower colour mentioned,UNKNOWN
3. H.  scandens,3,no flower colour mentioned,UNKNOWN
11. H.  suraltensis,3,no flower colour mentioned,UNKNOWN
6. H.  aculeatus,3,no flower colour mentioned,UNKNOWN
10. H.  radialus,3,no flower colour mentioned,UNKNOWN
2. II. beddomei,3,no flower colour mentioned,UNKNOWN
9. H.  hoshiarpurensis,3,no flower colour mentioned,UNKNOWN
8. H.  cannabinus,3,no flower colour mentioned,UNKNOWN
13. H.  micranthus,3,no flower colour mentioned,UNKNOWN
14. H.  talbolii,3,no flower colour mentioned,UNKNOWN
15. H. caesius,3,no flower colour mentioned,UNKNOWN
17. H.  obtusilobus,3,no flower colour mentioned,UNKNOWN
16. H.  lunariifolius,3,no flower colour mentioned,UNKNOWN
18. II. lobatus,3,no flower colour mentioned,UNKNOWN
19. H.  platanifolius,3,no flower colour mentioned,UNKNOWN
20. II.  palmatus,3,no flower colour mentioned,UNKNOWN
21. II.  panduraeformis,3,no flower colour mentioned,UNKNOWN
22. H.  purpureus,3,no flower colour mentioned,UNKNOWN
23. II.  trionum,3,no flower colour mentioned,UNKNOWN
"1. Hibiscus fragrans Roxb., [Hort. Beng. 97.1814, nom. mid.] Fl. Ind. 3:195.1832;",3,flowers white to pinkish with pale yellow centre,WHITE
"2. Hibiscus  macrophyllus  Roxb.  [Hort.  Beng.  51. 1814.  nom.  nud.]  ex  Hornem.,",3,flowers yellow with dark purple centre,YELLOW
"3. Hibiscus scandens Roxb., [Hort. Beng. 51.1814 nom. nud.] Fl. Ind. 3: 200.1832;",3,flowers white or yellow with crimson centre,WHITE
"4. Hibiscus similis Blume, Bijdr. 2: 73,105.1825.  H.prainii  Raizada  &  Chatterjee",3,no flower colour mentioned,UNKNOWN
"5. Hibiscus tiliaceus L., Sp. PI. 694.1753; Masters in Fl.  Brit. India  1: 343.1874.",3,"flowers yellow with dark purple and fleshy base, ultimately turning red",YELLOW
"6. Hibiscus aculeatus Roxb., Fl. Ind. 3: 206. 1832. H. furcatus  Roxb.  [Hort.  Beng.",3,flowers yellow with purple centre,YELLOW
7. Hibiscus beddomei Rakshit & Kundu  in Sci. & Cult. 27:192.1961.,3,petals pale purple,PURPLE/BLUE
"8. Hibiscus  cannabinus  L., Syst. Nat. ed.  10, 2: 1149; Masters  in Fl. Brit. India  1:",3,flowers yellow with crimson centre,YELLOW
9. Hibiscus  hoshiarpurensis  T. K. Paul  & Nayar  in Bull. Bot. Surv. India  25: 188.,3,flowers bright yellow,YELLOW
"10. Hibiscus radiatus Cav., Diss. 3:150, t. 54 f. 2.1787; Masters in Fl. Brit. India  1:",3,flowers yellow with dark purple centre,YELLOW
"11. Hibiscus  surattensis  L.,  Sp. PI.  1753; Masters  in  Fl. Brit. India  1: 334. 1874.",3,flowers yellow with deep purple centre,YELLOW
"12. Hibiscus hirtus L., Sp. PI. 694.1753; Masters in Fl. Brit. India  1: 335.1874. if.",3,flowers pink or white,WHITE
"1874. Undershrubs,  up to 2.6 m high; branches slender,  terete, scarbid  or with  scattered",3,flowers purplish-white or pink,WHITE
1982. H. hirtus L. var. talbotii Rakshit in Sci. & Cult. 27:193.1961.,3,no flower colour mentioned,UNKNOWN
"15. Hibiscus caesius Garcke, Bot. Zeit. 7:850.1849. H. gibsoni Stocks ex Harvey &",3,corolla yellow with purple centre,YELLOW
"16. Hibiscus lunariifolius  Willd., Sp. PI. 3: 811. 1800;  Masters in Fl. Brit. India 1:",3,flowers yellow with dark purple centre,YELLOW
"17. Hibiscus obtusilobus Garcke, Bot. Zeit. 7:837.1849. H.punctatus  Dalz. in Dalz.",3,flowers white or pale pink,WHITE
"18. Hibiscus  lobatus  (Murray)  O.  Kuntze, Rev.  Gen. PI. 3, 2:  19. 1898;  Solandra",3,flowers white or yellow,WHITE
"19. Hibiscus platanifolius  (Willd.) Sweet, Hort. Brit. 2: 51.1827.  Pavonia  platani-",3,"corolla pink with deep purple centre, occasionally yellow",YELLOW
"20. Hibiscus  palmatus  Forsskal,  Fl.  Aegypt.-Arab.  126.  1775. H.  intermedins  A.",3,flowers yellow with purple centre,YELLOW
"21. Hibiscus  panduraeformis  Burm. f.,  Fl. Ind. 151, t. 47. f. 2.1768; Masters in Fl.",3,corolla yellow with dark purple centre,YELLOW
"22. Hibiscus purpureus Forsskal, Fl. Aegypt.- Arab. 126.1775. H. calyphyllus Cav.,",3,flowers yellow with purple centre,YELLOW
"23. Hibiscus trionum L., Sp. PI. 697.1753; Masters in Fl. Brit. India  1: 334.1874.",3,flowers yellow with dark purple centre,YELLOW
12. Julostylis  Thwaites,3,no flower colour mentioned,UNKNOWN
1. J.  angustifolia,3,no flower colour mentioned,UNKNOWN
"1. Julostylis angustifolia  (Arn.)  Thwaites, Enum. PI. Zeyl. 30.1858; Masters in Fl.",3,no flower colour mentioned,UNKNOWN
2. Julostylis  polyandra  Ravi  & Anil Kumar  in J.  Bombay Nat.  Hist. Soc. 87: 260.,3,no flower colour mentioned,UNKNOWN
13. Kydia Roxb.,3,no flower colour mentioned,UNKNOWN
1. K. calycina,3,no flower colour mentioned,UNKNOWN
"1. Kydia calycina Roxb., [Hort. Beng. 50.1814, nom. nud.] PI. Corom. 3:  11, t. 215.",3,flowers white or pink,WHITE
2. Kydia glabrescens Masters in Fl. Brit. India  1: 348.1874.,3,flowers white,WHITE
14. Nayariophyton T.K. Paul,3,"flowers deep purple, violet or rarely yellow",YELLOW
"5. Staminal column 5-toothed  at apex, antheriferous just below the apex.  Ovary 5-locu-",3,flowers violet or rarely yellow,YELLOW
"16. Thespesia  Sol. ex Correa, nom. cons.",3,flowers yellow with dark purple centre,YELLOW
2. T.  lampas,3,no flower colour mentioned,UNKNOWN
1. T.  danis,3,no flower colour mentioned,UNKNOWN
3. T.  populnea,3,no flower colour mentioned,UNKNOWN
"1. Thespesia  danis Oliver in Hook., Icon. PI. 1.1336.1881; T.K. Paul & Nayar in J.",3,no flower colour mentioned,UNKNOWN
2. Thespesia  lampas  (Cav.) Dalz. & Gibs. Bombay Fl. 19.1861; Masters in Fl. Brit.,3,flowers yellow with dark purple centre,YELLOW
"3. Thespesia populnea (L.) Sol. ex Correa in Ann. Mus. Herb.  Paris 9: 290, t. 8 f. 1.",3,"flowers light yellow with dark purple centre, ultimately reddish",YELLOW
"4. Thespesia  populneoides  (Roxb.)  Kostel.,  Allg. Med.  Pharm.  Fl. 5:  1861. 1836;",3,flowers light yellow with dark purple centre,YELLOW
17. Althaea L.,3,flowers white,WHITE
1. A. ludwigii,3,flowers pinkish,PINK
"1. Althaea  ludwigii L., Mant. PI. 98.1767; Masters in Fl. Brit. India  1: 319.1874.",3,flowers whitish,WHITE
"2. Althaea  officinalis  L., Sp. PI. 686.1753; Masters in Fl. Brit. India  1: 319.1874.",3,petals pinkish,PINK
18. Lavatera  L.,3,corolla bright pink with dark coloured veins,PINK
19. Malva  L.,3,"mostly red, pink, violet, purple or white",WHITE
1. M.  ambigua,3,no flower colour mentioned,UNKNOWN
2. M.  mauritiana,3,no flower colour mentioned,UNKNOWN
5. M.  parviflora,3,no flower colour mentioned,UNKNOWN
7. M. verticillala,3,no flower colour mentioned,UNKNOWN
"1. Malva ambigua Guss., Fl. Orient. Prodr. 2:331.1828. M. sylvestris L. var. eriocarpa",3,flowers dark pink,PINK
"2. Malva mauritiana L., Sp. PI. 689.1753. M. sylvestris L. var. mauritiana  (L.) Boiss.,",3,flowers dark pink to purple,PINK
3. Malva mohileviensis  Downar  in Bull. Soc. Imp. Nat. Mosc.  1: 177. 1861; T.  K.,3,flowers pinkish,PINK
"4. Malva neglecta Wallr., Syll. Pi. Nov. Ratisbon 1:140.1824. M. rotundifolia  L., Sp.",3,flowers pale lilac to whitish,WHITE
"5. Malva parviflora L. in Hoejer, Demostr. PI. Hort. Ups. 18.1753 & Amoen. Acad.",3,corolla bluish-white,WHITE
"6. Malva sylvestris L., Sp. PI. 689.1753; Masters in Fl. Brit. India  1:320.1874.",3,flowers dark purple or violet,PURPLE/BLUE
"7. Malva verticillata L., Sp. PI. 689.1753; Masters in Fl. Brit. India  1: 320.1874. M.",3,flowers purplish,PURPLE/BLUE
20. Malachra L.,3,flowers bright yellow,YELLOW
"21. Pavonia Cav., nom. cons.",3,"corolla rotate, yellow, pink or pinkish-white",WHITE
6. P.  repanda,3,no flower colour mentioned,UNKNOWN
5. P.  procumbens,3,no flower colour mentioned,UNKNOWN
2. P.  glechomifolia,3,no flower colour mentioned,UNKNOWN
3. P. grewioides,3,no flower colour mentioned,UNKNOWN
7. P.  zeylanica,3,no flower colour mentioned,UNKNOWN
1. P. arabica,3,no flower colour mentioned,UNKNOWN
"1. Pavonia arabica Hochst. & Steudel ex Boiss., Fl. Orient.  1: 837.1867; Masters in",3,petals pink,PINK
"2. Pavonia glechomifolia  (A. Rich.) Garcke ex Schewin. f.,  Beitr. Fl. Aethiop.  1:54.",3,flowers yellow with dark purple centre,YELLOW
"3. Pavonia  grewioides  Hochst.  ex Boiss., Fl. Orient.  1: 837.  1867.  P. ceratocarpa",3,"flowers yellow, turning red",YELLOW
"4. Pavonia odorata Willd., Sp. PL 3:837.1800; Masters in Fl. Brit. India 1:331.1874.",3,no flower colour mentioned,UNKNOWN
"1934. Erect,  odorous herbs, up to 40 cm high; stems, petioles and  pedicels covered with",3,flowers pink,PINK
"5. Pavonia  procumbens  (Wallich  ex Wight  & Arn.) Walp., Rep. Bot. Syst.  1:  301.",3,flowers yellow,YELLOW
"6. Pavonia repanda (Roxb. ex Smith) Sprengel, Syst. Veg. 3:98.1826.  Urenarepanda",3,petals pink with darker centre,PINK
"7. Pavonia zeylanica  (L.) Cav., Diss. 3:134, t. 48 f. 2.1787; Masters in Fl. Brit. India",3,flowers pale pink or pinkish-white,WHITE
22. Urena L.,3,corolla pink with a purple centre,PINK
1824. Fl&Fr.  Aug.-Dec.,3,no flower colour mentioned,UNKNOWN
1753. KEY  TO  THE  VARIETIES,3,no flower colour mentioned,UNKNOWN
6. Wissadula  Medikus,3,"flowers pale yellow with dark yellow lines, rarely white",WHITE
"1. Abelmoschus  esculentus  (L.) Moench,  Meth. PL 617.1794. Hibiscus  esculentus",3,petals yellow or whitish-yellow with dark purple centre,WHITE
"2. Abutilon grandifolium  (Willd.) Sweet, Hort. Brit. ed.  1,53.1826.Sidagrandifolia",3,flowers yellow,YELLOW
3. Abutilon megapotamicum  (A. Sprengel) St. Hill. & Naud. in Ann. Sci. Nat. Bot.,3,no flower colour mentioned,UNKNOWN
"4. Alcea rosea L., Sp. PI. 687.1753.  Althaea  rosea (L.)  Cav. Diss. 2: 91., t. 28. f.  1.",3,usually red,RED
"5. Anoda hastata Cav., Diss. 1:38,1.11, f. 2.1785; Masters in Fl. Brit. India  1: 321.",3,corolla violet or yellow,YELLOW
"6. Gossypium arboreum L., Sp. PI. 693.1753; Masters in Fl. Brit. India  1:347.1874.",3,"flowers pale yellow, with or without purple centre or occasionally completely red or purple",YELLOW
1863. G. arboreum L. var. cemuum  (Todaro) J.B. Hutchinson & Ghose in Ind. J. Agric.,3,no flower colour mentioned,UNKNOWN
"7. Gossypium barbadense L., Sp. PI. 693.1753; Masters in Fl. Brit. India 1:347.1874.",3,flowers pale yellow with purple centre,YELLOW
"8. Gossypium herbaceum L., Sp. PI. 693.1753; Masters in Fl. Brit. India  1:346.1874.",3,flowers yellow with purple centre,YELLOW
"9. Gossypium  hirsutum  L., Sp. PI. ed. 2. 975.1753.  G. herbaceum  L. var. hirsuUun",3,"corolla yellow to yellowish-white, rarely with purple centre",WHITE
"10. Hibiscus mutabilis L., Sp. PI. 694.1753; Masters in Fl. Brit, India  1: 344.1874.",3,petals white or yellowish white,WHITE
"11. Hibiscus rosa-sinensis L., Sp. PI. 694; Masters in Fl. Brit. India  1: 334.1874.",3,flowers blood red,RED
"12. Hibiscus sabdarifla  L., Sp. PI. 695.1753; Masters in Fl. Brit. India  1:340.1874.",3,corolla yellow with a purple centre,YELLOW
13. Hibiscus  schizopetalus  (Masters)  Hook.  f.  in  Curtis. Bot.  Mag. 3: 36. t. 6524.,3,flowers scarlet or reddish white,WHITE
"14. Hibiscus syriacus L., Sp. PI. 695.1753; Masters in Fl. Brit. India  1: 344.1874.",3,"flowers vary from blue purple to violet, red, buff and white",WHITE
"15. Malvaviscus arboreus  Cav., Diss.  3:131, t. 48. f.  1.1787.  Hibiscus  malvaviscus",3,no flower colour mentioned,UNKNOWN
"16. Plagianthus  pulchellus  A.  Gray,  Bot. U.S. Expl. Exped.  1: 118. 1854;  Chand-",3,no flower colour mentioned,UNKNOWN
"17. Wissadula  ctmtracta  (Link)  R.E. Fries, K. Svensk. Vent. Ak. Hansl.  n.s. 43, 4:",3,no flower colour mentioned,UNKNOWN
"1874. Erect  undershrubs.  Leaves orbicular  to broadly ovate or oblong, cordate  at base,",3,flowers white,WHITE
3. Cullenia,3,no flower colour mentioned,UNKNOWN
1. Bombax,3,no flower colour mentioned,UNKNOWN
2. Ceiba,3,no flower colour mentioned,UNKNOWN
"1. Bombax L., nom. cons.",3,no flower colour mentioned,UNKNOWN
365. KEY TO  THE  SPECIES,3,no flower colour mentioned,UNKNOWN
3. B.scopulorum,3,no flower colour mentioned,UNKNOWN
1. B. ceiba,3,no flower colour mentioned,UNKNOWN
"1. Bombax ceiba L., Sp. pi. 511.1753 p.p.; Robyns in Taxon 10: 160.1961 & in Bull.",3,flowers bright red or white,WHITE
"2. Bombax insigne Wallich, PI. Asiat. Rar. 1: 71, t.79, 80.1830; Masters in Fl. Brit.",3,flowers scarlet,OTHER
"3. Bombax scopulorum Dunn in Bull. Misc. Inform. 1916:65.1916; Gamble, Fl. Pres.",3,flowers pink,PINK
"2. Ceiba Mill, emend  Gaertn.",3,flowers white,WHITE
3. Cullenia  Wight,3,flowers brownish white or olive green,WHITE
"1. Adansonia digitata L., Sp. PI. 1190.1753; Masters in., Fl.  Brit. India 1: 348.1874.",3,flowers white,WHITE
"2. Durio zibenthinus  Murray, Syst. Nat. Veg. ed. 13: 581.1774; Masters in Fl. Brit.",3,flowers creamy,OTHER
7. Heriliera,3,no flower colour mentioned,UNKNOWN
14. Pterocymbium,3,no flower colour mentioned,UNKNOWN
8. Hildegardia,3,no flower colour mentioned,UNKNOWN
17. Reevesia,3,no flower colour mentioned,UNKNOWN
15. Pterospermum,3,no flower colour mentioned,UNKNOWN
6. Helicteres,3,no flower colour mentioned,UNKNOWN
2. Byttneria,3,no flower colour mentioned,UNKNOWN
13. Pentapetes,3,no flower colour mentioned,UNKNOWN
11. Melhania,3,no flower colour mentioned,UNKNOWN
1. Abroma Jacq.,3,no flower colour mentioned,UNKNOWN
"2. Byttneria Loefl., nom. cons.",3,no flower colour mentioned,UNKNOWN
1. Byttneria andamanensis Kurz in J. Asiat. Soc. Beng. 40:47.1871; Masters in Fl.,3,no flower colour mentioned,UNKNOWN
"2. Byttneria grandifolia  D C ,  Prodr.  1: 486. Jan.  1824. Buettneria aspera Colebr. ex",3,no flower colour mentioned,UNKNOWN
"1874. Large, woody  climbers  or  trees; bark  dark  brown,  longitudinally  or  spirally  close",3,no flower colour mentioned,UNKNOWN
"3. Byttneria herbacea Roxb., PI. Corom. 1: t. 29,1795; Masters in Fl. Brit. India 1:",3,petals maroon coloured,RED
"4. Byttneria pilosa Roxb., Fl. India  1: 618,  381.1824; Masters  uiFL  Brit. India  1:",3,flowers yellow,YELLOW
3. Eriolaena  DC.,3,no flower colour mentioned,UNKNOWN
"1. Eriolaena candollei Wallich, PI. Asiat. Rar.  1: 51, t. 64.1830; Masters in Fl. Brit.",3,flowers yellow,YELLOW
"2. Eriolaena hookeriana Wight  & Arn., Prodr. 70.1834; Masters in Fl. Brit.  India",3,no flower colour mentioned,UNKNOWN
"3. Eriolaena lushingtonii Dunn in Bull. Misc. Inform.  1915: 88.1915 & in Gamble,",3,no flower colour mentioned,UNKNOWN
"4. Eriolaena  quinqueloeularis  (Wight  &  Arn.)  Cleghorn,  Gen.  Index  36.  1856.",3,flowers white,WHITE
"5. Eriolaena spectabilis Planch, ex Masters in Fl. Brit. India 1:371.1874.  Wallichia",3,flowers yellow,YELLOW
6. Eriolaena stocksii Hook. f. & Thomson ex Masters in Fl. Brit. India  1: 370.1874.,3,no flower colour mentioned,UNKNOWN
"7. Eriolaena wallichii D C , Mem. Mus. Paris  10:102, t. 5.1823; Masters in Fl. Brit.",3,no flower colour mentioned,UNKNOWN
4. Firmiana Marsili,3,no flower colour mentioned,UNKNOWN
"1. Firmiana  colorata  (Roxb.)  R.  Br.  in  Benn.  &  R.  Br.,  PI. Jav.  Rar.  235. 1844.",3,flowers bright red or orange,RED
"2. Firmiana  fulgens  (Wallich  ex  Masters)  Corner,  Wayside Trees Malaya  1: 610.",3,no flower colour mentioned,UNKNOWN
5. Guazuma Mill.,3,no flower colour mentioned,UNKNOWN
"1753. Guazuma  tomentosa  Kunth in H.B.K., Nov. Gen. Sp. 5: 320.1823; Masters in Fl.",3,flowers yellow,YELLOW
6. Helicteres L.,3,no flower colour mentioned,UNKNOWN
3. H.  isora,3,no flower colour mentioned,UNKNOWN
"1. Helicteres  elongata Wallich  [Cat. No.  1845. 1831, nom.  nud.] ex Masters  in  Fl.",3,no flower colour mentioned,UNKNOWN
"2. Helicteres hirsuta Lour., Fl. Cochinch. 2:648.1793. H. spicata Colebr. ex Masters",3,no flower colour mentioned,UNKNOWN
"3. Helicteres isora L., Sp. PI. 963.1753; Masters in Fl. Brit. India  1: 365.1874  incl.",3,petals crimson,OTHER
"4. Helicteres  obtusa Wallich  [Cat. No. 1184. 1813, nom. nud.]  ex Kurz in J.  Asiat.",3,no flower colour mentioned,UNKNOWN
5. Helicteres plebeja Kurz in J. Asiat. Soc. Beng. 39:67.1870. H. glabriuscula Wallich,3,no flower colour mentioned,UNKNOWN
7. Heritiera Aiton,3,no flower colour mentioned,UNKNOWN
2. H.  fomes,3,no flower colour mentioned,UNKNOWN
"1. Heritiera  dubia Wallich ex Kurz in J. Bot.  12: 65, t.  141:  f.,  4-6, 1874; Kanjlal  et",3,no flower colour mentioned,UNKNOWN
"2. Heritiera  fomes  Buch.-Ham.  in  Symes,  An  account  of  an  Embassy  to  the",3,no flower colour mentioned,UNKNOWN
"3. Heritiera littoralis Dryand. in Aiton, Hort. Kew. ed. 2, 3: 546. 1789; Masters in",3,no flower colour mentioned,UNKNOWN
4. Heritiera macrophylla Wallich exKurzin J. Asiat. Soc. Beng. 42:61.1873; Kanjilal,3,no flower colour mentioned,UNKNOWN
"1874. H. acuminata  Wallich ex Kurz in J. Bot. 12:65,1.141. f. 1.1-3.1874;  Kanjilal et  fl/.,",3,no flower colour mentioned,UNKNOWN
8. Hildegardia Schott & Endl.,3,calyx scarlet,OTHER
9. Kleinhovia L.,3,no flower colour mentioned,UNKNOWN
1874. Tall trees with straight trunks and spreading branches; bark smooth; branchlets and,3,no flower colour mentioned,UNKNOWN
10. Leptonychia Turcz.,3,no flower colour mentioned,UNKNOWN
"1832. Leptonyehia  heteroclita (Roxb.) Kurz in J. Asiat. Soc. Beng. 39: 67.1870, M.K.V.",3,no flower colour mentioned,UNKNOWN
"1874. L. acuminata  Masters in Fl. Brit. India 1:379.1874, non Burrett, 1926.  Paragrewia",3,no flower colour mentioned,UNKNOWN
11. Melhania  Forsskal,3,flowers yellow or rarely orange-yellow,YELLOW
5. M.  incana,3,no flower colour mentioned,UNKNOWN
2. M.  denhamii,3,no flower colour mentioned,UNKNOWN
1. M.  cannabina,3,no flower colour mentioned,UNKNOWN
7. M.  lomcntosa,3,flowers yellow,YELLOW
4. M.  hamilloniana,3,no flower colour mentioned,UNKNOWN
1. Melhania  cannabina  Wight  ex Masters  in Fl. Brit. India  1: 372. 1874. M.  balak-,3,no flower colour mentioned,UNKNOWN
"2. Melhania  denhamii R. Br. in Denh. & Clapp., Trav. App. 232. 1826; Masters in",3,flowers yellow,YELLOW
3. Melhania  futteyporensis  Munro  ex Masters in Fl. Brit. India  1: 373. 1874.  M.,3,flowers yellow,YELLOW
"4. Melhania hamiltoniana Wallich, PL Asiat. Rar.  1: 69, t. 77,1830; Masters  in Fl.",3,flowers yellow,YELLOW
"5. Melhania  incana Heyne  ex Wight  & Arn., Prodr.  68.1834; Masters  in Fl. Brit.",3,flowers yellow,YELLOW
6. Melhania magnifolia Blatt. & Hallb. in J. Bombay Nat. Hist. Soc.  26: 228.1918.,3,flowers orange-yellow,YELLOW
7. Melhania  tomentosa  Stocks  ex  Masters  in  Fl.  Brit.  India  1:  373.  1874.  M.,3,no flower colour mentioned,UNKNOWN
12. Melochia  L.,3,no flower colour mentioned,UNKNOWN
3. M.  umbellate,3,no flower colour mentioned,UNKNOWN
1. M.  corchorifolia,3,no flower colour mentioned,UNKNOWN
"1. Melochia corchorifolia L., Sp. PL 675.1753; Masters in Fl. Brit. India  1:374.1874.",3,flowers white or pink,WHITE
"2. Melochia nodiflora  Swartz, Nov. Gen. Sp. PI. Prodr. 97.1788; Sreekumar & N.C.",3,flowers white,WHITE
3. Melochia umbellata (Houtt.) Stapf in Bull. Misc. Inform. 1913:317.1913. Visenia,3,flowers pink,PINK
13. Pentapetes L.,3,no flower colour mentioned,UNKNOWN
14. Pterocymbium R. Br.,3,no flower colour mentioned,UNKNOWN
1876. Fl. & Fr. Feb.,3,no flower colour mentioned,UNKNOWN
15. Pterospermum  Schreb. nom. cons.,3,no flower colour mentioned,UNKNOWN
1. P. acerifolium,3,no flower colour mentioned,UNKNOWN
3. P.  diversifolium,3,no flower colour mentioned,UNKNOWN
2. P. aceroides,3,no flower colour mentioned,UNKNOWN
10. P.  suberifolium,3,no flower colour mentioned,UNKNOWN
9. P.  semisagittatum,3,no flower colour mentioned,UNKNOWN
5. P.  lancifolium,3,no flower colour mentioned,UNKNOWN
7. P. reticulatum,3,no flower colour mentioned,UNKNOWN
"1. Pterospermum  acerifolium  (L.)  Willd., Sp. PI. 3: 729. 1800; Masters in Fl. Brit.",3,flowers white,WHITE
2. Pterospermum aceroides Wallich ex Kurz in J. Asiat. Soc. Beng. 42: 62.1873; P.,3,flowers white,WHITE
"3. Pterospermum  diversifolium  Blume, Bijdr.  88. 1825; Masters  in Fl. Brit.  India",3,no flower colour mentioned,UNKNOWN
"4. Pterospermum javanicum Jungh. in Hoev. &  De Vriese, Tijdschr.  7: 306.1840.",3,no flower colour mentioned,UNKNOWN
"1921. Trees;  bark  dark  brown,  peeling  off  in  recurved  flakes,  younger  parts  brownish",3,flowers white,WHITE
"5. Pterospermum  lancifolium  Roxb., [Hort. Beng. 50. 1814, nom. mid.] Fl. Ind. 3:",3,flowers pale white,WHITE
6. Pterospermum  obtusifolium Wight ex Masters in Fl. Brit. India  1: 369.1874.,3,no flower colour mentioned,UNKNOWN
"7. Pterospermum  reticulatum Wight  & Arn., Prodr. 69.1834; Masters in  Fl. Brit.",3,flowers yellow,YELLOW
"8. Pterospermum  rubiginosum  Heyne  ex Wight  & Arn., Prodr. 68. 1834; Masters",3,flowers white,WHITE
"9. Pterospermum  semisagittatum  Buch.-Ham.  ex  Roxb.,  Fl.  Ind.  3:  160.  1832;",3,flowers white,WHITE
"10. Pterospermum  suberifolium  (L.)  Lam.,  Tabl.  Encycl.  3:  136,  t.  576.  1794;",3,flowers white,WHITE
11. Pterospermum xylocarpum (Gaertn.) Santapau & Wagh in Bull. Bot. Surv. India,3,flowers white,WHITE
16. Pterygota Schott  & Endl.,3,no flower colour mentioned,UNKNOWN
17. Reevesia Lindley,3,flowers white,WHITE
18. Sterculia L.,3,no flower colour mentioned,UNKNOWN
3. S.  foetida,3,no flower colour mentioned,UNKNOWN
14. S. versicolor,3,no flower colour mentioned,UNKNOWN
15. S. villosa,3,no flower colour mentioned,UNKNOWN
11. S.  roxburghii,3,no flower colour mentioned,UNKNOWN
9. S.  macrophylla,3,no flower colour mentioned,UNKNOWN
4. S. guttata,3,no flower colour mentioned,UNKNOWN
1. S. balanghas var.  glabrescens,3,no flower colour mentioned,UNKNOWN
1. Sterculia balanghas L. var. glabrescens  Masters in Fl. Brit. India  1: 358.1874.,3,flowers yellow or greenish-purple,YELLOW
"2. Sterculia cordata Blume, Bijdr. 83. 1825. S. pubescens  Masters in Fl. Brit. India",3,no flower colour mentioned,UNKNOWN
"3. Sterculia foetida L., Sp. PI. 1008.1753; Masters in Fl. Brit. India  1: 354.1874.",3,no flower colour mentioned,UNKNOWN
"4. Sterculia  guttata  Roxb. [Hort. Beng. 50. 1814, nom. nud.] Fl. Ind. 3: 148. 1832;",3,no flower colour mentioned,UNKNOWN
5. Sterculia  hamiltonii  (O. Kuntze) Adelb. in Blumea  5: 506. 1945 & in Backer  &,3,no flower colour mentioned,UNKNOWN
"1871. Sterculia coccinea Roxb., [Hort. Beng. 50.1814; nom. nud.] Fl. Ind. 3: 151.1832,",3,no flower colour mentioned,UNKNOWN
"6. Sterculia  hyposticta Miq., Fl. Ind. Bat. Suppl. 399.1861; M.K.V. Rao in J. Econ.",3,no flower colour mentioned,UNKNOWN
"7. Sterculia khasiana King ex Debbarman in Kanjilal et al., Fl. Assam  1:154.1934.",3,no flower colour mentioned,UNKNOWN
"8. Sterculia kingii Prain in J. Asiat. Soc. Beng. 73, n.s. 295:192.1904.",3,flowers yellow,YELLOW
"9. Sterculia  macrophylla  Vent., Hort. Malm. 2, t. 91. 1805, in ad  nota; Masters  in",3,no flower colour mentioned,UNKNOWN
"10. Sterculia  parviflora  Roxb.,  [Hort. Beng. 50. 1814, nom. nud.] Fl. Ind.  3: 147.",3,flowers yellowish brown,YELLOW
"11. Sterculia roxburghii Wallich, [Cat. No. 1124,1830, nom. nud.] PI. Asiat. Rar. 3:",3,no flower colour mentioned,UNKNOWN
"1832. Asm.:  Nag-phona,  Nagphena;  Garo:  Mimong-omak,  Misi-chik-udari.",3,no flower colour mentioned,UNKNOWN
"12. Sterculia  rubiginosa  Vent.,  Hort. Malm. 2, t. 91.  1805, in ad nota; Masters in",3,no flower colour mentioned,UNKNOWN
"13. Sterculia urens Roxb., PI. Corom. 1:25, t. 24.1795 & Fl. Ind. 3:145.1832; Masters",3,flowers yellow,YELLOW
"14. Sterculia versicolor Wallich, PI. Asiat. Rar. 1:48, t. 59.1830; Masters in Fl. Brit.",3,flowers orange yellow or pale yellow,YELLOW
"15. Sterculia villosa Roxb. [Hort. Beng. 50.1814, nom. nud.] ex Smith in Rees, Cycl.",3,flowers pinkish yellow,YELLOW
19. Waltheria L.,3,flowers yellow,YELLOW
"1. Cola acuminata  (P. Beauv.) Schott  & Endlicher,  Melet. Bot. 33:1832; Chitra in",3,no flower colour mentioned,UNKNOWN
"2. Dombeya acutangula  Cav., Diss. 3:123, t. 38, f. 2.1787; Chitra in Nair  & Henry,",3,flowers white or pink,WHITE
"3. Dombeya burgessiae  Gerr.  ex Harvey  in Harvey  & Sander,  Fl. Capensis  2: 590.",3,flowers white,WHITE
"4. Dombeya calantha K. Schum. in Engler, Monogr. Afrok. Pflanzenfam.  5:28.1900;",3,flowers pinkish-white,WHITE
"5. Dombeya mastersii Hook. f. in Bot. Mag. t. 5639.1867;  Chitra in Nair & Henry,",3,flowers white or pinkish-white,WHITE
"6. Dombeya mollis Hook., in Bot. Mag. t. 4578.1851; Chitra  in Nair & Henry, Fl.",3,no flower colour mentioned,UNKNOWN
"7. Dombeya platanifolia  Bojer  in Ann. Sci. Nat. Bot. ser. 2,18:190.1842; Chitra in",3,no flower colour mentioned,UNKNOWN
"8. Dombeya spectabilis Bojer  in Ann. Sci. Nat. Bot. ser, 2.18: 191.1842; Chitra in",3,no flower colour mentioned,UNKNOWN
"9. Dombeya wallichii (Lindley) K. Shumann in Engler  & Prantl, Pflanzenfam.  3, 4:",3,flowers scarlet to pink,PINK
"10. Theobroma cacao L., Sp. Pi. 752.1753; Bailey, Man Cult. PI. 668.1958.",3,no flower colour mentioned,UNKNOWN
6. Grewia,3,no flower colour mentioned,UNKNOWN
8. Triumfelta,3,no flower colour mentioned,UNKNOWN
3. Colona,3,no flower colour mentioned,UNKNOWN
1. Berrya,3,no flower colour mentioned,UNKNOWN
4. Corchorus,3,no flower colour mentioned,UNKNOWN
"1. Berrya Roxb. (""Berria""), orth. et nom. cons.",3,no flower colour mentioned,UNKNOWN
1926. Espera  cordifolia  Willd.  in  Ges. Naturf.  Freunde  Berlin  Neue  Schriften  3: 450.,3,flowers white or pink,WHITE
"2. Brownlowia Roxb., nom. cons.",3,no flower colour mentioned,UNKNOWN
"5. Stamens  numerous;  anthers  subglobose;  staminodes  5,  within  stamens  opposite",3,no flower colour mentioned,UNKNOWN
"1959. Glabraria tersa L., Mant. Alt. 276.1771. Brownlowia  lanceolata  Benth. in J. Linn.",3,no flower colour mentioned,UNKNOWN
3. Colona Cav.,3,no flower colour mentioned,UNKNOWN
"1. Colona flagrocarpa (C.B. Clarke  exBrandis)  Craib, Fl. Siam. Enum.  1(1): 189.",3,no flower colour mentioned,UNKNOWN
2. Colona floribunda (Kurz) Craib in Bull. Misc. Inform.  1925: 21.1925 & Fl. Siam.,3,flowers yellow with scarlet dots,YELLOW
4. Corchorus L.,3,flowers yellow,YELLOW
3. C.  depressus,3,no flower colour mentioned,UNKNOWN
2. C.  capsularis,3,no flower colour mentioned,UNKNOWN
5. C. olitorius,3,no flower colour mentioned,UNKNOWN
8. C.  urticifolius,3,no flower colour mentioned,UNKNOWN
4. C.  fascicularis,3,no flower colour mentioned,UNKNOWN
"1. Corchorus  aestuans L., Syst. Nat. ed. 10, 2:1079.1759. C. acutangulus  auct. non",3,no flower colour mentioned,UNKNOWN
1832. Beng.: Tilapat; Hindi:  Hade-ka-khet.,3,petals yellow,YELLOW
"2. Corchorus capsularis L., Sp. PI. 529.1753; Masters in Fl. Brit. India  1: 397.1874.",3,flowers yellow,YELLOW
3. Corchorus depressus (L.) Vicary in J. Asiat. Soc. Bengal 16:1160.1847. Anticho-,3,flowers yellow,YELLOW
"4. Corchorus  fascicularis  Lam., Encycl. 2: 104. 1786; Masters  in Fl. Brit. India  1:",3,no flower colour mentioned,UNKNOWN
"5. Corchorus olitorius L., Sp. PI. 529.1753; Masters in Fl. Brit. India  1: 397.1874.",3,flowers yellow,YELLOW
"6. Corchorus tridens L., Mant. Alt. 566.1771; Masters in Fl. Brit. India 1: 398.1874.",3,flowers yellow,YELLOW
"1874. C. serratifolius D C , Prodr. 1: 504.1824.",3,flowers yellow,YELLOW
"8. Corchorus urticifolius  Wight  & Arn., Prodr. 73.1834 'urticaefolius'; Masters in",3,flowers yellow,YELLOW
5. Erinocarpus  Nimmo ex Graham,3,flowers yellow,YELLOW
6. Grewia L.,3,no flower colour mentioned,UNKNOWN
14. G.  indandamanica,3,petals pink,PINK
28. G.  tenax,3,no flower colour mentioned,UNKNOWN
29. G.  liliifolia,3,no flower colour mentioned,UNKNOWN
31. G. villosa,3,no flower colour mentioned,UNKNOWN
1. G.  abutilifolia,3,no flower colour mentioned,UNKNOWN
19. G.  orbiculaU,3,no flower colour mentioned,UNKNOWN
8. G.  eriocarpa,3,no flower colour mentioned,UNKNOWN
6. G.  damine,3,no flower colour mentioned,UNKNOWN
22. G.  piscatorum,3,no flower colour mentioned,UNKNOWN
4. G.  bracteata,3,no flower colour mentioned,UNKNOWN
30. G.  umbellifera,3,no flower colour mentioned,UNKNOWN
23. G.  rhamnifolia,3,no flower colour mentioned,UNKNOWN
18. G. optiva,3,no flower colour mentioned,UNKNOWN
17. G.  opposilifolia,3,no flower colour mentioned,UNKNOWN
12. G.  heterotricha,3,no flower colour mentioned,UNKNOWN
"1. Grewia abutilifolia  Vent, ex A. L. Juss. in Ann. Mus. Natl. Hist. Nat. 4: 92.1804;",3,flowers white,WHITE
2. Grewia acuminata A.L.  Juss. in Ann. Mus. Natl. Hist. Nat. 4: 91. t. 48.1804.  G.,3,flowers white or yellow,WHITE
"3. Grewia  asiatica  L., Mant.  PI.  122. 1767; Masters  in Fl. Brit.  India  1: 386. 1874,",3,flowers yellow,YELLOW
"1874. G. obtusa Wallich  ex Dunn in Gamble, Fl. Pres. Madras  117.1915.  G. wightiana",3,flowers white or yellow,WHITE
5. Grewia  calophylla  Kurz  ex Masters  in  Fl. Brit.  India  1: 392. 1874.  Microcos,3,flowers pink,PINK
"6. Grewia damine Gaertn., Fruct. Sem. PI. 2:113.1.106, f. 9.1790; Dunn in Gamble,",3,flowers yellow,YELLOW
7. Grewia denticulate Wallich  ex Prain  in Ann.  Roy. Bot. Gard.  Calc. 9: 10. t. 12.,3,flowers white or pale yellow,WHITE
8. Grewia eriocarpa A.L. Juss. in Ann. Mus. Natl. Hist. Nat. 4:93.1804.  G. elastica,3,flowers yellow,YELLOW
9. Grewia  flavescens  A.L. Juss. in Ann. Mus. Natl. Hist. Nat. 4: 91.1804. G. pilosa,3,no flower colour mentioned,UNKNOWN
"1824. Hindi: Chaperandhavi; Kan.: Chikkagarakele, Karakele, Sannagarakele; Or.: Kulnoi;",3,flowers yellow,YELLOW
"10. Grewia gamblei J. R. Drumm.  ex Dunn  in Gamble, Fl. Pres. Madras  117.1915",3,no flower colour mentioned,UNKNOWN
"11. Grewia helicterifolia Wallich ex G. Don, Gen. Hist. 1:548.1831. G. hirsuta  Vahl",3,no flower colour mentioned,UNKNOWN
1921. G. polygama  auct. non  Roxb.  1832: Masters  in Fl. Brit. India  1: 391. 1874.  G.,3,flowers white,WHITE
12. Grewia heterotricha  Masters in Fl. Brit. India  1: 385.1874. G. ritchiei Masters,3,flowers white,WHITE
"1874. G. roxburghii G. Don,  Gen. Hist.  1: 548. 1831, excl. syn. G. tomentosa  auct.  non",3,flowers white,WHITE
"14. Grewia  indandamanica  J.L  Ellis & L.N. Ray in Candollea 46: 341, f.l. 1991.",3,no flower colour mentioned,UNKNOWN
"15. Grewia  lanceaefolia  Roxb.,  Fl. Ind.  2:  586.  1824; Dunn  in  Gamble,  Fl.  Pres",3,flowers white,WHITE
"16. Grewia nervosa  (Lour.) Panigr. in Taxon 34: 702.1985. Fallopia nervosa  Lour.,",3,flowers white or yellow,WHITE
"17. Grewia  oppositifolia  Buch.-Ham.  ex D. Don,  Prodr.  227. 1825; Masters  in Fl.",3,flowers white,WHITE
18. Grewia optiva J.R. Drumm. ex Burrett in Notizbl. Bot. Gart. Berlin-Dahlem 9:,3,flowers white or pale yellow,WHITE
19. Grewia  orbiculata  Rottler  in  Ges. Naturf. Freunde  Berlin  Neue  Schr. 4: 205.,3,flowers orange-yellow,YELLOW
"20. Grewia  orientalis  L., Sp. PI. 964. 1753; Masters  in F t  Brit. India  1: 384.1874,",3,flowers white,WHITE
"21. Grewia pandaica J.R. Drumm. ex Dunn in Gamble, Fl. Pres. Madras  116.1915",3,no flower colour mentioned,UNKNOWN
"22. Grewia piscatorum  Hance  in Ann.  Sci. Nat.  Bot. 5, 5: 208. 1866; Naray.  &  R.",3,no flower colour mentioned,UNKNOWN
"23. Grewia rhamnifolia Heyne ex Roth, Nov. PI. Sp. 244.1821; Dunn in Gamble, Fl.",3,no flower colour mentioned,UNKNOWN
"1915. G. excelsa auct. non Vahl 1790: Masters in Fl. Brit. India  1: 385.1874, excl. syns.",3,no flower colour mentioned,UNKNOWN
"25. Grewia sapida  Roxb. ex D C ,  Prodr.  1: 512. 1824; Masters  in Fl. Brit. India  1:",3,flowers yellow,YELLOW
"26. Grewia sclerophylla Roxb. ex G. Don, Gen. Hist. 1: 550.1831; Prain, Bengal PI.",3,no flower colour mentioned,UNKNOWN
1874. Beng.:  Phalsa; Lep.:  Taglar,3,flowers white,WHITE
"27. Grewia serrulata  D C , Prodr. 1: 510.1824; Naray. & R. Rao in J. Ind. Bot. Soc.",3,flowers greenish white,WHITE
28. Grewia tenax (Forsskal)  Fiori in Agric. Colon. 5: Suppl. 23. 1912; Naray. &  R.,3,no flower colour mentioned,UNKNOWN
1874. G. betulaefolia  A.L. Juss. in Ann. Mus. Natl. Hist. Nat. 4: 92. t. 2.1804; Dunn in,3,flowers white,WHITE
"29. Grewia tiliifolia  Vahl, Symb. Bot.  1: 35.1790; Masters in Fl. Brit. India  1: 386.",3,flowers yellow,YELLOW
"30. Grewia umbellifera Beddome, For. Man. Bot. 37.1871; Masters in Fl. Brit. India",3,flowers white,WHITE
"31. Grewia villosa Willd. in Ges. Naturf. Freunde Berlin Neue Schr. 4: 205.1803, in",3,flowers dull yellow,YELLOW
7. Trichospermum  Blume,3,no flower colour mentioned,UNKNOWN
1891. Colona javanica  auct. non  (Blume) Burrett  1926: Balakr. & M.K.V. Rao in Jain,3,no flower colour mentioned,UNKNOWN
8. Triumfetta  L.,3,no flower colour mentioned,UNKNOWN
6. T.  rhomboidea,3,no flower colour mentioned,UNKNOWN
2. T. obliqua,3,no flower colour mentioned,UNKNOWN
4. T.  pilosa,3,no flower colour mentioned,UNKNOWN
"1. Triumfetta  annua L., Mant. PI. 73.1767; Masters in Fl. Brit. India  1: 396. 1874.",3,no flower colour mentioned,UNKNOWN
"1824. T. schimperi Hochst. ex A. Rich., Tent. Fl. Abyss. 1: 83.1847.",3,flowers orange,OTHER
"2. Triumfetta obliqua Roth, Nov. PI. Sp. 224.1821.  T. cana Blume, Bijdr. 116.1825;",3,flowers orange or yellowish,YELLOW
"3. Triumfetta pentandra A. Rich, in Guillemin et ah, Fl. Seneg. Tent. 93.1.19.1831.",3,no flower colour mentioned,UNKNOWN
"1983. Herbs, annual, erect, much-branched, 20 - 60 cm high; stems stellate-hairy.  Leaves",3,flowers yellow,YELLOW
"1874. T. oblongata Link, Enum. Hort. Berol. Alt. 2: 5.1822.  T. guazumaefolia  Bojer  in",3,flowers yellow,YELLOW
5. Triumfetta repens  (Blume) Merr. & Rolfe  in Philipp. J. Sci. 3: 111. 1908; Dagar,3,flowers yellow,YELLOW
"6. Triumfetta rhomboidea Jacq., Enum. Syst. PI. 22.1760; Masters in Fl. Brit. India",3,flowers yellow,YELLOW
"7. Triumfetta  rotundifolia  Lam., Encycl. 3: 421.1792; Masters in Fl. Brit. India  1:",3,flowers yellow,YELLOW
8. Triumfetta tomentosa Bojer  in Rapp. Annuel Trav. Soc. Hist. Nat. He Maurice,3,flowers yellow,YELLOW
2. T.  platyphyllos,3,no flower colour mentioned,UNKNOWN
"1918. Trees,  up  to  30  mm  tall,  with  large,  spreading  crowns;  branchlets  glabrous  or",3,no flower colour mentioned,UNKNOWN
"2. Tilia platyphyllos Scop., Fl. Carniol. ed. 2,1:373.1772; R. Parker, For.  Fl.Punjab",3,no flower colour mentioned,UNKNOWN
"3. Tilia x vulgaris Hayne, Getreue Darstell. Gew. 3: t. 47.1813; R. Parker, For. Fl.",3,no flower colour mentioned,UNKNOWN
1. Elaeocarpus,3,no flower colour mentioned,UNKNOWN
1. Elaeocarpus  L.,3,no flower colour mentioned,UNKNOWN
2. E.  amoenus,3,no flower colour mentioned,UNKNOWN
19. E  recurvatus,3,no flower colour mentioned,UNKNOWN
18. E  prunifolius,3,no flower colour mentioned,UNKNOWN
27. E  varunua,3,no flower colour mentioned,UNKNOWN
28. E  venustus,3,no flower colour mentioned,UNKNOWN
20. E  rugosus,3,no flower colour mentioned,UNKNOWN
1. E  acuminatus,3,no flower colour mentioned,UNKNOWN
4. E  blascoi,3,no flower colour mentioned,UNKNOWN
16. E  munronii,3,no flower colour mentioned,UNKNOWN
10. E  grandifolius,3,no flower colour mentioned,UNKNOWN
3. E  aristatus,3,no flower colour mentioned,UNKNOWN
26. E  tuberculatum,3,no flower colour mentioned,UNKNOWN
29. E  wallichii,3,no flower colour mentioned,UNKNOWN
13. E  lancifolius,3,no flower colour mentioned,UNKNOWN
7. E,3,no flower colour mentioned,UNKNOWN
11. E  helferi,3,no flower colour mentioned,UNKNOWN
25. E.  tectorius,3,no flower colour mentioned,UNKNOWN
22. E.  sikkimensis,3,no flower colour mentioned,UNKNOWN
8. E.  gaussenii,3,no flower colour mentioned,UNKNOWN
21. E.  serratus,3,no flower colour mentioned,UNKNOWN
5. E.  braceanus,3,no flower colour mentioned,UNKNOWN
12. E.  hygrophyllus,3,no flower colour mentioned,UNKNOWN
14. E.  lucidus,3,no flower colour mentioned,UNKNOWN
9. E. glandulosus,3,no flower colour mentioned,UNKNOWN
25. E.  tectorius,3,no flower colour mentioned,UNKNOWN
1. Elaeocarpus  acuminatus  Wallich  ex  Masters  in  Fl.  Brit.  India  1:  406.  1874.,3,flowers white,WHITE
"2. Elaeocarpus  amoenus  Thwaites, Enum.  PI. Zeyl. 32.  1858; Masters  in Fl.  Brit.",3,flowers white,WHITE
"3. Elaeocarpus  aristatus  Roxb., [Hort.  Beng. 43: 1814, nom  nud.]  Fl. Ind. 2: 599.",3,flowers pale white,WHITE
4. Elaeocarpus  blascoi Weibel in Candollea  27:16.1972.,3,flowers white,WHITE
5. Elaeocarpus braceanus Watt ex C. B. Clarke in J. Linn. Soc. 25:8.1899; Kanjilal,3,flowers white,WHITE
6. Elaeocarpus  bracteatus Kurz in J. Asiat. Soc. Beng. 40: 48.1871; Masters in Fl.,3,flowers white,WHITE
"7. Elaeocarpus  floribundus  Blume, Bijdr.  120. 1825; Masters  in Fl. Brit.  India  1:",3,flowers white,WHITE
8. Elaeocarpus gaussenii Weibel in Candollea  27:17.1972.,3,flowers white,WHITE
9. Elaeocarpus  glandulosus  Wallich  ex  Merr.  in  J.  Arn.  Arb.  32:  194.  1951.  E.,3,flowers white,WHITE
10. Elaeocarpus grandifolius  Kurz in J. Asiat. Soc. Beng. 41: 294.1872.,3,flowers creamy white,WHITE
11. Elaeocarpus helferi Kurz ex Masters in Fl. Brit. India  1: 402.1874.,3,flowers white,WHITE
12. Elaeocarpus hygrophyllus Kurz in J. Asiat. Soc. Beng. 43:  133.1874; Kanjilal et,3,flowers white,WHITE
"13. Elaeocarpus lanceifolius Roxb., [Hort. Beng. 42.1814, nom. nud.] Fl. Ind. 2:598.",3,no flower colour mentioned,UNKNOWN
"1814. Kj.: Dieng-soh-khyllam;  Nep.: Bhadrase,-  Badrass.",3,flowers white,WHITE
"14. Elaeocarpus  lucidus  Roxb.,  [Hort. Beng. 42. 1814, nom.  nud.] Fl. Ind. 2: 600.",3,flowers white,WHITE
15. Elaeocarpus macrocerus (Turcz.) Merr. in J. Am. Arb. 32:183.1951. Monocera,3,flowers dull white,WHITE
16. Elaeocarpus  munroii  (Wight) Masters in Fl. Brit. India  1: 407.1874.  Monocera,3,flowers white,WHITE
"17. Elaeocarpus  petiolatus  (Jack) Wallich  ex Steudel, Nom. Bot.  ed.  1: 545.1840;",3,flowers white,WHITE
18. Elaeocarpus  prunifolius  (C. Mueller)  Masters  in Fl. Brit.  India  1: 407. 1874.,3,flowers white or pale yellow,WHITE
19. Elaeocarpus  recurvatus  Corner  in  Gard.  Bull.  Str.  Settl.  10: 319.  1939.  E.,3,flowers white,WHITE
"20. Elaeocarpus  rugosus Roxb. [Hort. Beng 42.1814, nom. nud.] ex G. Don, Gfen.",3,flowers pale white,WHITE
"21. Elaeocarpus  serratus L., Sp. PI. 515.1753, 'serrata'; Masters in Fl. Brit. India 1:",3,no flower colour mentioned,UNKNOWN
"1824. Ganitrus sphaericus Gaertn., Fruct. Sem. PI. 2:271.1791, p.p. Perin-kara Rheede,",3,flowers creamy white,WHITE
22. Eleaocarpus  sikkimensis Masters in Fl. Brit. India  1: 402.1874.,3,flowers white,WHITE
"23. Elaeocarpus sphaericus (Gaertn.) K.Schumann in Engler & Prantl, Nat. Pflan-",3,flowers white,WHITE
"24. Elaeocarpus  stapfianus  Gagnepain in Lecomte, Nat. Syst. 1:136.1910; Kanjilal",3,flowers white,WHITE
"25. Elaeocarpus  tectorius  (Lour.)  Poiret  in  Lam.,  Encycl.  Suppl.  2:  704.  1812.",3,flowers white,WHITE
"26. Elaeocarpus  tuberculatus  Roxb., [Hort. Beng. 93.1814,  nom nud. ] Fl. Ind. 2:",3,no flower colour mentioned,UNKNOWN
"27. Elaeocarpus  varunua  Buch.-Ham.  [in Wallich,  Cat.  No. 2666g, h.  1831, nom.",3,flowers white,WHITE
"28. Elaeocarpus venustus  Beddome, Fl. Sylv. t.  174.1872. E.  monocera  auct.  non",3,flowers white,WHITE
"29. Elaeocarpus wallichii  Kurz in J. Asiat. Soc. Beng. 43: 133.1874; Kanjilal et  al,",3,flowers white,WHITE
2. Sloanea  L.,3,flowers pale white,WHITE
"1. Sloanea  dasycarpa  (Benth.)  Hemsley  in  Hook.,  Icon.  PI.  27: 2,  t.  2628. 1901.",3,flowers yellowish-white,WHITE
"1890. Echinocarpus  sigun  Blume,  Bijdr.  56.  1825. E.  murex  Benth.  in J.  Linn.  Soc. 5.",3,flowers creamy-white,WHITE
"3. Sloanea sterculiacea (Benth.) Rehder & Wilson in Sarg., PI. Wilson. 2:362.1916,",3,flowers creamy white,WHITE
"4. Sloanea tomentosa  (Benth.) Rehder  & Wilson in Sarg., PI. Wilson. 2: 362.1916.",3,flowers white or pink,WHITE
1. Anisadenia,3,no flower colour mentioned,UNKNOWN
3. Indorouchera,3,no flower colour mentioned,UNKNOWN
4. Linum,3,no flower colour mentioned,UNKNOWN
5. Reinwardlia,3,no flower colour mentioned,UNKNOWN
1. Anisadenia Wallich ex Meissn.,3,no flower colour mentioned,UNKNOWN
"1. Anisadenia pubescens  Griffith,  Not. PI. Asiat. 4: 535. 1854 & Icon. PI. Asiat. t.",3,flowers white,WHITE
"2. Anisadenia  saxatilis  Wallich  [ Cat.  No.  1510. 1829, nom.  nud.]  ex Meissn.,  PL",3,flowers pink,PINK
2. Hugonia L.,3,flowers yellow,YELLOW
1. Hugonia belli Sedgwick in Ind. For. 46: 424.1920.,3,no flower colour mentioned,UNKNOWN
"1874. Kan.: Motira kanni; Tam.: Agori, Motira kanni; Tel.: Gatrinta.",3,no flower colour mentioned,UNKNOWN
3. Indorouchera  Hall. f. (Roucheria  Mill.),3,flowers yellow,YELLOW
4. Linum L.,3,no flower colour mentioned,UNKNOWN
2. L. mysurense,3,no flower colour mentioned,UNKNOWN
"1. Linum  corymbulosum  Reichenb.,  Fl.  Germ.  Excurs. 843.  1832.  L.strictum  L.",3,flowers yellow,YELLOW
"2. Linum mysurense Heyne  [in Wallich, Cat. No. 1507.1828, nom. nud.] ex Benth.",3,flowers yellow,YELLOW
"3. Linum perenne L., Sp. PI. 1: 277.1753; Hook, f.,  Fl. Brit. India  1: 411.1874.",3,flowers blue,PURPLE/BLUE
"4. Linum strictum L. Sp., PI. 279.1753; Hook, f.,  Fl. Brit. India  1: 411.1874.",3,flowers yellow,YELLOW
"5. Linum usitatissimum  L., Sp. PI. 277. 1753; Hook, f.,  Fl. Brit. India  1: 410. 1874.",3,"flowers blue or purple, rarely white",WHITE
5. Reinwardtia  Dumort.,3,flowers yellow or white,WHITE
1. R.  cicanoba,3,no flower colour mentioned,UNKNOWN
1. Reinwardtia cicanoba (Buch.-Ham. ex D. Don) Hara  in J. Jap. Bot. 40:328.1965,3,no flower colour mentioned,UNKNOWN
"2. Reinwardtia indica Dumort, Comm. Bot. 19.1822.  Duthie, Fl. upp. Gang. PI. 1:",3,flowers scarlet or red with a dark purple centre,RED
4. E.  monogynum,3,no flower colour mentioned,UNKNOWN
2. E.  kunthianum,3,no flower colour mentioned,UNKNOWN
1. E.  cuneatum,3,no flower colour mentioned,UNKNOWN
1. Erythroxylum  cuneatum  (Miq.)  Kurz  in  J.  Asiat.  Soc.  Beng.  43:  135.  1874.,3,"flowers white, greenish-white to light green, yellow",WHITE
"2. Erythroxylum  kunthianum  Kurz in J. Asiat. Soc. Beng. 41: 294. 1872; Hook,  f.,",3,flowers white,WHITE
"3. Erythroxylum  lanceolatum  (Wight)  Walp., Rep. Bot. Syst. 1: 407. 1842;  Hook,",3,no flower colour mentioned,UNKNOWN
"4. Erythroxylum  monogynum  Roxb., PI. Corom.  1: t. 88.  1795; Hook,  f.,  Fl.  Brit.",3,flowers white,WHITE
5. Erythroxylum  moonii  Hochr.  in  Bull. Inst.  Bot.  Buitenz.  22: 54.  1905.  Sethia,3,no flower colour mentioned,UNKNOWN
"1874. Sethia  lanceolata  Wight  var.  obtusifolia  Wight,  111. Ind.  Bot.  1:  136.  1840.  S.",3,no flower colour mentioned,UNKNOWN
"1832. Ixonanthes  khasiana  Hook, f.,  Fl. Brit. India  1: 416.1874.",3,no flower colour mentioned,UNKNOWN
2. Aspidopterys tomentosa  (Blume) A. Juss. var. hutchinsonii  (Haines),4,no flower colour mentioned,UNKNOWN
6. Hiptage acuminata Wallich ex A. Juss.,4,no flower colour mentioned,UNKNOWN
13. Hiptage  thothathrii Balakr. & Srivastava,4,no flower colour mentioned,UNKNOWN
16. Seetzenialanata(Willd.)  Bullock,4,no flower colour mentioned,UNKNOWN
19. Zygophyllum simplex L.,4,no flower colour mentioned,UNKNOWN
20. Biebersteinia  odora  Stephen  ex Fischer,4,no flower colour mentioned,UNKNOWN
32. Monsonia  senegalensis Guillemin & Perrottet,4,no flower colour mentioned,UNKNOWN
37. Hydrocera  triflora  (L.) Wight &  Arn.,4,no flower colour mentioned,UNKNOWN
44. Impatiens kulamavuensis Pandurangan  & V J.,4,no flower colour mentioned,UNKNOWN
46. Impatiens parasitica  Beddome,4,no flower colour mentioned,UNKNOWN
51. Impatiens porrecta Wallich ex Hook.f. & Thomson,4,no flower colour mentioned,UNKNOWN
53. Impatiens viridiflora  Wight,4,no flower colour mentioned,UNKNOWN
66. Oxalis variabilis Jacq.,4,no flower colour mentioned,UNKNOWN
67. Atalantia  monophylla  (L.) DC. var. macrophylla  Oliver  and,4,no flower colour mentioned,UNKNOWN
68. Comparison of floral parts of Atalantia monophylla (L.)  DCand,4,no flower colour mentioned,UNKNOWN
79. Naringi crenulata  (Roxb.)  Nicolson,4,no flower colour mentioned,UNKNOWN
81. Pamburus missionis (Wallich ex Wight)  Swingle,4,no flower colour mentioned,UNKNOWN
82. Paramignya beddomei Tanaka,4,no flower colour mentioned,UNKNOWN
87. Paramignya  scandens (Griffith)  Craib,4,no flower colour mentioned,UNKNOWN
91. Glycosmis pilosa Narayanaswami,4,no flower colour mentioned,UNKNOWN
104. Skimmia  arborescens T. Anderson  ex Gamble  subsp.,4,no flower colour mentioned,UNKNOWN
106. Skimmia laureola  (DC.) Sieb. & Zucc. ex Walpers subsp.,4,no flower colour mentioned,UNKNOWN
108. Harrisonia brownii Adr. Juss.,4,no flower colour mentioned,UNKNOWN
109. Canarium bengalense Roxb.,4,no flower colour mentioned,UNKNOWN
110. Garuga  floribunda  Decne. var. gamblei (King ex W. Smith) Kalkman,4,no flower colour mentioned,UNKNOWN
111. Protium serratum (Wallich  ex Colebr.) Engl.,4,no flower colour mentioned,UNKNOWN
113. Aglaia elaeagnoidea  (A. Juss.) Benth. var.,4,no flower colour mentioned,UNKNOWN
114. Aglaia elaeagnoidea  (A. Juss.) Benth. var.,4,no flower colour mentioned,UNKNOWN
119. Dysoxylum malabaricum Beddome ex Hiern,4,no flower colour mentioned,UNKNOWN
122. Trichilia  connaroides (Wight & Arn.)  Bentvelzen,4,no flower colour mentioned,UNKNOWN
1. Aspidopterys,4,no flower colour mentioned,UNKNOWN
8. Tristellateia,4,no flower colour mentioned,UNKNOWN
4. Galpbimia,4,no flower colour mentioned,UNKNOWN
1. Aspidopterys A. Juss.,4,no flower colour mentioned,UNKNOWN
2. A.canarensis,4,no flower colour mentioned,UNKNOWN
12. Aoxyphylla,4,no flower colour mentioned,UNKNOWN
3. A.cordata,4,no flower colour mentioned,UNKNOWN
1. A.baJakrishnanii,4,no flower colour mentioned,UNKNOWN
13. A. toiuentosa,4,no flower colour mentioned,UNKNOWN
1. Aspidopterys  balakrishnanii  Srivastava in J. Econ. Tax. Bot.  4(3): 1003. 1983.,4,no flower colour mentioned,UNKNOWN
2. Aspidopterys canarensis Dalz. in Hooker's J. Bot. KewGard.  Misc. 3: 37.1851;,4,flowers white or pale yellow,WHITE
4. Aspidopterys elliptica (Blume) A. Juss. in Ann. Sci. Nat.Bot.  ser.2.13:266.1840,4,flowers white,WHITE
"5. Aspidopterys  Horibunda  Hutch, in Bull. Misc. Inform.  1917:95.1917.  A. glabri-",4,flowers white,WHITE
7. Aspidopterys hirsuta (Wallich) A. Juss. in Ann. Sci. Nat. Bot. ser.  2.13:267.1840,4,no flower colour mentioned,UNKNOWN
8. Aspidopterys  indica (Roxb.)  Hochr. in Bull. Inst. Bot.  Buitenzorg  19: 45.1904.,4,flowers white,WHITE
9. Aspidopterys jainii  Srivastava in J. Jap. Bot. 59(11): 329.  1984.,4,no flower colour mentioned,UNKNOWN
10. Aspidopterys nutans (Roxb.) A. Juss. in Ann. Sci. Nat. Bot. ser. 5.13:267.1840;,4,flowers white,WHITE
11. Aspidopterys  orbiculata  (Roxb.  ex  Wallich)  Niedenzu  in  Arbeitn  Bot.  Inst.,4,no flower colour mentioned,UNKNOWN
"1928. Hiraea orbiculata Roxb. ex Wallich, PI. Asiat. Rar.  1: 13.  1831.  H.  rvtundifolia",4,no flower colour mentioned,UNKNOWN
12. Aspidopterys oxyphylla A. Juss. in Ann. Sci. Nat. Bot. ser. 2.2(13): 267.1840 &,4,flowers white,WHITE
13. Aspidopterys tomentosa(Blume) A. Juss. var. hutchinsonii  (Haines)  Srivastava,4,no flower colour mentioned,UNKNOWN
"14. Aspidopterys  wallichii Hook, f., Fl. Brit. India  1:421.  1874.",4,petals white or creamy-yellow,WHITE
2. Hiptage Gaertner,4,flowers white,WHITE
7. H. parvifolia,4,no flower colour mentioned,UNKNOWN
6. H. obtusifolia,4,no flower colour mentioned,UNKNOWN
5. H.nayarii,4,no flower colour mentioned,UNKNOWN
1. Hiptage acuminata Wallich ex  A. Juss. in Ann. Sci. Nat. Bot. ser. 2.13:269.1840;,4,no flower colour mentioned,UNKNOWN
"1874. Banisteria benghalensis L., Sp. PI. 427.1753.  Hiptage madablota  Gaertner,  Fruct.",4,flowers white,WHITE
16. FLORA  OF  INDIA,4,flowers white,WHITE
4. Hiptage jacobsii Srivastava in Indian Forested  110(5): 499.1984.,4,no flower colour mentioned,UNKNOWN
5. Hiptage nayarii Srivastava in Indian Forester  110(5): 499.1984.,4,no flower colour mentioned,UNKNOWN
"6. Hiptage  obtusifolia  D C ,  Prodr.  1: 583.  1824; Niedenzu  in  Engl.,  Pflanzenr.",4,flowers white,WHITE
"7. Hiptage parvifolia Wight & Arn., Prodr. 107.1834; Hook, f., Fl. Brit. India 1:419.",4,no flower colour mentioned,UNKNOWN
"1874. Climbing  shrubs; branches  and  shoots elongate.  Leaves ovate-  oblong, acute  to",4,flowers white,WHITE
9. Hiptage thothathrii  Balakr. &  Srivastava  in J. Econ. Tax.  Bot. 4(3): 985. 1983.,4,flowers white,WHITE
"3. Byrsonima L.C. Rich, ex H.B.K.",4,flowers pinkish,PINK
"1. Byrsonima  crassifolia  (L.)  H.B.K.,  Nov. Gen.  Sp. PI. 5:  114.  1822.  Malpighia",4,no flower colour mentioned,UNKNOWN
"1811. Malpighia lucida Miller, Gard. Diet. 8 ed.  Fol. 82. n. 9. 1768.  -",4,no flower colour mentioned,UNKNOWN
4. Galphimia  Cav.,4,flowers yellow,YELLOW
2. IT. laevifolia,4,no flower colour mentioned,UNKNOWN
1. Heteropteris  angustifolia Griseb. in Linnaea  13:233.1839.,4,flowers yellow,YELLOW
6. Malpighia L.,4,no flower colour mentioned,UNKNOWN
2. M.coccigera,4,no flower colour mentioned,UNKNOWN
4. M. punicifolia,4,no flower colour mentioned,UNKNOWN
"1. Malpighia angustifolia L., Sp. PI. ed. 2.610.1762.",4,flowers whitish to pale pink or light red,WHITE
"3. Malpighia glabra L., Sp. PI. 425.1753.",4,flowers whitish-pink,WHITE
"4. Malpighia punicifolia  L., Sp. PI. ed. 2.609.1762.",4,petals pinkish,PINK
"5. Malpighia urens  L., Sp. PI. 426.1753.",4,no flower colour mentioned,UNKNOWN
7. Stigmaphyllon  A. Juss.,4,no flower colour mentioned,UNKNOWN
"1832. Banisteria ciliata Lam.,Encycl.  1: 369. 1783.",4,flowers yellow,YELLOW
8. Tristellateia  Thouars,4,flowers yellow,YELLOW
1. Balanites  Del.,4,no flower colour mentioned,UNKNOWN
4. Nitraria,4,no flower colour mentioned,UNKNOWN
6. Seetzenia,4,no flower colour mentioned,UNKNOWN
8. Zygophyllum,4,flowers pale-greenish yellow,YELLOW
2. Fagonia Tourn. ex L.,4,"flowers purplish-pink, violet or rarely yellow",YELLOW
2. F. bruguieri,4,no flower colour mentioned,UNKNOWN
4. F. schweinfurthii,4,no flower colour mentioned,UNKNOWN
"2. Fagonia bruguieri  D C ,  Prodr.  1: 704. 1824; Edgew. & Hook.f. in Hook,  f.,  Fl.",4,flowers pale pink,PINK
"3. Fagonia indica Burm. f.,  Fl. Ind.  102. t. 34. f.  1.1768. F. cretica auct. non  L. 1753:",4,flowers pinkish-purple,PINK
"1972. F.crerica auct. non L. 1753: T.Cooke, Fl. Pres. Bombay 1:164.1901, p.p. F. ambica",4,flowers pinkish-purple,PINK
3. Kallstroemia  Scopoli,4,flowers pale yellow,YELLOW
4. Nitraria L.,4,flowers pale yellow,YELLOW
5. Peganum L.,4,flowers greenish,GREENISH
7. Tribulus  Tourn. ex L.,4,no flower colour mentioned,UNKNOWN
"1. Tribulus lanuginosus  L., Sp. PI. 387.1753; Nayar & Giri in Bull. Bot. Surv. India",4,flowers pale yellow,YELLOW
"2. Tribulus  pentandrus  Forssk.,  Fl. Aegypt.  - Arab.  88. 1775. T. alatus  Del., Fl.",4,no flower colour mentioned,UNKNOWN
"1985. T. macropterus Boiss.,  Diagn. PI. Orient.  Nov. ser.  1. 1: 61. 1843. T. longipetalus",4,no flower colour mentioned,UNKNOWN
"1972. Herbs, densely villous, greyish-green; branches procumbent.  Flowers ca  1 -1.2 cm",4,flowers yellow,YELLOW
"1985. T. pterophorus Presl, Bot. Mem. 30. 1844. T. longipetalus Viv.  subsp.pterophorus",4,no flower colour mentioned,UNKNOWN
3. Tribulus rajasthanensis  Bhandari & Sharma  in Bot. Notis. 129: 367. f.l.  1977.,4,flowers yellow,YELLOW
"5. Tribulus terrestris  L., Sp. PI. 387.1753; Edgew. & Hook.f., Fl. Brit. India  1:423.",4,flowers yellow,YELLOW
8. Zygophjilum L.,4,flowers yellow,YELLOW
4. Pelargonium,4,no flower colour mentioned,UNKNOWN
1. Erodium,4,no flower colour mentioned,UNKNOWN
5. E. tibetanum,4,no flower colour mentioned,UNKNOWN
4. E. stephanium,4,no flower colour mentioned,UNKNOWN
"1. Erodium  cicutarium  (L.)  L'Her.  ex Aiton, Hort. Kew. 2: 414.  1789;  Edgew. &",4,no flower colour mentioned,UNKNOWN
"1753. Annuals,  4  -  40(-60-120)  cm  high,  erect  or  straggling,  glandular-pubescent  or",4,no flower colour mentioned,UNKNOWN
"2. Erodium moschatum  (L.)  L'Her.  ex Aiton, Hort. Kew. 2: 414. 1789; Fyson, Fl.",4,flowers violet or purple,PURPLE/BLUE
"3. E. oxyrrhynchum M. Bieb., Fl. Taur.-Cauc. 2: 133.1808.",4,flowers pink-purple,PINK
"4. Erodium stephanianum Willd., Sp. PI. 3:625.1800; Edgew. & Hook.f. in  Hook.",4,petals pink,PINK
"5. Erodium tibetanum Edgew. & Hook.f., in Hook, f.,  Fl. Brit. India  1:434.1874.",4,no flower colour mentioned,UNKNOWN
2. Geranium L.,4,no flower colour mentioned,UNKNOWN
8. G.lucidum,4,no flower colour mentioned,UNKNOWN
24. G. sibiricum,4,no flower colour mentioned,UNKNOWN
27. G. wallichianura,4,no flower colour mentioned,UNKNOWN
26. G. tuberaria,4,no flower colour mentioned,UNKNOWN
14. G. polyantbes,4,no flower colour mentioned,UNKNOWN
12. G. ocellatum,4,no flower colour mentioned,UNKNOWN
4. G. divaricatum,4,no flower colour mentioned,UNKNOWN
17. G. pusillum,4,no flower colour mentioned,UNKNOWN
19. G. refrectum,4,no flower colour mentioned,UNKNOWN
15. G. pretense,4,no flower colour mentioned,UNKNOWN
13. G. pamiricum,4,no flower colour mentioned,UNKNOWN
25. G.swatense,4,"petals lilac-rose, sometimes white",WHITE
23. G. rubifolium,4,no flower colour mentioned,UNKNOWN
"2. Geranium clarkei Yeo, Hardy Geraniums  188.1986.",4,flowers purplish-violet or white with lilac-pink nerves,WHITE
"3. Geraniumcollinum Stephan exWilld., Sp.PI. 3:705.1800.  G. aconitifolium  sensu",4,"petals lilac-rose, sometimes white",WHITE
4. Geranium  divaricatum Ehrh. in Beitr. Naturk. 7: 164.1792.,4,flowers pale-pink with more brightly coloured nerves,PINK
"5. Geranium donianum Sweet, Geraniaceae  4: sub t. 338. 1826; H. Hara  in Fl. PI.",4,flowers rose-coloured with a dark-purple eye,RED
"6. Geranium himalayense Klotzsch, Bot. Ergebn. Reise Waldemar  122,1.16.1862.",4,no flower colour mentioned,UNKNOWN
"7. Geranium iambertii  Sweet, Geraniaceae  4: t. 338. 1827.  G. eriostemon  D. Don,",4,flowers pale pink or rarely white,WHITE
"8. Geranium lucidum L., Sp. PI. 682. 1753; Edgew. & Hook.f. in Hook,  f.,  Fl. Brit.",4,flowers rose-red,RED
"9. Geranium molleL., Sp.Pl. 682.1753; Edgew. & Hook.f.in Hook. f.,Fl. Brit. India",4,flowers purplish-pink,PINK
10. Geranium nakaoanum H. Hara  in Fl. PI. Nepal Himal. 276. f. 23.1955 & Fl. E.,4,flowers purple,PURPLE/BLUE
"11. Geranium nepalense  Sweet, Geraniaceae  1: t.  12. 1820; Edgew. & Hook.f. in",4,flowers pink with 3 dark purple streaks inside,PINK
"12. Geranium ocellatum Cambess. in Jacquem., Voy. 4 Inde: 33. t. 38.1844; Edgew.",4,flowers pink with dark-violet centre,PINK
13. Geranium pamiricum Ikonn. in Novos. Sist. Vyss. Rast. 9: 301.1972.,4,flowers white to pink,WHITE
"14. Geranium polyanthes Edgew. & Hook.f. in Hook. f.,Fl. Brit. India  1:431.1874.",4,petals reddish-purple,RED
"15. Geranium pr a tense L., Sp. PI. 681.1753; Edgew. & Hook. f. in Hook, f., Fl. Brit.",4,flowers bluish-purple with darker veins but varying from almost red to blue to white,WHITE
16. Geranium procurrens  Yeo in Bot. Mag. (Tokyo)  179: t. 644. 1973; H. Hara  in,4,"flowers rather dull, deep pinkish-purple",PINK
"17. Geranium pusillum L., Syst. Nat.ed. 10,1144.1759;Edgew. & Hook, f., in Hook.",4,flowers pink or blue-purple,PINK
18. Geranium rectum Trautv. in Bull. Soc. Nat. Moscou 33(2): 459.1860; Ldgew. &,4,no flower colour mentioned,UNKNOWN
"19. Geranium refrectum Edgew. & Hook. f. in Hook, f.,  Fl. Brit. India  1:428.1874.",4,flowers white with purple nerves,WHITE
20. Geranium regelii Nevski in Trudy Bot. Inst. Akad. Nauk. SSSR  ser.  1. Fl. Sist.,4,flowers bluish-violet,PURPLE/BLUE
"21. Geranium robertianum L., Sp. PI. 681.1753;  Edgew. & Hook.f. in Hook, f.,  Fl.",4,petals reddish-pink,PINK
"22. Geranium rotundifolium  L., Sp. PI. 683.  1753; Edgew. & Hook. f. in Hook,  f.,",4,no flower colour mentioned,UNKNOWN
23. Geranium ru hi folium Lindley in Edward's Bot. Reg. 26: t. 67.1840.,4,petals pink,PINK
"24. Geranium sibiricum L., Sp. PI. 683.1753; Edgew. & Hook.f. in-Hook. f„Fl. Brit.",4,flowers white or pale pink,WHITE
"25. Geranium swatense Schonb.-Tem. in Rech.f., Fl. Iran. 69: 22.1970.",4,flowers pink-purple,PINK
"26. Geranium tuberaria Cambess. in Jacquem., Voy. Inde 4:33. t. 37.1844; Edgew.",4,no flower colour mentioned,UNKNOWN
"27. Geranium wallichianum D. Don  ex Sweet, Geraniaceae  1: t. 90.1822; Edgew.",4,flowers rather deep-pink or purplish-pink,PINK
3. Monsonia  L.,4,no flower colour mentioned,UNKNOWN
"1. Monsonia  heliotropioides  (Cav.)  Boiss.,  Fl.  Orient.  1:  897.  1867;  Edgew.  &",4,petals violet or pink,PINK
4. Pelargonium L'Her. ex Aiton,4,"pink, red, purple or white",WHITE
"1. Pelargonium capitatum (L.)  Sol. in Aiton, Hort. Kew. 2: 425.1789.  Geranium",4,no flower colour mentioned,UNKNOWN
"2. Pelargonium cucullatum (L.)  Aiton, Hort. Kew. 2: 426.1789; B. Sharma  et al.",4,no flower colour mentioned,UNKNOWN
"3. Pelargonium  graveolens  L'Her.,  Geraniologia  t.  17.  1792; Fyson,  Fl.  Nilgiri",4,no flower colour mentioned,UNKNOWN
"5. Pelargonium inquinans  (L.)  Sol. in Aiton, Hort. Kew. 2: 424. 1789.  Geranium",4,no flower colour mentioned,UNKNOWN
"7. Pelargonium odoratissimum (L.)  Sol. in Aiton, Hort. Kew. 2:419.1789.  Gera-",4,no flower colour mentioned,UNKNOWN
"8. Pelargonium peltatum  (L.)  Sol. in  Aiton, Hort. Kew. 2: 427. 1789.  Geranium",4,no flower colour mentioned,UNKNOWN
"9. Pelargonium  quercifolium  (L.f.)  L'Her.,  Geraniologia  t.  14. 1792.  Geranium",4,no flower colour mentioned,UNKNOWN
"10. Pelargonium radula (Cav.)  L'Her., Geraniologia  1.16.1792.  Geranium radula",4,no flower colour mentioned,UNKNOWN
"11. Pelargonium vitifolium (L.)  Aiton, Hort. Kew. 2: 425.1789.  Geranium  vitifo-",4,no flower colour mentioned,UNKNOWN
"12. Pelargonium zonale L'Her. ex Sol. in Aiton,Hort. Kew. 2:424.1789.  Geranium",4,no flower colour mentioned,UNKNOWN
13. Pelargonium inquinans (L.) Sol. xP. zonale (L.)  Aiton,4,no flower colour mentioned,UNKNOWN
1. Hydrocera Blume ex Wight &  Am.,4,"flowers pink, tinged with carmine or purple",PINK
2. Impatiens  L.,4,flowers white,WHITE
72. LhensUroiana,4,flowers pink,PINK
4. Lagan an tha,4,flowers yellow or white,WHITE
111. I.maculata,4,no flower colour mentioned,UNKNOWN
"1. Impatiens acaulis  Arn. in Companion  Bot. Mag.  1: 325. 1835; Hook, f.,  Fl. Brit.",4,flowers deep-pink or mauve with white centre,WHITE
2. Impatiens acmanthera Hook. f. in Rec. Bot. Surv. India  4:17.1905.,4,flowers blue,PURPLE/BLUE
"3. Impatiens acuminata Benth. exHook.f. & Thomson  in J. Linn. Soc, Bot. 4:145.",4,flowers scarlet or brick-red,RED
4. Impatiens  aganantha Hook. f.  in Rec. Bot. Surv. India  5: 61.1905; Ghara  & C.,4,flowers reddish-white,WHITE
5. Impatiens  agumbeana  Bhaskar  &  Razi  in  J.  Bombay  Nat.  Hist.  Soc. 79  (2):,4,flowers pinkish,PINK
"6. Impatiens aliciae C. Fischer in Bull. Misc. Inform.  1934:389.1934 & Gamble, Fl.",4,flowers pink or white with purple streaks,WHITE
"7. Impatiens amplexicaulis Edgew. in Trans. Linn. Soc. London 20:37.1846; Hook,",4,no flower colour mentioned,UNKNOWN
8. Impatiens  anaimudica  C. Fischer  in Bull. Misc. Inform.  1935: 92-93.  1935 & in,4,"lip light-brownish crimson, wings dull-crimson",OTHER
"9. Impatiens angustiflora  Hook, f.,  Fl. Brit. India  1:480. 1875 & in Rec. Bot. Surv.",4,flowers yellow,YELLOW
"11. Impatiens arguta Hook. f. & Thomson in J. Linn. Soc, Bot. 4:137.1860; Hook,",4,flowers pale lilac,OTHER
"1908. Herbs, annual; stems stout, nodes with a gland  each.  Leaves elliptic-lanceolate  to",4,flowers yellow,YELLOW
"13. Impatiens  auriculata Wight  in Madras J. Lit. Sci. ser.  1.5:  8. t. 3. 1837; Hook,",4,"lip bright green, sepals and spur deep scarlet-white",WHITE
14. Impatiens balfourii  Hook. f. in Bot. Mag. 59:698. t. 7878. 1903 & in Rec. Bot.,4,"flowers white, pink or yellow",WHITE
16. Impatiens barberi Hook. f. in Rec. Bot. Surv. India 4: 39 & 45.1906.,4,flowers mauve,OTHER
"17. Impatiens  benthamii  Steenis  in  Bull. Jard. Bot. Buitenzorg, ser.  1. 3.  17: 385.",4,flowers dark-purple,PURPLE/BLUE
"18. Impatiens  bicolor Royle, 111. Bot. Himal. Mts.  151. t. 28. 1834; Hook. f. in Rec.",4,flowers rose and yellow with red nerves,YELLOW
"19. Impatiens bicornuta Wallich in Roxb.,Fl.Ind. 2:460.1824;Hook. f. & Thomson",4,flowers rose to pink or yellow with red or purplish or brown spots,YELLOW
20. Impatiens  bivittata  Hook. f. in Rec. Bot. Surv. India 4: 16. 1905.,4,flowers yellow,YELLOW
21. Impatiens  brachycentra Kar. & Kir. in Bijull. Moskovsk. Obsc. Isp. Prir.  Otd.,4,no flower colour mentioned,UNKNOWN
"1904. Herbs, slender, annual,  15 - 60 cm high, glabrous; stems usually branched.  Leaves",4,flowers white,WHITE
"22. Impatiens  bracteata Colebr.inRoxb.,Fl. Ind.2:458.1824; Hook. f. in Rec. Bot.",4,flowers violet or pink,PINK
23. Impatiens  bracteolata Hook. f. in Rec. Bot. Surv. India  4:31.1905.,4,no flower colour mentioned,UNKNOWN
24. Impatiens  campanulata  Wight  in Madras J. Lit. Sci. ser.  1. 5:  11. t. 7. 1837 &,4,"flowers creamy-white and yellow, speckled with purple",WHITE
"25. Impatiens  cathcartii  Hook,  f.,  Fl. Brit. India  1: 473. 1875 & in Rec. Bot. Surv.",4,flowers pale yellow,YELLOW
26. Impatiens chandrasekharanii  Chandrab. in J. Bombay Nat. Hist. Soc. 75:901.,4,flowers white with pink tinge,WHITE
"27. Impatiens chinensisL.,Sp. PI. 2:937.1753; Hook. f.,Fl. Brit.India  1:444.1874",4,"flowers red, flowers white or reddish-white",WHITE
28. Impatiens cirrhipetala Hook. f. in Hooker's Icon. PI. ser. 4.10: t. 2962.1913.,4,no flower colour mentioned,UNKNOWN
29. Impatiens citrina Hook. f. in Rec. Bot. Surv. India  4:17. 1905.,4,flowers white with yellow patches or pink,WHITE
31. Impatiens cochinica Hook.f. in Bull. Misc. Inform.  1911: 355.1911.,4,no flower colour mentioned,UNKNOWN
32. Impatiens coelotropis  C. Fischer  in Bull. Misc. Inform.  1934: 390-391. 1934 &,4,flowers scarlet,OTHER
"33. Impatiens  concinna Hook, f.,  Fl. Brit. India  1:449.1874.",4,flowers rose-purple,PURPLE/BLUE
"34. Impatiens cordata Wight in Madras J. Lit. Sci. ser.  1.5:  10. 1837; Hook, f.,  Fl.",4,flowers lilac with purple centre or white with crimson near centre,WHITE
35. Impatiens cothurnoides  C. Fischer  in Bull. Misc. Inform. 1931:281.1931.,4,flowers primrose-yellow,YELLOW
36. Impatiens craddockii Hook. f. in Rec. Bot. Surv. India 4: 29.1905.,4,no flower colour mentioned,UNKNOWN
37. Impatiens  crenata Beddome  in Madras J. Lit. Sci. ser. 2.20: 69. t. 7. f.  10. 1859,4,flowers white with a tuft of blue hairs,WHITE
"38. Impatiens cuspidata Wight & Am. in Companion Bot. Mag. 1:321.1836; Wight,",4,flowers pale pink or white,WHITE
39. Impatiens cuspidifera Hook. f. in Rec. Bot. Surv. India  4: 27. 1905.,4,no flower colour mentioned,UNKNOWN
"40. Impatiens  cymbifera  Hook,  f.,  Fl. Brit. India  1: 474.1875 & in Rec. Bot. Surv.",4,flowers pale lilac spotted with red,RED
"41. Impatiens dalzellii Hook. f. & Thomson in J. Linn. Soc, Bot. 4:123.1860; Hook.",4,flowers yellow,YELLOW
"42. Impatiens  dasysperma Wight in Madras J. Lit. Sci. 1,5:7, t. 2.  1837 & Icon. t.",4,flowers pink,PINK
43. Impatiens  decipiens Hook. f. in Rec. Bot. Surv. India 4: 17.1905.,4,no flower colour mentioned,UNKNOWN
44. Impatiens  dendricola  C. Fischer in Bull. Misc. Inform.  1935:157.1935.,4,flowers white,WHITE
45. Impatiens denisonii Beddome  in Madras J. Lit. Sci. ser. 3.1:41.  1864 & Icon. t.,4,flowers pink,PINK
"46. Impatiens  depauperata  Hook, f.,  Fl. Brit. India  1: 481. 1875; Hook. f.  in  Rec.",4,flowers white,WHITE
"1966. Herbs, slender, decumbent and rooting at lower nodes, up to2m.  Leaves alternate,",4,flowers pale lilac to violet,PURPLE/BLUE
"48. Impatiens disotis Hook.f.inRec.Bot.Surv.India4:48.1906;  Gamble,Fl.Pres.",4,flowers white,WHITE
"49. Impatiens diversifolia Wallich ex Wight & Am., Prodr.  139.1834; Hook, f.,  Fl.",4,no flower colour mentioned,UNKNOWN
50. Impatiens  drepanophora Hook. f. in Rec. Bot. Surv. India 4: 17.1905; Toppin,4,flowers yellow,YELLOW
51. Impatiens  duthiei Hook. f. in Rec. Bot. Surv. India 4: 11.  1905.,4,no flower colour mentioned,UNKNOWN
"52. Impatiens edge\wrthii Hook, f.,  Fl. Brit. India  1:476.1875 & in Rec. Bot. Surv.",4,flowers yellow,YELLOW
53. Impatiens  elegans  Beddome  in Madras J. Lit. Sci. ser. 2. 78: 67. 1859 &  Icon.,4,flowers pale rosy-white with dark purple eye,WHITE
54. Impatiens  exilis Hook. f. in Rec. Bot. Surv. India  4: 13. 1905; H. Hara  in Fl. E.,4,no flower colour mentioned,UNKNOWN
55. Impatiens falcifer Hook. f. in Bot. Mag. t. 7923.1903 & in Rec. Bot. Surv. India,4,no flower colour mentioned,UNKNOWN
"56. Irnpatiens  flaccida  Arn. in  Companion  Bot. Mag.  1: 322.  1836; Hook, in  Bot.",4,flowers pale to deep pink,PINK
57. Irnpatiens flemingii Hook. f. in Rec. Bot. Surv. India 4:5.1904.1.parviflom  auct.,4,flowers white or pink,WHITE
58. Impatiens floribunda  Wight  in Madras J. Lit. Sci. ser.  1.5:  7. 1837.  I.flaccida,4,flowers purple,PURPLE/BLUE
59. Impatiens florigera C.B. Clarke ex Hook. f. in Rec. Bot. Surv. India  4:13.1905.,4,flowers white,WHITE
60. Impatiens formosa Hook. f. in Rec. Bot. Surv. India 4: 28.1905.,4,flowers pinkish,PINK
62. Impatiens gamblei Hook. f. in Rec. Bot. Surv. India  4: 15.1905; H. Hara  in Fl.,4,flowers rose-purple,PURPLE/BLUE
63. Impatiens gammiei Hook. f. in Rec. Bot. Surv. India 4: 16.1905.,4,flowers flesh-coloured,RED
"64. Impatiens gardneriana Wight, Icon. 1.1050.1846; Hook. f.,Fl. Brit. India  1:445.",4,flowers orange or pink,PINK
65. Impatiens gibbisepala Hook. f. in Bull. Misc. Inform.  1910:298. 1910.,4,flowers pale-pink or dark-crimson,PINK
"67. Impatieas glauca Hook. f. & Thomson  in J. Linn. Soc, Bot. 4:155.1860; Hook.",4,flowers orange or pale red,RED
"68. Impatiens goughii Wight, 111. Ind. Bot. 1:160.1840 & Icon. 1.1603.1850; Hook.f.,",4,flowers pale pink,PINK
69. Impatiens graciliflora Hook. f. in Rec. Bot. Surv. India  4: 15. 1905; H. Hara  in,4,flowers pale rose or white,WHITE
71. Impatiens helferi  Hook. f. in Rec. Bot. Surv. India 4:28. 1905.,4,no flower colour mentioned,UNKNOWN
"72. Impatiens henslowiana Arn. in Companian  Bot. Mag. 1: 322.1836;Hook.f., Fl.",4,flowers white,WHITE
"73. Impatiens herbicola Hook. f.in  Bull. Misc.Inform.  1911:354.1911;Gamble,Fl.",4,flowers white or pink,WHITE
74. Impatiens hobsonii Hook. f. in Rec. Bot. Surv. India 4: 15.1905; H. Hara  in  H.,4,no flower colour mentioned,UNKNOWN
75. Impatiens  humilis Hook. f. in Hooker's Icon. PI. ser. 4.10: t. 2964.1913.,4,no flower colour mentioned,UNKNOWN
76. Impatiens inayatii Hook. f. in Rec. Bot. Surv. india  4:6.1904.,4,no flower colour mentioned,UNKNOWN
"77. Impatieas  inconspicua  Benth. ex Wight  & Arn., Prodr. Fl. Pen. Ind.  Or.  139.",4,flowers pink,PINK
78. Impatiens infundibularis  Hook. f. in Rec. Bot. Surv. India 4: 13.  1905.,4,no flower colour mentioned,UNKNOWN
"79. Impatiens insignis D C , Prodr. 1:688.1824; Hook, f., Fl. Brit. India  1:477.1875",4,no flower colour mentioned,UNKNOWN
80. Impatiens jaeschkei Hook. f. in Hooker's Icon. PI. ser. 4.10: t. 2902.1913.,4,flowers pinkish,PINK
81. Impatiens jerdoniae Wight in Madras J. Lit. Sci. ser.  1.5: 8.1837 & Icon. 4 (4):,4,"lip scarlet, standard yellow",YELLOW
82. Impatiens johnii Barnes in J. Indian  Bot. Soc. 18: 102. 1939.,4,"standard pink, wings deep pink",PINK
"140. I860; Hook,  f.,  Fl. Brit. India  1: 471. 1875 &  in Rec. Bot. Surv. India  4:  14. 1905;",4,flowers yellow or light-orange to white,WHITE
84. Impatieas  kaliensis  Grey-Wilson  in KewBull. 44:65. 1989.,4,flowers pink or lilac-spotted,PINK
"85. Impatiens khasiana Hook. f. in Rec. Bot. Surv. India 4:27.1905.  /. belki Hook,",4,flowers red with purple streaks,RED
86. Impatiens kingii Hook. f. in Rec. Bot. Surv. India 4: 14.1905.,4,flowers rose-purple,PURPLE/BLUE
87. Impatiens  kleiniformis  Sedgwick in Rec. Bot. Surv. India  6: 351.1919.,4,"flowers rose-coloured, flowers pink with darker line",PINK
"88. Impatiens  konalarensis  Chandrab., Chandras. & Nair in J. Bombay Nat. Hist.",4,flowers pink,PINK
89. Impatiens  kuiamavuensis  Pandurangan  & V J .  Nair in Novon 5: 57 - 58. f. I. A,4,flowers greenish-yellow,YELLOW
"90. Impatiens laevigata Wallich ex Hook. f. & Thomson in J. Linn. Soc, Bot. 4:146.",4,"flowers yellow inside, red on lip",YELLOW
91. Impatiens langeana Hook. f. in Hooker's Icon. PI. ser. 4.10: t. 2907.1913.,4,no flower colour mentioned,UNKNOWN
92. Impatiens  laticornis  C. Fischer in Bull. Misc. Inform.  1930: 154. 1930.,4,flowers white with yellow or orange hairs or pink with magenta hairs,WHITE
"93. Impatiens latiflora Hook. f. & Thomson in J. Linn. Soc. Bot. 4:139.1860; Hook,",4,flowers pale rose or violet or bright red,RED
"94. Impatiens latifolia L., Sp. PI. 937.1753; Hook.f., Fl. Brit. India  1:450.1874, excl.",4,flowers white or purple,WHITE
"95. Impatiens lawii Hook. f. & Thomson  in J. Linn. Soc, Bot. 4:  122. 1860; Hook.",4,no flower colour mentioned,UNKNOWN
96. Impatiens  lawsonii Hook. f. in Rec. Bot. Surv. India 4: 45.1906.,4,flowers white,WHITE
"97. Impatiens  laxillora Edgew. in Trans. Linn. Soc. London 20:40.1846; Hook,  f.,",4,flowers white or rose,WHITE
98. Impatiens lemannii Hook. f. & Thomson in J. Linn. Soc. Bot. 4:154.1860; Nasir,4,no flower colour mentioned,UNKNOWN
"99. Impatiens  lenta Hook.  f.  in  Hooker's  Icon. PI. ser. 4.  10: t. 2933.  1913, 'leita';",4,flowers pale violet,PURPLE/BLUE
100. Impatiens  leptocarpa Hook. f. in Rec. Bot. Surv. India 4: 17. 1905.,4,flowers purple,PURPLE/BLUE
"101. Impatiens  leptoceras D C , Prodr.  1:688. 1824; Hook, f.,  Fl. Brit. India  1: 477.",4,no flower colour mentioned,UNKNOWN
102. Impatiens leptura Hook. f. Fl. Brit. India  1:467.1875; C. Fischer in Bull. Misc.,4,flowers pinkish,PINK
"103. Impatiens  leschenaultii  (DC.)  Wallich  ex Wight  & Arn., Prodr. Fl. Pen. Ind.",4,flowers pink or white,WHITE
"104. Impatiens  ligulata  Beddome  in  Madras J. Lit. Sci. ser. 2.4: 67, t. 7, f. 6. 1859",4,flowers pink or white,WHITE
"105. Impatiens  longipes  Hook.  f.  &  Thomson  in  J.  Linn.  Soc,  Bot.  4:  151. 1860;",4,flowers yellow,YELLOW
106. Impatiens longirama Hook. f. in Bull. Misc. Inform.  1910:292. 1910.,4,flowers rose coloured,RED
"107. Impatiens  lucida  Heyne  ex Hook,  f.,  Fl. Brit. India  1: 451. 1874, excl. syn. /.",4,flowers pink,PINK
108. Impatiens  lutea Hook. f. in Rec. Bot. Surv. India 4:18. 1905.,4,flowers yellow,YELLOW
109. Impatiens  mackeyana  Hook. f. in J. Proc. Linn. Soc. Bot. 7: 188. 1864.,4,no flower colour mentioned,UNKNOWN
"110. Impatiens macrocarpaHook.f. in Bull. Misc. Inform. 1911:355.191 l;Gamble,",4,flowers white,WHITE
"111. Impatiens  maculata Wight  in  Madras J. Lit. Sci. ser.  1. 5:  12. 1837; Hook,  f.,",4,flowers pink or white,WHITE
112. Impatiens majumdariiGhara&C.Ghara  in J. Econ. Tax: Bot. 17(1): 139-140.,4,flowers bluish violet,PURPLE/BLUE
113. Impatiens manipurensis Hook. f. in Rec. Bot. Surv. India  4: 31. 1905.,4,no flower colour mentioned,UNKNOWN
114. Impatiens mannii  C.B. Clarke exHook.  f. in Rec. Bot. Surv. India  4: 27.1905.,4,flowers dull brick-red or orange,RED
115. Imputiens marianae Reichb. f. ex Hook. f. in Rec. Bot. Surv. India  4:27.1905.,4,flowers yellow,YELLOW
116. Impatiens masonii Hook. f. in Rec. Bot. Surv. India  4:29.1905.,4,flowers red,RED
117. Impatiens meeboldii Hook. f. in Bull. Misc. Inform.  1910: 291. 1910.,4,"flowers white, tips of wings purple",WHITE
118. Impatiens minimiflora Hook. f. in Rec. Bot. Surv. India 4: 16.1905.,4,no flower colour mentioned,UNKNOWN
119. Impatiens minor (DC.) Bennet in Indian J. For. 2:283.1979.  Balsaminaminor,4,flowers pink,PINK
"120. Impatiens mishmiensis Hook, f.,Fl. Brit. India  1:476.1875 & in Rec. Bot. Surv.",4,flowers white,WHITE
121. Impatiens modesta Wight in Madras J. Lit. Sci.ser.  1.5:  13.1837&  Icon.3(3):,4,flowers pinkish or white,WHITE
122. Impatiens munnarensis  Barnes in Bull. Misc. Inform.  1938: 32. 1938.,4,"flowers white with purple nerves, inside has a small yellow or orange crest, wings have lilac or violet markings",WHITE
"123. Impatiens  munronii  Wight,  111. Ind.  Bot.  1:  160.  1840 &  Icon.  t.  1049. 1846;",4,flowers white or red,WHITE
"124. Impatiens  mysorensis  Roth, Nov. PI. Sp. 164.1821; Hook.f., Fl. Brit. India  1:",4,flowers red,RED
125. Impatiens nataliae Hook. f. in Bull. Misc. Inform.  1910: 294.1910.,4,flowers white,WHITE
126. Impatiens  neo-barnesii  C. Fischer  in  Bull. Misc. Inform.  1930: 330.  1930 &,4,flowers cream-coloured or almost white,WHITE
127. Impatiens nigrescens Hook. f. in Rec. Bot. Surv. India 4: 28.1905.,4,no flower colour mentioned,UNKNOWN
128. Impatiens nilgirica C. Fischer in Bull. Misc. Inform.  193): 41 - 42. f. A-C. 1931,4,no flower colour mentioned,UNKNOWN
129. Impatiens  nummularifolia  Hook. f. in Rec. Bot. Surv. India 4: 14.1905.,4,no flower colour mentioned,UNKNOWN
130. Impatiens  occultans  Hook. f. in Rec. Bot. Surv. India  4: 17. 1905; H. Hara  in,4,no flower colour mentioned,UNKNOWN
131. Impatiens odontosepala Hook. f. in Bull. Misc. Inform.  1910:299.1910.,4,"flowers yellow, streaked with red",YELLOW
"132. Impatiens  oppositifolia L., Sp. PI. 937. 1753; Wight, Icon. t. 883.1844; Hook,",4,flowers pinkish,PINK
133. Impatiens orchioides Beddome in Madras J. Lit. Sci. ser. 3.1:44.1864 & Icon.,4,flowers reddish-brown or pale brown,RED
134. Impatiens pahalgamensis  Hook. f. in Bull. Misc. Inform.  1910: 291.1910.,4,flowers rose-coloured,RED
"135. Impatiens pallidiflora Hook. f. in Bull. Misc. Inform.  1911:354.1911; Gamble,",4,flowers rose or pink turning yellow,YELLOW
"136. Impatiens  paludosa Hook,  f.,  Fl. Brit. India  1: 480. 1875 & in Rec. Bot. Surv.",4,flowers yellow,YELLOW
137. Impatiens  pandata  Barnes  in  Bull. Misc. Inform.  1938: 33 -  34.  1938 & in  J.,4,lip posteriorly light brownish-purple shading to white anteriorly,WHITE
138. Impatiens pantlingii Hook. f. in Rec. Bot. Surv. India 4: 16. 1905.,4,no flower colour mentioned,UNKNOWN
139. Impatiens  parasitica  Beddome  in Madras J. Lit. Sci. ser. 2. 20: 66. t. 7. f. 2.,4,no flower colour mentioned,UNKNOWN
"140. Impatiens parvifolia Beddome in Madras J. Lit. Sci. ser. 2.20:66. t. 7, f. 1.1859;",4,flowers white or pale pink with crimson blotches,WHITE
"141. Impatiens pendulaHeyne ex Wight & Arn.,Prodr. Fl.Pen.lnd. Or.  136.1834;",4,no flower colour mentioned,UNKNOWN
142. Impatiens  phoenicea  Beddome  in Madras  J.  Lit. Sci. ser. 2.  19:  175. 1858 &,4,"flowers brilliant scarlet, yellow in centre",YELLOW
143. Impatiens  platyadena C. Fischer in Bull. Misc. Inform.  1934: 393. 1934.,4,"lip pinkish, wings scarlet",PINK
144. Impatiens podocarpa  Hook. f. in Hooker's Icon. PI. ser. 4.10: t. 2963.1913.,4,no flower colour mentioned,UNKNOWN
145. Impatiens  polysciadia  Hook. f. in Hooker's Icon. PI. ser. 4.10: t. 2906.1913.,4,flowers rose-coloured,RED
"146. Impatiens  porrecta  Wallich  ex Hook.  f.  &  Thomson  in J.  Linn. Soc, Bot. 4:",4,flowers orange-red or golden-yellow,YELLOW
147. Impatiens  prainii Hook. f. in Rec. Bot. Surv. India  4: 14. 1905.,4,no flower colour mentioned,UNKNOWN
148. Impatiens prostrata Hook. f. in Rec. Bot. Surv. India  4: 31. 1905.,4,no flower colour mentioned,UNKNOWN
149. Impatiens  psittacina Hook.f. in Bot. Mag. t. 7809.1901.,4,"standard pale-rose, wings streaked with red",RED
"150. Impatiens  puberula  D C ,  Prodr.  1: 687. 1824; Hook,  f.,  Fl. Brit. India  1: 470.",4,flowers reddish-violet,RED
151. Impatiens pulcherrima Dalz. in Hooker's J. Bot. KewGard.Misc. 2:37.1850;,4,flowers rose or violet-purple,PURPLE/BLUE
"152. ImpatiempulchraHook.f.&  Thomson m J. Linn. Soc.,Bot. 4:139.1860;Hook.",4,flowers rose-straw coloured or purplish-pink with dark-red streaks,PINK
"153. Impatiens racemosa D C , Prodr. 1:688.1824; Hook. f. & Thomson in J. Linn.",4,flowers yellowish-white with reddish blotches,WHITE
"154. Impatiens racemulosa Wallich ex Hook. f. & Thomson in J. Linn.. Soc, Bot. 4:",4,flowers reddish-violet,RED
"155. Impatiens  radiata  Hook,  f.,  Fl. Brit. India  1: 476. 1875 &  in  Rec. Bot. Surv.",4,flowers yellow or purplish,YELLOW
156. Impatiens raziana Bhaskar  & Raziin J. Bombay Nat. Hist. Soc. 79: 383.1982.,4,flowers scarlet,OTHER
157. Impatiens  reidii Hook. f. in Hooker's Icon. PI. ser. 4.10: t. 2901. 1913.,4,flowers white,WHITE
"158. Impatiens  rheedii Wight  & Am., Prodr. Fl. Pen. Ind. Or.  138.1834; Gamble,",4,flowers pink or mauve with dark streaks,PINK
159. Impatiens rubro-lineata Hook. f. in Bull. Misc. Inform.  1910: 300.1910.,4,"flowers yellow, red-striated",YELLOW
"160. Impatiens  rufescens Benth. ex Wight & Arn., Prodr. Fl. Pen. Ind. Or. 138.1834;",4,flowers rose-pink or purplish,PINK
"161. Impatiens rupicola Hook. f. in Bull. Misc. Inform. 1910:292.1910; Gamble, Fl.",4,flowers rose to bluish-purple,PURPLE/BLUE
"162. Impatiens  scabrida D C , Prodr.  1: 687. 1824; Hook,  f.,  Fl. Brit. India  1: 472.",4,"flowers yellow, speckled with brown",YELLOW
"164. Impatiens scapiflora  Heyne  ex Roxb., Fl. Ind. 2: 464. 1824; Hook,  f.,  Fl. Brit.",4,flowers pink,PINK
"165. Impatiens scitula Hook. f. in Rec. Bot. Surv. India 4:14.1905; Ghara, Maity &",4,no flower colour mentioned,UNKNOWN
"166. Impatiens serrata Benth. ex Hook. f. & Thomson in J. Linn. Soc, Bot. 4:136.",4,flowers yellow or white with red spots,WHITE
167. Impatiens serratifolia Hook. f. in Rec. Bot. Surv. India  4:18.1905; H. Hara in,4,flowers yellow or white,WHITE
"168. Impatiens spirifer Hook. f.& Thomson in J. Linn. Soc.Bot. 4:135.1860; Hook,",4,"lip pale-rose coloured, wings violet-purple",RED
169. Impatiens spissiflora  Hook. f. in Bull. Misc. Inform.  1910:296. 1910.,4,flowers yellowish-white with pink margins,WHITE
"170. Impatiens stenantha Hook, f.,  Fl. Brit. India  1:478.1875 & in Rec. Bot. Surv.",4,"flowers yellow, speckled with red",YELLOW
171. Impatiens stoliczkai Hook. f. in Hooker's Icon. PI. ser. 4.10: t. 2904.1913.,4,no flower colour mentioned,UNKNOWN
172. Impatiens stricta C.B. Clarke in Rec.Bot. Surv. India  4:28.1905.,4,no flower colour mentioned,UNKNOWN
173. Impatiens striolata Hook. f. in Rec. Bot. Surv. India  4:28. 1905.,4,no flower colour mentioned,UNKNOWN
"174. Impatiens sulcata Wallich in Roxb., Fl. Ind. 2:458.1824; Hook. f. & Thomson",4,"flowers pink, purple or dark-crimson",PINK
175. Impatiens  talbotii Hook.f. in Rec. Bot. Surv. India  4:47.1906.,4,flowers pink,PINK
176. Impatiens tangachee Beddome in Madras J. Lit. Sci. ser. 2.20:66.1859 & Icon.,4,flowers bright rose,OTHER
"177. Impatiens  tenella  Heyne  ex Hook,  f.,  Fl. Brit.  India  1: 447.  1874, incl. var.",4,flowers pink,PINK
178. Impatiens  teneriflora Hook. f. in Bull. Misc. Inform.  1910:296.1910.,4,no flower colour mentioned,UNKNOWN
"179. Impatiens  thomsonii  Hook.  f. in J. Linn. Soc, Bot. 4. 128. 1860; Hook,  f.,  Fl.",4,flowers pale-pink or crimson,PINK
"180. Impatiens  tomentosa  Heyne  ex Wight  &  Arn., Prodr.  Fl. Pen.  Ind.  Or.  139.",4,flowers pink,PINK
"181. Impatiens  travancorica  Beddome, Icon. 29. t.  142. 1868 -  1874; Hook,  f.,  Fl.",4,"flowers white, streaked with red or with pink patches near base",WHITE
182. Impatieas  trichocarpa Hook.f. in  Hooker's Icon. PL ser. 4.  10: t. 2914. 1913;,4,no flower colour mentioned,UNKNOWN
183. Impatieas  trichocladon Hook. f. in Rec. Bot. Surv. India 4: 16. 1905.,4,no flower colour mentioned,UNKNOWN
"1908. Herbs;  stems  slender,  erect  or  sometimes  decumbent  at  base,  lowermost  nodes",4,flowers yellow,YELLOW
"185. Impatiens trilobata Colebr. in Hook.,Exot. Fl. 2:1.141.1825; Hook, f., Fl. Brit.",4,flowers purple-red or bright violet-purple,RED
"186. Impatiens  tripetala Roxb. ex D C ,  Prodr.  1: 687. 1824; Roxb., Fl. Ind. 2: 453.",4,no flower colour mentioned,UNKNOWN
"187. Impatiens  tropaeoliflora  Griffith  ex  Hook,  f.,  Fl.  Brit.  India  1:  472.  1875",4,flowers yellow with dull-red tips,YELLOW
"188. Impatiens tuberculata Hook. f. & Thomson in J. Linn. Soc, Bot. 4:155.1860;",4,flowers purplish,PURPLE/BLUE
189. Impatiens  tubifer Hook. f. in Rec. Bot. Surv. India  4:14.1905.,4,no flower colour mentioned,UNKNOWN
"190. Impatiens  umbellata  Heyne  ex Roxb., Fl. Ind. 2: 464.1824; Hook, f.,  Fl. Brit.",4,no flower colour mentioned,UNKNOWN
191. Impatiens uncinate Wight in Madras J. Lit. Sci. ser. 1.5:11. t. 6.1837 & Icon.,4,flowers pink,PINK
192. Impatiens  uncipetala  C.B. Clarke  ex Hook.  f.  in Rec. Bot. Surv. India  4: 18.,4,no flower colour mentioned,UNKNOWN
"193. Impatiens  urticifolia  Wallich  in  Roxb.,  Fl.  Ind.  2:  457.  1832;  Hook.  f.  &",4,flowers pink,PINK
194. Impatiens verecunda Hook. f. in Bull. Misc. Inform.  1911: 356.1911,4,flowers rose,OTHER
"195. Impatiens verticillata Wight in Madras J. Lit. Sci. ser.  1.5:  15.1837; Hook.f.,",4,flowers scarlet-red,RED
196. Impatiens vexillaria Hook. f. in Hooker's Icon. PI. ser. 4.10: t. 2905.1913.,4,flowers white,WHITE
197. Impatiens  violoides  Edgew. ex Hook. f. in Rec. Bot. Surv. India  4: 5. 1904.,4,no flower colour mentioned,UNKNOWN
"198. Impatiens  viridiflora Wight in Madras J. Lit. Sci. ser. 1.5:9.1837; Hook, f., Fl.",4,no flower colour mentioned,UNKNOWN
"199. Impatiens  viscida Wight  in Madras J. Lit. Sci. ser.  1.5:  12.1837; Hook, f.,  Fl.",4,flowers deep-pink or light-purple,PINK
"200. Impatiens viscosa Beddome  in Madras J. Lit. Sci. ser. 2.10:68, t. 7, f. 7.1859-",4,flowers pink,PINK
201. Impatiens wallichii Hook. f. in Rec. Bot. Surv. India 4:20.1905; H. Hara in Fl.,4,no flower colour mentioned,UNKNOWN
"1824. Herbs,  1 - 1.5 m high; stems decumbent, rooting at lower nodes.  Leaves alternate,",4,flowers yellowish-white,WHITE
202. Impatiens wattii Hook. f. in Rec. Bot. Surv. India  4: 30.1905.,4,no flower colour mentioned,UNKNOWN
203. Impatiens wightiana Beddome in Madras J. Lit. Sci. ser. 2.20:67.1858 & Icon.,4,"flowers white, mottled with pink",WHITE
1. Biophytum  DC.,4,no flower colour mentioned,UNKNOWN
9. B. polyphyllum,4,no flower colour mentioned,UNKNOWN
3. B. intermedium,4,no flower colour mentioned,UNKNOWN
1. B. cougestifiorum,4,no flower colour mentioned,UNKNOWN
7. B. nudum,4,no flower colour mentioned,UNKNOWN
6. B.nervifolium,4,no flower colour mentioned,UNKNOWN
5. B.longipedunculatum,4,no flower colour mentioned,UNKNOWN
1. Biophytum congestiflorum  Govind. in J. Econ. Tax. Bot. 20(2): 311. f.  1.1996.,4,flowers yellow,YELLOW
2. Biophytum ins ignis Gamble in Bull. Misc. Inform.  1921:216.1921; C. Fischer in,4,flowers yellow,YELLOW
"3. Biophytum intermedium Wight, 111. 1: 162. 1840; Edgew. & Hook. f.  in Fl. Brit.",4,no flower colour mentioned,UNKNOWN
4. Biophytum longibracteatum  Tad. & Jacob  in J. Indian  Bot. Soc. 4: 87. 1924; C.,4,flowers yellow,YELLOW
5. Biophytum longipedunculatum Govind. in J. Econ. Tax. Bot. 20(2): 312. f. 2.1996.,4,no flower colour mentioned,UNKNOWN
"6. Biophytum  nervifolium Thwaites, Enum. PI. Zeyl. 64.  1858.  B.  sensitivum  (L.)",4,no flower colour mentioned,UNKNOWN
"7. Biophytum nudum (Arn.) Wight, 111. 1: 161.1840; Edgew. & Hook. f. in Fl. Brit.",4,no flower colour mentioned,UNKNOWN
"8. Biophytum  petersianum  Klotzsch  in  Peters, Reise  Mossamb.  Bot.  1: 81, t.  15.",4,flowers yellow,YELLOW
"9. Biophytum polyphylliim Munro  in Wight, 111. 1:162.1840; Edgew. & Hook. f. in",4,no flower colour mentioned,UNKNOWN
"10. Biophytum proliferum  (Arn.) Wight, 111. 1:162.1840; Edgew. & Hook. f. in Fl.",4,no flower colour mentioned,UNKNOWN
"11. Biophytum  reinwardtii  (Zucc.)  Klotzsch  in Peters, Reise  Mossamb. Bot.  1:  85.",4,no flower colour mentioned,UNKNOWN
"12. Biophytum sensitivum  (L.) D C , Prodr.  1: 690. 1824; Edgew. & Hook. f. in Fl.",4,flowers yellow,YELLOW
2. Oxalis  L.,4,no flower colour mentioned,UNKNOWN
10. O. variabilis,4,petals yellow,YELLOW
"1. Oxalis acetosella L., Sp. PI. 433.1753; Edgew. & Hook. f. in Fl. Brit. India  1: 436",4,flowers white,WHITE
"2. Oxalis cernua Thunb., Diss. Oxal. 14. t. 2. f. 2.  1781; Matthew in Rec. Bot. Surv.",4,flowers golden yellow,YELLOW
"3. Oxalis  corniculata  L., Sp. PI.  135. 1753; Edgew. & Hook.  f.  in  Fl. Brit. India  1:",4,petals violet,PURPLE/BLUE
"5. Oxalis  dehradunensis  Raiz., Suppl. Fl. Upp. Gang. Plain  37-38. 1976.  O. inter-",4,flowers purple violet,PURPLE/BLUE
"6. Oxalis deppei Lodd.,Bot. Cab. 15:1.1500.1828; Matthewin Rec. Bot. Surv. India",4,petals dark red,RED
7. Oxalis griffithii  Edgew. & Hook.f. in Fl. Brit. India  1: 436. 1874; Calder  in Rec.,4,no flower colour mentioned,UNKNOWN
8. Oxalis lasiandra Zucc. in  Abh. Math.-Phys. CI. Koenigl. Bayer. Akad. Wiss. 2:,4,flowers crimson,OTHER
"9. Oxalis pubescens  H.B.K.,  Nov. Gen. Sp. 5: 240. 1820; Calder  in Rec. Bot. Surv.",4,flowers orange-yellow,YELLOW
"10. Oxalis variabilis Jacq., Oxal. 89, t. 53,1794, incl. var. rubra; Calder in Rec. Bot.",4,no flower colour mentioned,UNKNOWN
"1874. Trees or shrubs up to  15 m high, hispid.  Rachis  17-57 cm long; leaflets 5-17  pairs,",4,no flower colour mentioned,UNKNOWN
"2. Averrhoa carambola L., Sp. PI. 428.1753; Edgew. & Hook. f. in Fl. Brit. India  1:",4,flowers in different shades of orange and yellow,YELLOW
3. Rutoideae,4,no flower colour mentioned,UNKNOWN
2. Flindersioideae,4,no flower colour mentioned,UNKNOWN
4. Toddalioideae,4,no flower colour mentioned,UNKNOWN
9. Paramignya,4,no flower colour mentioned,UNKNOWN
4. Limonia,4,no flower colour mentioned,UNKNOWN
1. Aegle,4,no flower colour mentioned,UNKNOWN
11. Severenia,4,no flower colour mentioned,UNKNOWN
7. Naringi,4,no flower colour mentioned,UNKNOWN
6. Merope,4,no flower colour mentioned,UNKNOWN
8. Pambunis,4,no flower colour mentioned,UNKNOWN
3. Citrus,4,no flower colour mentioned,UNKNOWN
2. Atalantia,4,no flower colour mentioned,UNKNOWN
10. Pleiospermium,4,no flower colour mentioned,UNKNOWN
14. Glycosmis,4,flowers yellow,YELLOW
20. Ruta,4,flowers white or pink,WHITE
19. Dictamnus,4,flowers white with pinkish stripes,WHITE
18. Boenninghausenia,4,no flower colour mentioned,UNKNOWN
22. Tetradium,4,no flower colour mentioned,UNKNOWN
27. Vepris,4,no flower colour mentioned,UNKNOWN
"1. Aegle Correa,nom. cons.",4,no flower colour mentioned,UNKNOWN
"2. Atalantia  Correa, nom. cons.",4,no flower colour mentioned,UNKNOWN
1. A.inonophylla,4,no flower colour mentioned,UNKNOWN
3. A. simplicifolia,4,no flower colour mentioned,UNKNOWN
"1. Atalantia monophyila (L.) D C , Prodr. 1:535.1824; Hook.f., Fl. Brit. India  1:511.",4,flowers white,WHITE
"2. Atalantia racemosa Wight in Hooker's J. Bot. KewGard. Misc. 1:64,1.122 (Jan.)",4,flowers white,WHITE
"3. Atalantia simplicifolia  (Roxb.)  Engl, in Engl. & Prantl, Nat. Pflanzenfam.  3(4):",4,no flower colour mentioned,UNKNOWN
4. Atalantia  wightii  Tanaka  in  Bull. Soc. Bot. France  75: 714. 1928.  A.  ceylanica,4,flowers white or pale yellowish,WHITE
3. Citrus  L.,4,petals white,WHITE
4. Clinton,4,no flower colour mentioned,UNKNOWN
1. C.  aurantifolia,4,no flower colour mentioned,UNKNOWN
5. C. maxima,4,no flower colour mentioned,UNKNOWN
7. C. reticulata,4,no flower colour mentioned,UNKNOWN
1. Citrus aurantifolia (Christm. & Panz.) Swingle in J. Wash. Acad. Sci. 3:465.1913,4,flowers whitish,WHITE
"2. Citrus aurantium L., Sp. PI. 782.1753; Hook.f., Fl. Brit. India  1: 515.1875, excl.",4,flowers pure white,WHITE
"3. Citrus  indica Tanaka,  Stud. Citrol. 2:  164. 1928; Bhattacharya  &  Dutta,  Class.",4,flowers white,WHITE
"4. Citrus limon (L.) Burmi., Fl. Ind.  173. 1768. C. medica  L. var. limon  L., Sp. PI.",4,flowers purplish,PURPLE/BLUE
"5. Citrus  maxima  (Burm.)  Merr.,  Interpr.  Herb.  Amboin.  46.  1917;  Scora  &",4,no flower colour mentioned,UNKNOWN
"6. Citrus  medica  L.,  Sp.  PL  782.  1753; Swingle  in  Citrus  Ind.  1:  370.  1967.  C.",4,flowers pink or purplish,PINK
"7. Citrus reticulata Blanco, Fl. Filip. 610. 1837; Swingle in Citrus Ind.  1: 380.1967.",4,flowers pure-white,WHITE
8. Citrus sinensis  (L.) Osbeck.Dagb. Ostind. Resa 41.1775; Swingle in Citrus Ind.,4,no flower colour mentioned,UNKNOWN
9. Citrus  ichangensis  Swingle  in J. Agric. Res.  1: 4. 1913 excl. descr.  fructus  & in,4,flowers white,WHITE
"10. Citrus latipes (Swingle) Tanaka, Studia Citrologia 2:155.1928; Bhattacharya &",4,flowers white with purplish tinge,WHITE
"11. Citrus  n.acroptera  Montr,  var.  annamensis  Tanaka  in  Bull. Mus. Hist.  Nat.",4,flowers white,WHITE
1. Citrus  assamensis  Dutta  &  Bhattacharya,4,no flower colour mentioned,UNKNOWN
2. Citrus jambhiri  Lush.,4,no flower colour mentioned,UNKNOWN
3. Citrus karna  Raf.,4,no flower colour mentioned,UNKNOWN
4. Citrus limetta  Risso,4,no flower colour mentioned,UNKNOWN
5. Citrus x madurensis  Lour.,4,no flower colour mentioned,UNKNOWN
6. Citrus megaloxycarpa Lush.,4,no flower colour mentioned,UNKNOWN
7. Citrus nobilis  Lour.,4,no flower colour mentioned,UNKNOWN
4. Limonia  L.,4,"flowers reddish, turning to pale-yellowish",YELLOW
5. Luvunga Buch.-Ham. ex Wight &  Arn.,4,no flower colour mentioned,UNKNOWN
1. Luvunga eleutherandra Dalz. in Hooker's J. Bot. KewGard. Misc. 2: 258.1850;,4,flowers white,WHITE
"2. Luvunga scandens  (Roxb.)  Wight,  111. Ind. Bot.  1: 108. 1840; Hook.f., Fl. Brit.",4,flowers white,WHITE
6. Merope M. Roemer,4,flowers white or yellowish,WHITE
7. Naringi  Adanson,4,flowers white,WHITE
8. Pamburus  Swingle,4,flowers pure white,WHITE
9. Paramignya  Wight,4,flowers white,WHITE
5. P.scandens,4,no flower colour mentioned,UNKNOWN
1. Paramignya  andamanica  (King) Tanaka  in Bull. Soc. Bot. France  75:712.1928;,4,no flower colour mentioned,UNKNOWN
1923. Fig. 81.,4,flowers white,WHITE
"2. Paramignya beddomei Tanaka  in J. Bot. 68: 230.1930; C. Fischer in Gamble, Fl.",4,flowers white,WHITE
"3. Paramignya citrifolia  Oliver in J. Linn. Soc. Bot. 5. Suppl. 2: 42. 1861, valid only",4,flowers white,WHITE
"4. Paramignya monophylla Wight, 111. Ind.Bot.  1:108, t. 42.1840; Hook.f., Fl. Brit.",4,flowers white,WHITE
"5. Paramignya  scandens  (Griffith)  Craib,  Fl.  Siam.  Enum.  1: 235.  1926.  Citrus",4,flowers white,WHITE
10. Pleiospermium (Engl.)  Swingle,4,no flower colour mentioned,UNKNOWN
1931. Naringi alata  (Wight  & Arn.)  Ellis in Bull. Bot.  Surv. India  22: 193. 1980.,4,flowers white,WHITE
11. Severinia  Tenore,4,flowers white,WHITE
12. Triphasia  Lour.,4,flowers white,WHITE
13. Clausena Burm.f.,4,petals cream-white or pale yellowish,WHITE
3. C. excavata,4,no flower colour mentioned,UNKNOWN
"1. Clausena anisata (Willd.) Hook.f.exBenth.inHook., Niger Fl. 256.1849; Molino",4,no flower colour mentioned,UNKNOWN
"1799. A.  dentata Willd., I.e.  Clausena dentata  (Willd.) M. Roemer, Syn. Mem. Hesper.",4,flowers white,WHITE
"1832. Clausena suffruticosa  (Roxb.)  Wight  & Arn. ex Steudel, Nomencl. Bot. ed. 2 , 1 :",4,no flower colour mentioned,UNKNOWN
2. Clausena austroindica  Stone & K.N. Nair in Nord. J. Bot.  14: 491.1994. Molino,4,flowers white,WHITE
"3. Clausena  excavata  Burm.f., Fl.  Ind.  87, t.  29, 2.  1768; Hook.f.,  Fl. Brit.  India",4,no flower colour mentioned,UNKNOWN
"4. Clausena heptaphylla  (Roxb.) Wight & Arn. ex Steudel, Nomencl. Bot. ed. 2,1:",4,no flower colour mentioned,UNKNOWN
"1831. Beng.: Kamnphal,  Pan-kafur.",4,no flower colour mentioned,UNKNOWN
"5. Clausena indica (Dalz.)  Oliver in J. Linn. Soc. Bot. 5. Suppl. 2:36.1861; Hook.f.,",4,flowers white,WHITE
"6. Clausena kanpurensis  J.F. Molino  in Bull. Mus. Hist. Nat. (Paris)  16: 117. f- 2,",4,petals yellowish,YELLOW
"7. Clausena lansium (Lour.)  Skeels, U.S.D.A. Bur. PI. Industr. Bull. 168: 31.1909.",4,no flower colour mentioned,UNKNOWN
1837. Clausena  wampii  (Blanco)  Oliver  in  J.  Linn.  Soc. Bot.  5:  Suppl.  2:  34. 1861;,4,flowers white,WHITE
"14. Glycosmis  Correa, nom. cons.",4,no flower colour mentioned,UNKNOWN
4. G. macrocarpa,4,no flower colour mentioned,UNKNOWN
7. G. pilosa,4,no flower colour mentioned,UNKNOWN
6. G. pentaphylla,4,no flower colour mentioned,UNKNOWN
"1. Glycosmis  angustifolia  Lindl. in Wallich  ex Wight  &  Arn., Prodr.  1: 93. 1834,",4,no flower colour mentioned,UNKNOWN
2. Glycosmis boreanaNarayanaswamiexTanaka  in J.Indian Bot. Soc. 16:228.1937;,4,no flower colour mentioned,UNKNOWN
"3. Glycosmis  cyanocarpa (Blume)  Sprengel, Syst. Veg. ed.  16: 161. 1827.  Cookia",4,no flower colour mentioned,UNKNOWN
"1845. G. pentaphylla  var. 2, subvar. 4. Hook.f., Fl. Brit. India  1: 500. 1875.  G.  cymosa",4,no flower colour mentioned,UNKNOWN
"1941. Small trees up to 4 m high; leaflets 3 - 5 , linear-oblong or linear-lanceolate, tapering",4,no flower colour mentioned,UNKNOWN
"1875. G.pentaphyllavar.longifoliaTrimen,Y{iindb.F\.Ceylon",4,no flower colour mentioned,UNKNOWN
"4. Glycosmis macrocarpa Wight, 111. Ind. Bot. 1:109.1840; Ramachandran  & Nair,",4,flowers white or pale yellowish,WHITE
5. Glycosmis  mauritiana  (Lam.)  Tanaka  in  Bot.  Not.  1928:  159(4  Apr.)  1928;,4,no flower colour mentioned,UNKNOWN
"6. Glycosmis pentaphjila  (F etz.) D C , Prodr. 1: 538.1824, quoad basionym; Mitra",4,flowers creamy-white,WHITE
7. Glycosmis  pilosa Narayanaswami in Rec. Bot. Surv. India  14: 36.1941; Stone in,4,no flower colour mentioned,UNKNOWN
"8. Glycosmis  singuliflora  Kurz  in  J.  Bot.  14: 37, t.  174. f.  1-2,  1876; Tanaka  in  J.",4,no flower colour mentioned,UNKNOWN
"15. Micromelum Blume, nom. cons.",4,flowers white,WHITE
"16. Murraya  Koenig ex L., nom. cons.",4,petals greenish-white to pure white,WHITE
1. M. koenigii,4,no flower colour mentioned,UNKNOWN
2. M. paniculate,4,greenish-white,WHITE
"2. Murraya paniculata (L.) Jack., Malay. Misc. 1:31.1820.  Chalcaspaniculata  L.,",4,flowers white,WHITE
17. Chloroxjlon DC. nom. cons.,4,no flower colour mentioned,UNKNOWN
"1796. Hindi: Bhen; Kan.: Meshwal; Mar.: Halda,  Billu; Or.: Sengelsali; Tarn.:  Mammarai,",4,flowers creamy-white,WHITE
"18. Boenninghausenia  Reichb. ex Meissner, nom. cons.",4,flowers white,WHITE
2. B. sessilicarpa,4,no flower colour mentioned,UNKNOWN
"1. Boenninghausenia  albiflora  (Hook.)  Meissner,  PI.  Vase.  Gen.  2:  44.  1837;",4,no flower colour mentioned,UNKNOWN
"2. Boenninghausenia sessihcarpa Levi, in Feddes Repert. Sp. Nov. Regni Veg. 12:",4,no flower colour mentioned,UNKNOWN
19. Dictamnus  L.,4,petals yellow,YELLOW
21. Melicope J.R. & G. Forst.,4,no flower colour mentioned,UNKNOWN
1. M. accedens,4,no flower colour mentioned,UNKNOWN
1. Melicope  accedens  (Blume)  T.G.  Hartley  in  Sandakania  4: 67.  1994.  Euodia,4,no flower colour mentioned,UNKNOWN
"68. The Andaman specimen represents a variant of M. accedens, characterized by sepals",4,no flower colour mentioned,UNKNOWN
2. Melicope glabra (Blume) T. G. Hartley in Sandakania  4:60.1994.  Fagara glabra,4,no flower colour mentioned,UNKNOWN
"3. Melicope indica Wight, Icon. PI. Ind.  Orient.  3: t.  1051. 1845; Hook.f., Fl. Brit.",4,no flower colour mentioned,UNKNOWN
4. Melicope lunuankenda  (Gaertner) T. Hartley in Sandakania 4: 61.1994.  Fagam,4,no flower colour mentioned,UNKNOWN
1875. Euodia  lunuankenda  (Gaertner)  Merr. var. tirunelvelica Henry  &  Chandrab. in,4,flowers white,WHITE
22. Tetradium  Lour.,4,no flower colour mentioned,UNKNOWN
1. T. fraxinifolium,4,no flower colour mentioned,UNKNOWN
1. Tetradium fraxinifolium (Hook.)  T. G. Hartley in Gard. Bull. Straites  Settlem.,4,flowers white or yellowish,WHITE
2. Tetradium glabrifolium (Champ. exBenth.)  T. G. Hartley in Gard. Bull. Straits,4,no flower colour mentioned,UNKNOWN
3. Tetradium ruticarpum (A. Juss.) T. G. Hartley in Gard. Bull. Straits Settlem. 34:,4,no flower colour mentioned,UNKNOWN
23. Zanthoxylum  L.,4,no flower colour mentioned,UNKNOWN
1. Z. acanthopodium,4,no flower colour mentioned,UNKNOWN
6. Z. ovalifolium,4,no flower colour mentioned,UNKNOWN
4. Z.myriacanthuiu,4,no flower colour mentioned,UNKNOWN
8. Z. pseudoxyphyllum,4,no flower colour mentioned,UNKNOWN
11. Z. tetraspermum,4,no flower colour mentioned,UNKNOWN
3. Z. burkillianum,4,no flower colour mentioned,UNKNOWN
10. Z. scan dens,4,no flower colour mentioned,UNKNOWN
"1. Zanthoxytum acanthopodium D C , Prodr. 1:727.1824; Hook.f., Fl. Brit. India  1:",4,flowers green or yellowish,YELLOW
"2. Zanthoxjium armatum D C , Prodr. 1:727.1824; T.G. Hartley in J. Am. Arb. 47:",4,flowers yellow,YELLOW
3. Zanthoxylum burkillianum Babu in Bull. Bot. Surv. India  16:55.1974 (1977).  Z.,4,no flower colour mentioned,UNKNOWN
"4. Zanthoxylum  myriacanthum  Wallich  ex Hook.f., Fl. Brit.  India  1: 496. 1875.",4,no flower colour mentioned,UNKNOWN
"5. Zanthoxylum nitidum (Roxb.)  D C , Prodr. 1:727.1824; Babu in Bull. Bot. Surv.",4,no flower colour mentioned,UNKNOWN
"6. Zanthoxylum ovalifolium Wight, 111. Ind.Bot. 1:169.1839; Hook.f.,Fl. Brit. India",4,flowers white,WHITE
7. Zanthoxyium  oxyphyllum  Edgew.  in  Trans.  Linn.  Soc.  London  20: 43.  1846;,4,no flower colour mentioned,UNKNOWN
"9. Zanthoxylum  rhetsa  (Roxb.) D C ,  Prodr.  1: 728. 1824; Hook.f., Fl. Brit. India  1:",4,flowers white or creamy yellow,WHITE
"10. Zanthoxylum scandens  Blume, Bijdr. 249.1825; Babu  in Bull. Bot. Surv. India",4,no flower colour mentioned,UNKNOWN
"11. Zanthoxylumtetraspermum Wight & Arn.,Prodr.  1:148.1834; Hook.f.,Fl. Brit.",4,no flower colour mentioned,UNKNOWN
"12. Zanthoxylum tomentellum Hook.f., Fl. Brit. India  1:493.1875 emend. Babu in",4,no flower colour mentioned,UNKNOWN
24. Acronychia J.R. & G. Forst. nom. cons.,4,no flower colour mentioned,UNKNOWN
1915. Asm.: Loajan;  Kan.: Sonemau;  Mai.:  Vidu Kaneli; Or.: Madhugodiyamado;  Tarn.:,4,flowers cream-yellowish,YELLOW
25. Skimmia  Thunb. nom. cons.,4,no flower colour mentioned,UNKNOWN
2. S. arborescens,4,no flower colour mentioned,UNKNOWN
"1. Skimmia anquetilia N.P. Taylor & Airy Shaw in Bot. Mag.  182: 170-171, t. 789.",4,flowers yellow,YELLOW
2. Skimmia arborescens  T.Anderson  ex Gamble in  J.Linn.Soc.Bot.43:491.1916;,4,flowers white or greenish-yellow,WHITE
"3. Skimmia laureola (DC.)  Sieb. & Zucc. ex Walpers, Reg. Bot. Syst. 5: 405.1846;",4,flowers cream or greenish-white,WHITE
26. Toddalia Juss.,4,flowers creamy-white,WHITE
27. Vepris A. Juss.,4,flowers yellow,YELLOW
"1. Calodendrum  capense  (L.f.)  Thunb., Nov.  Gen.  PI.  2:  43.  1782.  Dictamnus",4,flowers mauve,OTHER
"2. Casimiroa edulis La Live in La Live & Lex., Nov. Veg. Descr. Fasc. 2:2.1825.",4,flowers greenish-white,WHITE
"3. Choisya ternata Kunth in H.B.K., Nov. Gen. Sp. PI. 6:6, t. 513.1823; Matthew in",4,no flower colour mentioned,UNKNOWN
"4. Flindersia australis R. Br. in Flinder's Voyage 2:595,1.1.1814; Hartley in J. Arn.",4,flowers creamy-white,WHITE
5. Fortunellajaponica  (Thunb.)  Swingle in J. Wash. Acad. Sci.5:  171.1915. Citrus,4,no flower colour mentioned,UNKNOWN
6. Melicope denhamii  (Seem.) T. G. Hartley in  Sandakania  4: 57. 1994.  Picrasma,4,flowers greenish-yellow,YELLOW
"7. Poncirus trifoliata (L.) Raf.,  Sylv. Tellur. Mant. 143.1838.  Citrus trifoliata L.,Sp.",4,no flower colour mentioned,UNKNOWN
"8. Ravenia  spectabilis  (Lindl.)  Engl, in  Martius, Fl. Bras.  12: 76.  1874.  Limonia",4,flowers purplish-red,RED
5. Sam ad era,4,no flower colour mentioned,UNKNOWN
3. Harrisonia,4,no flower colour mentioned,UNKNOWN
1. Ailanthus,4,no flower colour mentioned,UNKNOWN
3. A. integrifolia,4,no flower colour mentioned,UNKNOWN
1. Aaltissima,4,no flower colour mentioned,UNKNOWN
1. Ailanthus  altissima  (Miller)  Swingle in J. Wash. Acad. Sci. 6: 495. 1916.  Toxi-,4,no flower colour mentioned,UNKNOWN
"2. Ailanthus excelsaRoxb.,PI. Coromandel  l:24,t. 23.1795; A.W. Bennett in Hook,",4,no flower colour mentioned,UNKNOWN
3. Ailanthus integrifoliaLam. subsp. calycina (Pierre) Nooteb. in SteenisFl. Males.,4,no flower colour mentioned,UNKNOWN
"4. Ailanthus  triphysa  (Dennst.)  Alston, Handb. Fl. Ceylon  6 (Suppl.): 41. 1931;",4,no flower colour mentioned,UNKNOWN
"1902. Kan.: Dhup,  Hal-maddi;Mai.:  Pongityam, Mattipal; Tam.: Peru, Perumaram;  Tel.:",4,no flower colour mentioned,UNKNOWN
"2. BruceaJ.F. Miller, nom. cons.",4,no flower colour mentioned,UNKNOWN
"1. Brucea javanica (L.) Merr. in J. Am. Arb. 9:3.1928; Nooteb. in Steenis, Fl. Males,",4,flowers reddish or greenish-red or purple,RED
"2. Brucea mollis  Wallich ex Kurz in J. Asiat. Soc. Bengal Pt., 2, Nat. Hist. 42: 64.",4,"petals green, white, creamy or red",WHITE
"3. Harrisonia  R. Br. ex Adr. Juss., nom. cons.",4,flowers whitish,WHITE
1. H. browilii,4,flowers pinkish,PINK
"1. Harrisonia brownii Adr. Juss. in Mem. Mus. Hist. Nat. Paris 12:540. t. 28, no. 47.",4,flowers white,WHITE
2. Harrisonia  perforata  (Blanco)  Merr.  in Philipp. J. Sci. 7: 236. 1912; Nooteb. in,4,pale pinkish,PINK
4. Picrasma  Blume,4,no flower colour mentioned,UNKNOWN
"1. Picrasma javanica Blume, Bijdr. 5: 248.1825; A.W. Bennett  in Hook.f., Fl. Brit.",4,no flower colour mentioned,UNKNOWN
"2. Picrasma  quassioides  (D.  Don)  J J .  Bennett,  PI. Java  Rar.  198.  1844;  A.W.",4,no flower colour mentioned,UNKNOWN
5. Samadera  Gaertner,4,flowers white or pale yellow or purplish,WHITE
"2. Nat. Hist. 62:230.1893) holds similar view.  Further, inspite of intensive and extensive",4,flowers bright yellow,YELLOW
1. Brackenridgea,4,no flower colour mentioned,UNKNOWN
2. Gomphia,4,no flower colour mentioned,UNKNOWN
1. Brackenridgea  A. Gray,4,petals white or yellow,WHITE
2. Gomphia  Schreber,4,flowers yellow creamy or white,WHITE
3. Ochna  L.,4,flowers yellow,YELLOW
"1. Ochna  gamblei  King  ex  Brandis,  Indian  Trees  128.  1906;  Gamble,  Fl.  Pres.",4,flowers yellow,YELLOW
"1935. Kanis  in  Blumea  16:  36.  1968  &  in  Steenis,  Fl.  Males,  ser.l.  7:  199  1972.",4,no flower colour mentioned,UNKNOWN
3. Ochna lanceolate Sprengel.Syst. Veg.2:597.1825.0. wightiana Wallich ex Wight,4,no flower colour mentioned,UNKNOWN
"4. Ochna obtusata DC. in Ann. Mus. Natl. Hist. Nat.  17: 411.  1811, O. squarrvsa",4,flowers bright yellow,YELLOW
5. Dacryodes,4,no flower colour mentioned,UNKNOWN
4. Commiphora,4,no flower colour mentioned,UNKNOWN
1. Boswvllia Roxb. ex Colebr.,4,flowers white or pink,WHITE
2. B. serrata,4,no flower colour mentioned,UNKNOWN
1. Bosvvellia  ovalifoliolata  Balakr. &  Henry in J. Bombay Nat. Hist. Soc. 58: 546.,4,flowers pale rose,OTHER
2. Bosvvellia serrata  Roxb. ex Colebr. in Asiat. Res. 9: 379. t. 5.1807; A.W. Bennett,4,"flowers pink, or white with pinkish tinge",WHITE
2. Bursera Jacq.  exL.,4,flowers creamy white,WHITE
3. Canarium  L.,4,petals creamy white,WHITE
1. C. bengalense,4,no flower colour mentioned,UNKNOWN
"1. Canarium bengalense Roxb., Fl. Ind. 3: 136. 1832; A.W. Bennett  in Hook, f.,  Fl.",4,no flower colour mentioned,UNKNOWN
"2. Canarium denticulatum Blume, Bijdr.  1162.1826; Leenh. in Steenis, Fl. Males.",4,no flower colour mentioned,UNKNOWN
"3. Canarium  euphyllum  Kurz  in J. Asiat. Soc. Bengal, Pt. 2, Nat. Hist. 41(2): 295.",4,no flower colour mentioned,UNKNOWN
"4. Canarium  manii King in J. Asiat. Soc. Bengal, Pt. 2, Nat. Hist. 62(2): 247.1894;",4,flowers white,WHITE
"5. CanariumstrictumRoxb.,Fl.Ind.3:138.1832; A.W.Bennett  in Hook.f.,Fl. Brit.",4,flowers yellow or dull white or pale green,WHITE
6. Canarium  vulgare Leenh. in  Bernice  P. Bishop  Mus. Bull. 216: 31. f.  13. 1955;,4,no flower colour mentioned,UNKNOWN
4. Commiphora Jacq. nom. cons.,4,no flower colour mentioned,UNKNOWN
5. C. wiglitii,4,no flower colour mentioned,UNKNOWN
"1. Commiphora agallocha (Wight  & Am.)  Engl, in A. & C. D C , Monogr. Phan. 4:",4,no flower colour mentioned,UNKNOWN
"1839. B.  mxburghii Arn. in Ann. Nat. Hist. 3: 86.1839, non  Stocks  1848; A.W. Bennett",4,flowers red,RED
"2. Commiphora berryi (Arn.) Engl, in A. & C. D C , Monogr. Phan. 4: 17.1883; T.",4,"flowers deep red, pink or cream coloured",PINK
"3. Commiphora caudata  (Wight  &  Arn.)  Engl, in A. & C. D C ,  Monogr. Phan. 4:",4,no flower colour mentioned,UNKNOWN
"1875. P. roxburghiana Wight & Am., Prodr.  176.1834.",4,flowers pale green to red,RED
"4. Commiphora  pubescens  (Wight  & Arn.)  Engl, in A. &  C. D C ,  Monogr.  Phan.",4,flowers yellowish-red,YELLOW
5. Commiphora wightii (Arn.) Bhandari in Bull. Bot. Surv. India 6: 327.1964 & Fl.,4,flowers red or pinkish white,WHITE
5. Dacryodes  Vahl,4,flowers pale yellow or white,WHITE
6. Garuga  Roxb.,4,no flower colour mentioned,UNKNOWN
1. GarugafloribundaDecne. in Nouv. Ann. Mus. Hist. Nat. 3:477.1834 var.gamblei,4,flowers white or yellow,WHITE
"2. Garuga pinnata Roxb., PI. Coromandel 3:5. t. 208.1811; A.W. Bennett in Hook.",4,flowers cream-coloured or pale yellow,YELLOW
"7. Protium Burm. f.,  nom. cons.",4,no flower colour mentioned,UNKNOWN
1883. Bursera sermta Wallich ex Colebr. in Trans. Linn. Soc. London  15: 361. t. 4.1827;,4,flowers pale green or greenish white,WHITE
16. Trichilia,4,no flower colour mentioned,UNKNOWN
17. Turraea,4,no flower colour mentioned,UNKNOWN
7. Dysoxytum,4,no flower colour mentioned,UNKNOWN
6. Cipadessa,4,no flower colour mentioned,UNKNOWN
3. Azadirachta,4,no flower colour mentioned,UNKNOWN
8. Melia,4,no flower colour mentioned,UNKNOWN
1. Aglaia,4,no flower colour mentioned,UNKNOWN
2. Aphanainixis,4,no flower colour mentioned,UNKNOWN
11. Rein ward tiodendron,4,no flower colour mentioned,UNKNOWN
18. Xyiocarpus,4,no flower colour mentioned,UNKNOWN
1. Aglaia  Lour.,4,no flower colour mentioned,UNKNOWN
15. Aindica,4,no flower colour mentioned,UNKNOWN
6. A. chittagonga,4,no flower colour mentioned,UNKNOWN
22. Aspectabilis,4,no flower colour mentioned,UNKNOWN
19. A-iuaiae,4,no flower colour mentioned,UNKNOWN
14. A.haslettiana,4,no flower colour mentioned,UNKNOWN
17. Akhasiana,4,no flower colour mentioned,UNKNOWN
2. A. apiocarpa,4,no flower colour mentioned,UNKNOWN
1. A. andamanica,4,no flower colour mentioned,UNKNOWN
23. Atalbotii,4,no flower colour mentioned,UNKNOWN
9. A. elaeagnoidea,4,no flower colour mentioned,UNKNOWN
5. Acanarensis,4,no flower colour mentioned,UNKNOWN
20. A. perviridis,4,no flower colour mentioned,UNKNOWN
8. A. edulis,4,no flower colour mentioned,UNKNOWN
"1. Aglaia andamanica Hiern in Hook, f., Fl. Brit. India  1:555.1875; C.E. Parkinson,",4,calyx yellowish-white,WHITE
"2. Aglaia apiocarpa (Thwaites)  Hiern  in Hook. f.,Fl. Brit. India  1: 555. 1875; Nair",4,no flower colour mentioned,UNKNOWN
"3. Aglaia argentea Blume,Bijdr.  170.1825; C.E. Parkinson, Forest Fl. Andaman Isl.",4,no flower colour mentioned,UNKNOWN
4. Aglaia barberi Gamble in Bull. Misc. Inform.  1915: 346.1915 & Fl. Pres. Madras,4,no flower colour mentioned,UNKNOWN
5. Aglaia  canarensis  Gamble  in  Bull. Misc. Inform.  1915: 346.  1915  &  Fl. Pres.,4,no flower colour mentioned,UNKNOWN
6. Aglaia  chittagonga  Miq.  in  Ann.  Mus.  Bot.  Lugduno-Batavum  4:  44.  1868.,4,no flower colour mentioned,UNKNOWN
"7. Aglaia  cucullata  (Roxb.)  Pellegrin  in  Lecomte,  Fl.  Indo-Chine  1:  171. 1911.",4,no flower colour mentioned,UNKNOWN
"8. Aglaia  edulis  (Roxb.)  A. Gray, U.S. Expl. Exped.  Phan.  1: 237.  1854; Hiern  in",4,flowers yellow,YELLOW
"9. Aglaia elaeagnoidea (A. Juss.) Benth., Fl. Austral. 1:383.1863;Ramamoorfhy  in",4,flowers yellow,YELLOW
1981. A.  bourdillonii  Gamble in Bull. Misc. Inform.  1915: 346.1915 & Fl. Pres. Madras,4,no flower colour mentioned,UNKNOWN
1915. Fl.  Nov. - Feb.;  Fr. Jan. - Dec.,4,no flower colour mentioned,UNKNOWN
10. Aglaia exstipulata  (Griffith)  Balakr. in J.  Bombay Nat. Hist. Soc. 67: 57.1970.,4,no flower colour mentioned,UNKNOWN
"11. Aglaia  fusca  King in J.  Asiat.  Soc. Bengal  Pt.  2, Nat. Hist. 64: 62.  1895; C.E.",4,no flower colour mentioned,UNKNOWN
"12. Aglaia ganggo Miq., Fl. Ned. Ind., Eerste Bijv. 3:506.1861. & in Ann. Mus. Bot.",4,no flower colour mentioned,UNKNOWN
"13. Aglaia glaucescens  King in J. Asiat. Soc. Bengal Pt. 2, Nat. Hist. 64: 64. 1875;",4,flowers yellowish-orange,YELLOW
14. Aglaia haslettiana Haines in J. & Proc. Asiat. Soc.Bengal  15: 312.1919&  Bot.,4,no flower colour mentioned,UNKNOWN
"15. Aglaiaindica (Hook, f.) Harms in Engl. & Prantl, Nat.Pflanzenfam.  ed. 2,19bl:",4,no flower colour mentioned,UNKNOWN
16. Aglaia jainii  Viswananthan  &  K. Ramachandran  in Bull. Bot. Surv. India  24:,4,flowers greenish yellow,YELLOW
"17. Aglaia khasiana Hiern  in Hook,  f.,  Fl. Brit. India  1: 554. 1875; Kanj.  et al., Fl.",4,no flower colour mentioned,UNKNOWN
1976. Nimmoa  lawii Wight  in  Calcutta  J.  Nat. Hist. 7:  113. 1847.  Epicharis exarillata,4,flowers white,WHITE
"19. Aglaia maiae Bourd. in J. Bombay Nat. Hist. Soc. 12: 350.1.11.1899; Gamble,",4,flowers yellow,YELLOW
"20. Aglaia perviridis Hiern  in Hook,  f.,  Fl. Brit. India  1: 556.1875; Kanj. et al., Fl.",4,flowers white,WHITE
"21. Aglaia simplicifolia (Beddome) Harms in Engl. & Prantl, Nat. Pflanzenfam.  ed.",4,no flower colour mentioned,UNKNOWN
22. Aglaia  spectabilis  (Miq.)  S.S. Jain  &  Bennet  in  Indian  J.  For.  9: 271. 1986;,4,no flower colour mentioned,UNKNOWN
"23. Aglaia talbotii  Sund. in Bull. Bot. Surv. India  10:184.1969.  A.  littoralis Talbot,",4,no flower colour mentioned,UNKNOWN
2. Aphanamixis  Blume,4,flowers dull-white,WHITE
3. Azadirachta  A. Juss.,4,flowers white,WHITE
4. Chisocheton  Blume,4,flowers white,WHITE
1. Chisocheton cumingianus ( C D C.) Harms var. balansae (CDC.) Mabb. in Taxon,4,flowers pale yellow,YELLOW
"1992. Tree,  15 - 30 m tall; bark lenticellate.  Leaves 20 - 60 cm long, pseudogemmulate;",4,flowers white,WHITE
5. Chukrassia  A. Juss.,4,flowers yellowish-white,WHITE
6. Cipadessa  Blume,4,flowers white,WHITE
7. Dysoxylum Blume,4,no flower colour mentioned,UNKNOWN
5. D.  binectariferum,4,"flowers creamy white, flowers white tinged with purple",WHITE
16. D. thyrsoideum  var.  andamanicum,4,no flower colour mentioned,UNKNOWN
14. D. reticulatum,4,no flower colour mentioned,UNKNOWN
"1970. Guarea alliaria Buch.-Ham. in Mem. Wern. Nat. Hist. Soc. 6: 305.1832, excl. Syn.",4,flowers greenish-white,WHITE
"2. Dysoxylum andamanicum  King in J. Asiat. Soc. Bengal Pt. 2, Nat. Hist. 64: 49.",4,flowers pale yellow or cream-coloured,YELLOW
3. Dysoxylum arborescens  (Blume)  Miq. in Ann. Mus. Bot. Lugduno-Batavum  4:,4,no flower colour mentioned,UNKNOWN
4. Dysoxylum beddomei Hiern  in Fl. Brit. India  1: 548.1875.,4,flowers greenish-yellow,YELLOW
5. Dysoxylum  binectariferum  (Roxb.)  Hook.  f.  ex Beddome  in  Trans. Linn. Soc.,4,flowers pale-white,WHITE
6. Dysoxylum densiflorum  Miq. in Ann. Mus. Bot. Lugduno  - Batavum  4: 9. 1868;,4,flowers white,WHITE
"7. Dysoxylum  ficiforme  (Wight)  Gamble,  Fl.  Pres.  Madras  178.  1915.  Amoora",4,flowers buff-coloured,RED
"8. Dysoxylum gobarum (Buch.-Ham.)  Merr. in J. Arn. Arb.23: 173.1942; Balakr.,",4,flowers creamy white,WHITE
"10. Dysoxylum malabaricum Beddome  ex Hiern  in Hook, f.,  Fl. Brit. India  1: 548.",4,no flower colour mentioned,UNKNOWN
1815. D.glandulosum  Talb. Syst.List Trees Bombay  39.1894.,4,flowers white,WHITE
"11. Dysoxylum microbotrys  King in J. Asiat. Soc. Bengal Pt. 2, Nat. Hist. 64:  48.",4,no flower colour mentioned,UNKNOWN
"12. Dysoxylum pallens Hiern in Hook. f.,Fl. Brit. India  1:548.1875; Kanj. et al.,Fl.",4,no flower colour mentioned,UNKNOWN
"14. Dysoxylum  reticulatum  King in J. Asiat. Soc. Bengal Pt. 2, Nat. Hist. 65: 114.",4,no flower colour mentioned,UNKNOWN
16. Dysoxylum thyrsoideum Griffith  exHiern  var. andamanicum King in J.  Asiat.,4,no flower colour mentioned,UNKNOWN
1923. Medium-sized  tree; bark  dark  brownish  green  with  an  offensive  smell when  cut.,4,flowers white tinged with pink,WHITE
8. Melia L.,4,flowers lilac,OTHER
"1. Melia azedarach L., Sp. PI. 384. 1753; Wight, Icon. PI. Ind. Orient. 1.160. 1839;",4,no flower colour mentioned,UNKNOWN
"2. MeliadubiaCav.,Diss.7:364.1789; Hiern in Hook, f., Fl. Brit. India  1:545.1875.",4,no flower colour mentioned,UNKNOWN
9. Munronia Wight,4,flowers white or pink,WHITE
10. Naregamia Wight &  Arn.,4,flowers white,WHITE
11. Reinwardtiodendron  Koord.,4,no flower colour mentioned,UNKNOWN
1966. Reinwardtiodendrvn  anamallayanum  (Beddome)CJ.  Saldanha  in C J .  Saldanha,4,flowers white,WHITE
12. Sandoricum  Cav.,4,flowers yellow or whitish,WHITE
13. Soymida A. Juss.,4,flowers greenish white,WHITE
14. Sphaerosacme Wallich  ex Royle,4,flowers yellow,YELLOW
5. T. sinensis,4,no flower colour mentioned,UNKNOWN
4. T. microcarpa,4,flowers greenish or creamish yellow,YELLOW
1988. KEY TO  THE  VARIETIES,4,no flower colour mentioned,UNKNOWN
"366. C. toona  Roxb. ex Rottler  var. pilistaminea  C D C ,  I.e. 366.  C. toona  Roxb.  ex",4,no flower colour mentioned,UNKNOWN
"367. C. toona  Roxb. ex Rottler var. talbotii C D C ,  I.e. 367.",4,no flower colour mentioned,UNKNOWN
"12. Toona  ciliata  subsp. velutina  (DC)  Bahadur, Monogr. Gen. Toona  97. 1988.",4,no flower colour mentioned,UNKNOWN
"1908. C. toona Roxb. ex Rottler var. sublaxiflora C D C , I.e. 369.  C J U M # I C . D C . , L C . 3 7 1",4,no flower colour mentioned,UNKNOWN
1920. KEY TO  THE  VARIETIES,4,no flower colour mentioned,UNKNOWN
2. Toona  fargesii  A.  Chev.  in  Rev.  Int.  Bot.  Appl.  Agric.  Trop.  24:  158.  1944;,4,petals tinged with purple,PURPLE/BLUE
"3. Toona hainesii  (CDC.)  Harms in Engl. & Prantl, Nat. Pflanzenfam.  ed. 2,19bl:",4,no flower colour mentioned,UNKNOWN
"4. Toona microcarpa ( C D C )  Harms  in Engl. & Prantl, Nat. Pflanzenfam.  3:270.",4,no flower colour mentioned,UNKNOWN
"5. Toona  sinensis  (A. Juss.)  M.  Roemer,  Fam.  Nat.  Syn.  Monogr.  1:  138. 1846;",4,no flower colour mentioned,UNKNOWN
"6. Toona  sureni  (Blume)  Merr.,  Interpr.  Herb.  Amboin.  305.  1917;  Bahadur,",4,no flower colour mentioned,UNKNOWN
"1825. Cedrela  inodora  Hassk.,  Hort.  Bogor.  131. 1844.  Toona febrifuga  (Blume)  M.",4,no flower colour mentioned,UNKNOWN
"7. Toona  ternatensis  (Miq.)  Bahadur,  Monogr.  Gen.  Toona  144.  1988.  Cedrela",4,flowers cream-coloured,RED
17. Turraea  L.,4,flowers white or yellow,WHITE
18. Xylocarpus  Koenig,4,no flower colour mentioned,UNKNOWN
2. X.granatum,4,no flower colour mentioned,UNKNOWN
1. Xylocarpus gangeticus  (Prain)  C.E. Parkinson in Indian  Forester  60: 140. 1934.,4,flowers pinkish white,WHITE
2. Xylocarpus  granatum  Koenig  in  Naturforscher  20: 2.  1784; C.E.  Parkinson  in,4,flowers yellow,YELLOW
"1923. Xylocarpus mekongensis  Pierre, Fl. For. Cochinch. t. 359B. 1897; Krishnam. et al.",4,flowers pinkish yellow,YELLOW
19. Walsura Roxb.,4,flowers white,WHITE
5. W. robusta,4,no flower colour mentioned,UNKNOWN
4. W. perrottetii,4,no flower colour mentioned,UNKNOWN
2. W.hypoleuca,4,no flower colour mentioned,UNKNOWN
"1. Walsura candollei King in J. Asiat. Soc. Bengal Pt. 2, Nat. Hist. 64: 84.1895.",4,flowers white,WHITE
"2. Walsura  hypoleuca  Kurz, Rep. Veg. Andaman  Id.  33. 1870 &  in J. Asiat. Soc.",4,flowers white,WHITE
"3. Walsura oxycarpa  Kurz in J. Asiat. Soc. Bengal  Pt.2, Nat. Hist. 44: 200.1875 &",4,no flower colour mentioned,UNKNOWN
4. Walsura perrottetii C D C . in Annuaire Conserv. Jard. Bot. Geneve  10:152.1907.,4,no flower colour mentioned,UNKNOWN
"5. Walsura robusta Roxb., Fl. Ind. 2:386.  1832; Hiern  in Hook, f.,  Fl. Brit. India  1:",4,flowers yellowish or white,WHITE
"6. Walsura trifolia (A. Juss.) Harms in Engl. & Prantl, Nat. Pflanzenfam. ed 2,19bl:",4,no flower colour mentioned,UNKNOWN
"7. Walsura tubulata Hiern in Hook, f.,  Fl. Brit. India  1:563.1875.",4,flowers yellow,YELLOW
"1. Cedrela odorata L., Sp. PI. 289.1753.",4,no flower colour mentioned,UNKNOWN
"2. Khaya grandifoliola C D C . in Bull. Soc. Bot. France 8:10.1907; B. Sharma et al.,",4,no flower colour mentioned,UNKNOWN
3. Khaya senegalensis  A. Juss. in Mem. Mus. Hist. Nat.  19:249.1830.,4,flowers yellow,YELLOW
"5. Swietenia mahagoni (L.) Jacq., Enum. Syst. PI. 20.1760.",4,no flower colour mentioned,UNKNOWN
"6. Swietenia macrophylla  King in Hooker's Icon. PI.  16,1.1550.1886.",4,flowers greenish,GREENISH
"1. Dichapetalum  gelonioides  (Roxb.)  Engl, in Engl. &  Prantl,  Pflanzenfam.  3,4:",4,no flower colour mentioned,UNKNOWN
"1832. Chailletia gelonioides  (Roxb.)  Beddome, Fl. Sylv. S. India 59, t. 9, f. I.  1-8. 1870,",4,flowers greenish white,WHITE
2. Dichapetalum  platyphyllum  Merr.  in  Philipp. J.  Sci. 30: 401.  1926; Leenh.  in,4,no flower colour mentioned,UNKNOWN
"3. Dichapetalum  timoriense  (DC.)  Boerl.,  Handl.  Fl.  Ned.  Ind.  1:  199.  i890.",4,no flower colour mentioned,UNKNOWN
"1996. Herbs,  perennial,  epiphytic,  scapigerous,tuberous;  tubers  white  with  light  violet",4,flowers cream white,WHITE
3. Olax  scandens  Roxb.,5,no flower colour mentioned,UNKNOWN
8. Stemonurus  secundiflorus  Blume,5,no flower colour mentioned,UNKNOWN
10. Opilia  amentacea  Roxb.,5,no flower colour mentioned,UNKNOWN
11. Cardiopteris  quinqueloba  (Hassk.)  Hassk.,5,no flower colour mentioned,UNKNOWN
15. Ilex  insignis Hook.f.,5,no flower colour mentioned,UNKNOWN
22. Microtropis  ramiflora  Wight,5,no flower colour mentioned,UNKNOWN
24. Siphonodon celastrineus  Griffith,5,no flower colour mentioned,UNKNOWN
27. Loeseneriella  parkinsonii  (T. Chakrab. &  Gang.),5,no flower colour mentioned,UNKNOWN
28. Reissantia grahamii  (Wight) Ding Hou,5,no flower colour mentioned,UNKNOWN
30. RHAMNACEAE,5,no flower colour mentioned,UNKNOWN
52. Berchemia  floribunda  (Wallich)  Brongn.,5,no flower colour mentioned,UNKNOWN
54. Ziziphus  xylocarpa  (Retz)  Willd.,5,no flower colour mentioned,UNKNOWN
68. Ampelocissus  araneosa  (Dalz.)  Planchon  ex  Gamble,5,no flower colour mentioned,UNKNOWN
75. Leea  aequata  L.,5,no flower colour mentioned,UNKNOWN
79. Harpullia  arborea  (Blanco)  Radlk.,5,no flower colour mentioned,UNKNOWN
82. Sapindus  mukorossi  Gaertner,5,no flower colour mentioned,UNKNOWN
83. Aesculus  indica (Wallich  ex Cambess.) Hook.f.,5,no flower colour mentioned,UNKNOWN
87. Acer thomsonii  Miq.,5,no flower colour mentioned,UNKNOWN
88. Turpinia  malabarica  Gamble,5,no flower colour mentioned,UNKNOWN
91. Meliosma  simplicifolia  (Roxb.)  Walp.,5,no flower colour mentioned,UNKNOWN
104. Anacardium  occidentale  L.,5,no flower colour mentioned,UNKNOWN
113. Spondias  pinnata  (L.f.)  Kurz,5,no flower colour mentioned,UNKNOWN
114. Coriaria  nepalensis  Wallich,5,no flower colour mentioned,UNKNOWN
115. Moringa  oleifera  Lam.,5,no flower colour mentioned,UNKNOWN
116. Cnestis  palala  (Lour.)  Merr.  ssp. palala,5,no flower colour mentioned,UNKNOWN
120. Ellipanthus  tomentosus  Kurz  ssp. tomentosus,5,no flower colour mentioned,UNKNOWN
121. Rourea  minor  (Gaertner)  Leenh.,5,no flower colour mentioned,UNKNOWN
2. Ei-ytliropalum,5,no flower colour mentioned,UNKNOWN
3. Olax,5,no flower colour mentioned,UNKNOWN
6. Ximenia,5,no flower colour mentioned,UNKNOWN
5. Strombosia,5,no flower colour mentioned,UNKNOWN
4. Schoepfia,5,no flower colour mentioned,UNKNOWN
1. Anacolosa  Blume,5,no flower colour mentioned,UNKNOWN
4. A.  ilicoides,5,no flower colour mentioned,UNKNOWN
2. A.  frutesccns,5,no flower colour mentioned,UNKNOWN
1. A.  densiflora,5,no flower colour mentioned,UNKNOWN
1. Anacolosa  densiflora  Beddome  in Madras  J.  Lit.  Sci.  Ser.  3.  1: 38.,5,flowers yellow,YELLOW
"2. Anacolosa  frutescens  (Blume)  Blume, Mus. Bot.  Lugd.  Bat.  1. 251.",5,no flower colour mentioned,UNKNOWN
3. Anacolosa  griffithii  Masters  in  Fl.  Brit.  India  1: 580.  1875.,5,no flower colour mentioned,UNKNOWN
4. Anacolosa  ilicoides  Masters  in  Fl.  Brit.  India  1: 580.  1875.,5,flowers greenish white,WHITE
2. Erythropalum  Blume,5,flowers white or yellow or greenish,WHITE
3. Olax  L.,5,no flower colour mentioned,UNKNOWN
4. O.  scandens,5,no flower colour mentioned,UNKNOWN
3. O. nana,5,no flower colour mentioned,UNKNOWN
1. O. acuminata,5,no flower colour mentioned,UNKNOWN
2. O.  imbricata,5,no flower colour mentioned,UNKNOWN
6. O. zeylanica,5,no flower colour mentioned,UNKNOWN
1. Olax  acuminata  Wallich  ex  Benth.  in  Trans.  Linn.  Soc.  18: 678.,5,flowers white or greenish yellow,WHITE
"2. Olax  imbricata  Roxb.,  Fl.  Ind.  1:  164.  1820;  Masters  in  Fl.  Brit.",5,flowers white,WHITE
3. Olax  nana  Wallich  ex  Benth.  in  Proc.  Linn.  Soc.  1:  88.  1840  et  in,5,flowers creamy or whitish,WHITE
"4. Olax  scandens  Roxb.,  PI.  Corom.'2:  2.t.  102.  1798;  Masters  in  Fl.",5,flowers white,WHITE
"3. Staminodes  2-cleft  at  apex.  Ovary  ovoid,  glabrous;  style  linear,  half  as  long",5,no flower colour mentioned,UNKNOWN
"5. Olax  wightiana  Wallich  ex  Wight  & Arn.,  Prodr.  Fl.  Penins.  Ind.",5,flowers white,WHITE
"6. Olax  zeylanica  L.,  Sp.  PI.  34.  1753;  Masters  in  Fl.  Brit.  India  1:",5,flowers white,WHITE
4. Schoepfia  Schreb.,5,flowers yellow,YELLOW
1. S.  fragrans,5,no flower colour mentioned,UNKNOWN
2. S.  griffithii,5,no flower colour mentioned,UNKNOWN
3. S. jasminodora,5,no flower colour mentioned,UNKNOWN
"1. Schoepfia  fragrans  Wallich in Roxb., Fl. Ind. ed. 2:  188. 1824; Masters",5,flowers yellowish white or golden yellow,WHITE
2. Schoepfia  griffithii  Tiegh.  ex  Steenis  in  Reinwardtia  1: 472.  1952.,5,"flowers cream coloured, tinged with purple",RED
"3. Schoepfia  jasminodora  Sieb. & Zucc,  Abh. Akad.  Wiss.  Munchan",5,flowers orange-brown or yellowish,YELLOW
5. Strombosia  Blume,5,no flower colour mentioned,UNKNOWN
6. Ximenia  L.,5,no flower colour mentioned,UNKNOWN
8. Platea,5,no flower colour mentioned,UNKNOWN
3. Gomphandra,5,no flower colour mentioned,UNKNOWN
1. Apodytes,5,no flower colour mentioned,UNKNOWN
11. Stcmonurus,5,no flower colour mentioned,UNKNOWN
10. Sarcostigma,5,no flower colour mentioned,UNKNOWN
9. Pyrenacantha,5,no flower colour mentioned,UNKNOWN
1. Apodytes  E.  Meyer  ex  Arn.,5,flowers white,WHITE
2. Codiocarpus  Howard,5,no flower colour mentioned,UNKNOWN
"1923. Small trees,  6 to  12 m  tall;  branches  pubescent  or  glabrous,  terete.  Leaves",5,flowers white,WHITE
3. Gomphandra  Wallich  ex  Lindley,5,no flower colour mentioned,UNKNOWN
1. G.  comosa,5,no flower colour mentioned,UNKNOWN
1. Gomphandra  comosa  King in J. As. Soc. Bengal  64 (2):  112. 1895;,5,no flower colour mentioned,UNKNOWN
"2. Gomphandra  coriacea  Wight,  Illustr.  1:  103.  1840. G. polymorpha",5,flowers greenish white,WHITE
3. Gomphandra  tetrandra  (Wallich  ex  Roxb.)  Sleumer  in  Notizbl.,5,no flower colour mentioned,UNKNOWN
3. I.  ovalis,5,"flowers white, petals whitish",WHITE
5. Miquelia  Meissner,5,no flower colour mentioned,UNKNOWN
1. Miquelia  dentata  Beddome  in  Trans.  Linn.  Soc.  London  25. 211.,5,no flower colour mentioned,UNKNOWN
"2. Miquelia  kleinii  Meissner,  Gen. Gorn.  109  1838; Masters  in Fl. Brit.",5,no flower colour mentioned,UNKNOWN
6. Natsiatum  Buch.-Ham.,5,no flower colour mentioned,UNKNOWN
7. Nothapodytes  Blume,5,flowers white,WHITE
8. Platea  Blume,5,no flower colour mentioned,UNKNOWN
"1969. Platystigma  myristiceum  R.  Br.  in  Wallich,  Cat.  n.  7523.  1832.  nom.",5,no flower colour mentioned,UNKNOWN
9. Pyrenacantha  Wight,5,drupes orange-red,RED
10. Sarcostigma  Wight  & Arn.,5,no flower colour mentioned,UNKNOWN
11. Stemonurus  Blume.,5,flowers white,WHITE
"2. Opilia  Roxb.  Willdenowia  12(2):  161-182. KUMAR, A. (1988) The family  Opiliaceae  in Madhya",5,no flower colour mentioned,UNKNOWN
2. Champereia,5,no flower colour mentioned,UNKNOWN
4. Opilia,5,no flower colour mentioned,UNKNOWN
3. Lepionurus,5,no flower colour mentioned,UNKNOWN
1. Cansjera  A.L.  Juss.,5,flowers greenish white or yellow,WHITE
2. Champereia  Griffith,5,no flower colour mentioned,UNKNOWN
"1912. Cansjera manillana Blume,  Mus.  Bot.  Lugd.  Bat.  1: 246.  1850. Opilia",5,no flower colour mentioned,UNKNOWN
3. Lepionurus  Blume,5,flowers yellow,YELLOW
4. Opilia  Roxb.,5,no flower colour mentioned,UNKNOWN
"263. LOESENER,  T. (1901).  Monographia  Aquifoliacearum.  Nov. Acta Abh. Kais.  Leop.-Carol.",5,flowers white,WHITE
20. I.  tadiandamolense,5,no flower colour mentioned,UNKNOWN
23. I.  venulosa,5,no flower colour mentioned,UNKNOWN
9. I.  godajam,5,no flower colour mentioned,UNKNOWN
5. I.  excelsa,5,no flower colour mentioned,UNKNOWN
6. I.  fragilis,5,no flower colour mentioned,UNKNOWN
8. I.  georgei,5,no flower colour mentioned,UNKNOWN
13. I.  khasiana,5,no flower colour mentioned,UNKNOWN
3. I  dipyrena,5,no flower colour mentioned,UNKNOWN
11. I.  insignis,5,no flower colour mentioned,UNKNOWN
26. I.  wightiana,5,no flower colour mentioned,UNKNOWN
12. I.  intricata,5,no flower colour mentioned,UNKNOWN
24. I.  walkeri,5,no flower colour mentioned,UNKNOWN
18. I.  pseudo-odorata,5,no flower colour mentioned,UNKNOWN
"1. Ilex  crenata  Thunb.,  Fl.  Jap.  78.  1784.  var.  thomsonii  (Hook.f.)",5,flowers white,WHITE
"2. Ilex  denticulata  Wallich  ex  Wight,  Illustr.  Ind.  Bot.  t.  149.  1850;",5,no flower colour mentioned,UNKNOWN
"3. Ilex  dipyrena  Wallich  in  Roxb.,  Fl.  Ind.  1: 473.  1820; Hook,  f.,  Fl.",5,flowers whitish green,WHITE
"4. Ilex  embelioides  Hook.f.,  Fl.  Brit.  India  1:  601.  1875.",5,flowers white,WHITE
"5. Ilex  excelsa  (Wallich)  Hook.f.,  Fl.  Brit.  India  1: 603.  1875. Cassine",5,no flower colour mentioned,UNKNOWN
"6. Ilex  fragilis  Hook.f.,  Fl.  Brit.  India  1:  602.  1875.",5,no flower colour mentioned,UNKNOWN
"7. Ilex  gardneriana  Wight,  Ic.  t.  1217.  1831; Hook.f.,  Fl.  Brit.  India",5,no flower colour mentioned,UNKNOWN
8. Ilex  georgei  Comber  in Notes  Roy.  Bot.  Gard.  Edinb.  18: 50.  1933.,5,no flower colour mentioned,UNKNOWN
"9. Ilex  godajam  Wallicji  ex  Hook.f.,  Fl.  Brit.  India  1: 604.  1875; Hu",5,no flower colour mentioned,UNKNOWN
10. Ilex  hookeri  King  in  J.  As.  Soc.  Bengal  55:  266.  pi.  14.  1886.,5,no flower colour mentioned,UNKNOWN
"11. Ilex  insignis  Hook.f,  Fl.  Brit.  India  1:  599.  1875.",5,no flower colour mentioned,UNKNOWN
"12. Ilex  intricata  Hook.f.,  Fl.  Brit.  India  1: 602.  1875.",5,no flower colour mentioned,UNKNOWN
13. Ilex  khasiana  Purakayastha  in  Indian  For.  64:  280.  PI.  24.  1938.,5,no flower colour mentioned,UNKNOWN
14. Ilex  longecaudata  Comber  in  Notes  Roy.  Bot.  Gard.  Edinb.  18:,5,no flower colour mentioned,UNKNOWN
"15. Ilex  malabarica  Beddome,  Fl.  Sylv.  t.  143.  1869-74;  Hook.f.,  Fl.",5,no flower colour mentioned,UNKNOWN
"16. Ilex  nothofagifolia  Ward  in  Gard.  Chron.  Ser.  3,  81:  194.  1927.",5,no flower colour mentioned,UNKNOWN
"17. Ilex  odorata  Buch.-Ham.  ex  D.  Don,  Prodr.  Fl. Nepal.  189.  1825.",5,flowers white,WHITE
18. Ilex  pseudo-odorata  Loes.  in  Nov.  Act.  Acad.  Caes.  Leop.-Carol.,5,no flower colour mentioned,UNKNOWN
19. Ilex  sikkimensis  Kurz  in  J.  As.  Soc.  Bengal  44  (2):  202.  1875.,5,no flower colour mentioned,UNKNOWN
20. Ilex  tadiandamolense  Murty  et  al.  in  Curr.  Sci.  56:  270.  1987.,5,no flower colour mentioned,UNKNOWN
"21. Ilex  triflora  Blume, Bijdr.  1150-  1826. /.  griffithii Hook.f.,  Fl. Brit.",5,no flower colour mentioned,UNKNOWN
22. Ilex  umbellulata  (Wallich)  Loes.  in Nov.  Act.  Acad.  Caes.  Leop.-,5,no flower colour mentioned,UNKNOWN
"23. Ilex  venulosa  Hook.f.,  Fl.  Brit.  India  1: 602.  1875.",5,no flower colour mentioned,UNKNOWN
"24. Ilex  walkeri  Wight  &  Gard.  ex  Thwaites,  Enum.  PI.  Zeyl.  184.",5,flowers white,WHITE
25. Ilex  wattii  Loes.  in  Nov.  Act.  Acad.  Caes.  Leop.-Carol.  Nat.  Cur.,5,no flower colour mentioned,UNKNOWN
"26. Ilex  wightiana  Wallich  ex  Wight,  Ic.  PI.  Ind.  Orient,  t.  1216.  1848;",5,flowers white,WHITE
"1. Ilex  aquifolium  L.,  Sp.  PI.  125.  1753.",5,flowers white,WHITE
2. Ilex  opaca  Ait.  in  Hort.  Kew  J.  1:  169.  1989.,5,flowers white,WHITE
"15. LOESENER,  L.E.T. (1942).  In Engl. &  Prantl, Pflanzenfam. ed.  2, 20 b.  100-200.",5,no flower colour mentioned,UNKNOWN
10. Nicobariodendron,5,no flower colour mentioned,UNKNOWN
12. Siphonodon,5,no flower colour mentioned,UNKNOWN
1. Bhesa,5,no flower colour mentioned,UNKNOWN
9. Microtropis,5,no flower colour mentioned,UNKNOWN
11. Pleurostylia,5,no flower colour mentioned,UNKNOWN
3. B.  robusta,5,no flower colour mentioned,UNKNOWN
1. Bhesa  indica  (Beddome)  Ding  Hou  in Blumea  Suppl. 4:  152.  1958.,5,no flower colour mentioned,UNKNOWN
2. Bhesa  paniculata  Am. in Edinb. New  Phil. J  16: 315.  1834.  Kurrimia,5,no flower colour mentioned,UNKNOWN
3. Bhesa  robusta  (Roxb.)  Ding  Hou  in  Blumea  Suppl.  4:  152.  1958.,5,no flower colour mentioned,UNKNOWN
2. Cassine  L.,5,no flower colour mentioned,UNKNOWN
4. C. viburnifolia,5,no flower colour mentioned,UNKNOWN
2. C. balae,5,no flower colour mentioned,UNKNOWN
"1986. Schrebera  albens  Retz.,  Observ.  Bot.  6:  25. t.  3.  1791. Elaeodendron",5,no flower colour mentioned,UNKNOWN
2. Cassine  balae  Kosterm.  in  Gard.  Bull.  Sing.  39:  185.  1986; Daniel,5,no flower colour mentioned,UNKNOWN
3. Cassine  paniculata  (Wight  &  Am.)  Lobr.-Callen  in  Adansonia  Ser.,5,no flower colour mentioned,UNKNOWN
4. Cassine  viburnifolia  (A.L.  Juss.)  Ding  Hou  in  Fl.  Males.  1:  6(2):,5,flowers white,WHITE
3. Celastrus  L.,5,no flower colour mentioned,UNKNOWN
6. C.  paniculatus,5,no flower colour mentioned,UNKNOWN
1. C. hindsii,5,no flower colour mentioned,UNKNOWN
3. C.  membranifolius,5,no flower colour mentioned,UNKNOWN
7. C. stylosus,5,no flower colour mentioned,UNKNOWN
1. Celastrus  hindsii  Benth.  in  Kew  J.  Bot.  3:  334.  1851;  Ding  Hou,5,flowers white to-cream,WHITE
2. Celastrus  hookeri  Prain.  in  J.  As.  Soc.  Bengal  73:  197.  1904;  Cowan,5,no flower colour mentioned,UNKNOWN
3. Celastrus  membranifolius  Prain  in  J.  As.  Soc.  Bengal  73:  197.  1904.,5,no flower colour mentioned,UNKNOWN
4. Celastrus  monospermoides  Loes.  in  Nova  Guinea  2:  280.  1910.  C.,5,no flower colour mentioned,UNKNOWN
"5. Celastrus  monospermus  Roxb.,  Fl.  Ind.2;  394.  1824.  Celastrus",5,flowers white to greenish yellow,WHITE
"6. Celastrus  paniculatus  Willd.,  Sp.  PI.  1:  1125.  1797;  M.  Lawson  in",5,flowers pale-green,OTHER
"7. Celastrus  stylosus  Wallich  ex  Roxb.,  Fl.  Ind.  2: 401.  1824; M.  Lawson",5,no flower colour mentioned,UNKNOWN
"4. Euonymus  Tour,  ex  L.",5,no flower colour mentioned,UNKNOWN
20. E.  javanicus,5,flowers white,WHITE
25. E.  pendulus,5,no flower colour mentioned,UNKNOWN
22. E.  lawsonii,5,petals purple,PURPLE/BLUE
16. E.  grandiflorus,5,no flower colour mentioned,UNKNOWN
29. E.  tibeticus,5,no flower colour mentioned,UNKNOWN
18. E.  hamiltonianus,5,no flower colour mentioned,UNKNOWN
8. E.  cochinchinensis,5,no flower colour mentioned,UNKNOWN
19. E.  indicus,5,no flower colour mentioned,UNKNOWN
5. E.  bullatus,5,no flower colour mentioned,UNKNOWN
23. E.  macrocarpus,5,no flower colour mentioned,UNKNOWN
30. E.  tingens,5,no flower colour mentioned,UNKNOWN
10. E.  crenulatus,5,petals white or greenish,WHITE
2. E.  angulatus,5,no flower colour mentioned,UNKNOWN
11. E. dichotomus,5,no flower colour mentioned,UNKNOWN
27. E.  serratifolius,5,no flower colour mentioned,UNKNOWN
17. E.  griffithii,5,no flower colour mentioned,UNKNOWN
12. E. cchinatus,5,flowers purple,PURPLE/BLUE
7. E. clivicolus var.  rongchuensis,5,flowers white or greenish,WHITE
13. E.  flmbriatus,5,flowers purple,PURPLE/BLUE
1. E.  amygdalifolius,5,no flower colour mentioned,UNKNOWN
9. E.  cornutoides,5,no flower colour mentioned,UNKNOWN
1. Euonymus  amygdalifolius  Franch.  in  Bull.  Soc.  Bot.  France  33:,5,flowers purple,PURPLE/BLUE
"2. Euonymus  angulatus  Wight,  Ic.  t.  1053.  1846;  M.  Lawson  in  Fl.",5,flowers purplish,PURPLE/BLUE
3. Euonymus  assamicus  Blakelock  in  Kew  Bull.  1949: 242.  1948.,5,"petals creamy, minutely red dotted",RED
4. Euonymus  attenuatus  Wallich  ex  M.  Lawson  in  Fl.  Brit.  India  1:,5,no flower colour mentioned,UNKNOWN
"5. Euonymus  bullatus  Wallich  et  Lodd.,  Bot.  Cab. t.  1749.  1831; M.",5,flowers red,RED
6. Euonymus  cinereus  M.  Lawson  in  Fl.  Brit.  India  1: 611. 1875.,5,no flower colour mentioned,UNKNOWN
7. Euonymus  clivicolus  W. Smith  in Notes  Roy. Bot.  Gard.  Edinb.  10:,5,flowers purple,PURPLE/BLUE
"8. Euonymus  cochinchinensis  Pierre,  Fl.  For.  Cochin.  4.  t.  309  A.",5,no flower colour mentioned,UNKNOWN
"1985. Trees,  5-6  m tall;  branchlets  terete,  slender,  brown,  glabrous.  Leaves",5,no flower colour mentioned,UNKNOWN
9. Euonymus  cornutoides  Loes.  in  Notes  Roy.  Bot.  Gard.  Edinb.  7:,5,no flower colour mentioned,UNKNOWN
"10. Euonymus  crenulatus  Wallich  ex  Wight  & Arn.,  Prod.  Fl.  Penin.",5,no flower colour mentioned,UNKNOWN
"11. Euonymus  dichotomus  Heyne ex  Wallich  in Roxb., Fl. rrtd. 2: 41Q.",5,no flower colour mentioned,UNKNOWN
"12. Euonymus  echinatus  Wallich  ex Roxb., Fl.  Ind. 2: 410.  1824; M.",5,no flower colour mentioned,UNKNOWN
"13. Euonymus  fimbriatus  Wallich  ex  Roxb.,  Fl. Ind.  2: 408.  1824; M.",5,no flower colour mentioned,UNKNOWN
"14. Euonymus  frigidus  Wallich  ex  Roxb.,  Fl.  Ind.  2:  409.  1824;  M.",5,no flower colour mentioned,UNKNOWN
"15. Euonymus  glaber  Roxb.,  Fl. Ind.  2: 403.  1824; M.  Lawson  in Fl.",5,no flower colour mentioned,UNKNOWN
"16. Euonymus  grandiflorus  Wallich  ex  Roxb.,  Fl.  Ind.  2: 404.  1824;",5,no flower colour mentioned,UNKNOWN
17. Euonymus  griffithii  Kurz  in  J.  As.  Soc.  Bengal  41:  73.1872;,5,flowers white,WHITE
"18. Euonymus  hamiltonianus  Wallich  in Roxb.,  Fl. Ind.  2: 403.  1824;",5,no flower colour mentioned,UNKNOWN
"19. Euonymus  indicus  Wallich  ex  Heyne  in  Roxb.,  Fl.  Ind.  2:  409.",5,no flower colour mentioned,UNKNOWN
"20. Euonymus  javanicus  Blume,  Bijdr.  1146. 1827; Kurz  in  J.  As Soc.",5,flowers greenish-yellow,YELLOW
21. Euonymus  kachinensis  Prain  in  J.  As. Soc. Bengal  73:  193. 1904;,5,no flower colour mentioned,UNKNOWN
22. Euonymus  lawsonii  C.B.  Clarke  ex  Prain  in  J.  As.  Soc.  Bengal,5,no flower colour mentioned,UNKNOWN
"23. Euonymus  macrocarpus  Gamble  ex Oliver  in Hook.,  Icon.  PI. 18:",5,no flower colour mentioned,UNKNOWN
24. Euonymus  paniculatus  Wight ex  M. Lawson  in  Fl. Brit.  India  1:,5,no flower colour mentioned,UNKNOWN
"25. Euonymus  pendulus  Wallich  in  Roxb.,  Fl.  Ind.  2: 406.  1824; M.",5,flowers whitish,WHITE
26. Euonymus  pygmeus  W. Smith  in Notes Roy. Bot.  Gard.  Edinb.  10:,5,flowers whitish at margins,WHITE
"27. Euonymus  serratifolius  Beddome,  For. Man.  Bot. t.  64.  1874; M.",5,no flower colour mentioned,UNKNOWN
28. Euonymus  theifolius  Wallich  ex  M.  Lawson  in  Fl.  Brit.  India  1:,5,no flower colour mentioned,UNKNOWN
29. Euonymus  tibeticus  W. Smith  in Rec.  Bot.  Surv.  India  4(5): 264.,5,flowers whitish green,WHITE
"30. Euonymus tingens Wallich in Roxb., Fl. Ind. 2: 406.  1824; M. Lawson",5,no flower colour mentioned,UNKNOWN
"31. Euonymus vagans  Wallich  in Roxb., Fl. Ind. 2: 412.  1824; M. Lawson",5,no flower colour mentioned,UNKNOWN
32. Euonymus  viburnoides  Prain  in  J. As.  Soc. Bengal  73:  194.  1904;,5,no flower colour mentioned,UNKNOWN
5. Glyptopetalum  Thwaites,5,no flower colour mentioned,UNKNOWN
4. G.  lawsonii,5,no flower colour mentioned,UNKNOWN
1. Glyptopetalum  calocarpum  (Kurz)  Prain  in J. As. Soc. Bengal 60(2):,5,no flower colour mentioned,UNKNOWN
"1875. Small trees; branchlets terete, glabrous. Leaves oblong or oblong-lanceolate,",5,flowers greenish white,WHITE
"2. Glyptopetalum  grandiflorum  Beddome,  Ic.  PI.  Ind.  Orient.  21. t.",5,flowers yellow,YELLOW
3. Glyptopetalum  griffithii  Prain  in J. As.  Soc. Bengal  60: 209. 1891;,5,no flower colour mentioned,UNKNOWN
4. Glyptopetalum  lawsonii  Gamble  in  Kew  Bull.  1916:  131. 1916.,5,no flower colour mentioned,UNKNOWN
1983. Tarn.:  Kodikkuramthu.,5,no flower colour mentioned,UNKNOWN
"5. Glyptopetalum  zeylanicum  Thwaites  in  Hook.,  Kew J.  Bot.  8: 267.",5,flowers yellow,YELLOW
6. Kokoona  Thwaites,5,no flower colour mentioned,UNKNOWN
2. K.  zeylanica,5,no flower colour mentioned,UNKNOWN
1. Kokoona  littoralis  M.  Lawson  in  Fl.  Brit.  India  1: 617.  1875,5,no flower colour mentioned,UNKNOWN
"2. Kokoona  zeylanica  Thwaites  in  Hook.,  Kew  J.  Bot.  5:  380.  t.  6.",5,no flower colour mentioned,UNKNOWN
7. Lophopetalum  Wight  & Am.,5,no flower colour mentioned,UNKNOWN
1. Lophopetalum  wallichii  Kurz  in  J.  As.  Soc.  Bengal  4 1 : 299.  1872;,5,flowers whitish-green,WHITE
2. Lophopetalum  wightianum  Am.  in  Ann.  Nat.  Hist.  3:  151.  1839;,5,no flower colour mentioned,UNKNOWN
8. Maytenus  Molina,5,no flower colour mentioned,UNKNOWN
14. M.  senegalensis,5,no flower colour mentioned,UNKNOWN
3. M.  emarginata,5,no flower colour mentioned,UNKNOWN
1. M.  bailadillana,5,no flower colour mentioned,UNKNOWN
17. M.  thomsonii,5,no flower colour mentioned,UNKNOWN
16. M.  simonsii,5,no flower colour mentioned,UNKNOWN
1. Maytenus  bailadillana  (Narayan.  & Mooney)  Raju  & Babu  in Bull.,5,no flower colour mentioned,UNKNOWN
2. Maytenus  championii  (Dunn) Raju  & Babu  in Bull. Bot. Surv. India,5,no flower colour mentioned,UNKNOWN
"1962. Celastrus  emarginatus  Willd.,  Sp. PI.  1. 2:  1128.  1798.  Gymnosporia",5,no flower colour mentioned,UNKNOWN
4. Maytenus  falconeri  (M. Lawson) M.A. Rau in Bull.  Bot. Surv. India,5,no flower colour mentioned,UNKNOWN
"1875. Shrubs  or  small  trees,  usually  thorny.  Leaves  elliptic  to  elliptic-ovate,",5,no flower colour mentioned,UNKNOWN
"5. Maytenus  gibsonii (Kurz) Naithani  & Sas Biswas, Fl. PI. India, Nepal",5,no flower colour mentioned,UNKNOWN
6. Maytenus  heyneana  (Roth)  Raju  & Babu  in  Bull.  Bot.  Surv.  India,5,flowers yellow,YELLOW
"7. Maytenus  hookeri  Loes. in Engl.  & Prantl., Nat.  Pflanzenfam.  20b:",5,no flower colour mentioned,UNKNOWN
8. Maytenus  listeri  (Prain)  Raju  & Babu  in  Bull.  Bot.  Surv.  India  10,5,no flower colour mentioned,UNKNOWN
"1904. Small trees; branches terete, smooth, dark-brown. Leaves ovate or obovate,",5,no flower colour mentioned,UNKNOWN
"9. Maytenus ovatus (Wallich ex Wight & Arn.) Loes. in Engl. & Prantl.,",5,flowers white,WHITE
"10. Maytenus  puberula  (M.  Lawson)  Loes.  in  Engl.  &  Prantl.,  Nat.",5,no flower colour mentioned,UNKNOWN
11. Maytenus  rothiana  (Wight  & Am.)  Bennett  & Sahni  in Indian  For.,5,no flower colour mentioned,UNKNOWN
12. Maytenus  royleanus  (Wallich  ex  M.  Lawson)  M.A.  Rau  in  Bull.,5,flowers white,WHITE
13. Maytenus rufa (Wallich) Hara in J. Jap. Bot. 40: 327. 1965.  Celastrus,5,no flower colour mentioned,UNKNOWN
14. Maytenus  senegalensis  (Lam.)  Exell  in  Bot.  Soc. Brit.  Ser.  2. 26:,5,flowers greenish white,WHITE
15. Maytenus  sikkimensis  (Prain)  Raju  &  Babu  in  Bull.  Bot.  Surv.,5,no flower colour mentioned,UNKNOWN
1968. Gymnosporia  salicifolia  M.  Lawson  in  Fl.  Brit.  India  1: 619.  1875.,5,flowers light pink,PINK
17. Maytenus  thomsonii  (Kurz)  Raju  & Babu  in Bull. Bot.  Surv.  India,5,no flower colour mentioned,UNKNOWN
18. Maytenus  wallichii  (G.  Don)  Bennet  & Sahni  in  Indian  For.  103.,5,no flower colour mentioned,UNKNOWN
9. Microtropis  Wallich  ex  Meissner,5,no flower colour mentioned,UNKNOWN
4. M.  ramiflora,5,no flower colour mentioned,UNKNOWN
6. M. wallichiana,5,no flower colour mentioned,UNKNOWN
"1. Microtropis  discolor  (Wallich)  Wallich,  Cat.  no. 4337,  1830; Am.,",5,flowers greenish white,WHITE
2. Microtropis  latifolia  Wight  ex  M. Lawson  in Hook.f.  Fl. Brit.  India,5,no flower colour mentioned,UNKNOWN
"3. Microtropis  microcarpa  Wight,  Ic. 3: 7. t.  975.  1845; M.  Lawson",5,no flower colour mentioned,UNKNOWN
"4. Microtropis  ramiflora  Wight,  Ic. 3: 7. t.  977.  1845; M.  Lawson  in",5,flowers pale yellow,YELLOW
5. Microtropis  stocksii  Gamble  in  Kew  Bull.  1916:  132.  1916 & Fl.,5,no flower colour mentioned,UNKNOWN
"6. Microtropis  wallichiana  Wight  ex  Thwaites,  Enum.  PI.  Zeyl. 71.",5,flowers yellowish,YELLOW
10. Nicobariodendron  Vasud.  & T.  Chakrab.,5,no flower colour mentioned,UNKNOWN
11. Pleurostylia  Wight  & Arn.,5,no flower colour mentioned,UNKNOWN
"1875. Tarn.:  Chirupiyari,  Karuvali;  Tel.:  Piyari.",5,no flower colour mentioned,UNKNOWN
12. Siphonodon  Griffith,5,no flower colour mentioned,UNKNOWN
"449. SMITH, A.C. (1940) Revision of New World Hippocrateaceae. Brittonia  3: 341-555. SMITH.",5,no flower colour mentioned,UNKNOWN
3. Salacia,5,no flower colour mentioned,UNKNOWN
1. Loesenericlln,5,no flower colour mentioned,UNKNOWN
2. L.  arnottiana,5,no flower colour mentioned,UNKNOWN
4. L. cumingii,5,no flower colour mentioned,UNKNOWN
"1. Loeseneriella  andamanica  (King)  Naithani  et  Sas  Biswas,Fl.  PI.",5,flowers green,OTHER
"1975. Hippocratea arnottiana Wight,  Illustr. Ind. Bot.  1:  133. t. 46, 47A.  1839;",5,no flower colour mentioned,UNKNOWN
1965. Hippocratea  bourdillonii Gamble  in Kew  Bull.  1915:  132.  1915 et Fl.,5,no flower colour mentioned,UNKNOWN
4. Loeseneriella  cumingii  (M.  Lawson)  Ding  Hou  in  Blumea  12: 32.,5,flowers greenish yellow,YELLOW
5. Loeseneriella  obtusifolia  (Roxb.)  A.C.  Smith  in  Am.  J.  Bot.  28:,5,no flower colour mentioned,UNKNOWN
6. Loeseneriefla  parkinsonii  (T. chakrab. & Gang.) B.D. Naithani  Comb.,5,no flower colour mentioned,UNKNOWN
"1941. Hippocratea  pauciflora  D C ,  Prodr.  1: 569.  1824.",5,flowers pale yellow,YELLOW
8. Loeseneriella  serrata  (Griffith)  A.C. Smith  in Am. J.  Bot.  28: 438-,5,flowers golden yellow,YELLOW
2. Reissantia  Halle,5,no flower colour mentioned,UNKNOWN
2. R. grahamii,5,no flower colour mentioned,UNKNOWN
1. Reissantia  arborea  (Roxb.)  Hara  in  J.  Jap.  Bot.  40:  327.  1965.,5,no flower colour mentioned,UNKNOWN
"5. Stamens  3. Ovary  partially  embedded  in the disc. Fruits capsular,  obovate-",5,no flower colour mentioned,UNKNOWN
2. Reissantia  grahamii  (Wight)  Ding  Hou  in  Blumea  12:  33.  1963.,5,flowers white or pale yellow,WHITE
3. Reissantia  indica  (Willd.)  Halle  in  Mem. Diet.  Fr. Afr.  Noiren.  64:,5,flowers pale yellow,YELLOW
3. Salacia  L.,5,no flower colour mentioned,UNKNOWN
15. S.  membranacea,5,no flower colour mentioned,UNKNOWN
3. S. chinensis,5,no flower colour mentioned,UNKNOWN
20. S.  salacioides,5,no flower colour mentioned,UNKNOWN
14. S.  malabarica,5,no flower colour mentioned,UNKNOWN
21. S.  verrucosa,5,no flower colour mentioned,UNKNOWN
18. S.  platyphylla,5,no flower colour mentioned,UNKNOWN
12. S.  macrosperma,5,no flower colour mentioned,UNKNOWN
17. S.  oblonga,5,no flower colour mentioned,UNKNOWN
4. S.  floribunda,5,no flower colour mentioned,UNKNOWN
5. S.  fruticosa,5,no flower colour mentioned,UNKNOWN
1. Salacia  beddomei  Gamble  in Kew Bull.  1916:  133. 1916 et Fl. Pres.,5,no flower colour mentioned,UNKNOWN
"2. Salacia  brunoniana  Wight  & Arn.,  Prodr.  105.  1834;  M.  Lawson",5,no flower colour mentioned,UNKNOWN
"3. Salacia  chinensis  L.,  Mant.  PI.  293.  1771. S.  latifolia  Wallich  ex",5,petals yellowish,YELLOW
"4. Salacia  floribunda  Wight,  Illustr.  Ind.  Bot.  1:  134.  1840; M. Lawson",5,no flower colour mentioned,UNKNOWN
5. Salacia  fruticosa  Heyne  ex  M.  Lawson  in  Fl.  Brit.  India  1: 628.,5,no flower colour mentioned,UNKNOWN
"1875. Climbing  shrubs; branchlets  rough.  Leaves  ovate to  elliptic-lanceolate,",5,flowers pale yellow,YELLOW
6. Salacia  gambleana  Whiting  & Kaul  in  Kew  Bull.  1940: 300.  1940.,5,no flower colour mentioned,UNKNOWN
7. Salacia  grandiflora  Kurz  in  J.  As.  Soc.  Bengal  41(2):  300.  1872;,5,flowers whitish or yellowish,WHITE
8. Salacia  jenkinsii  Kurz  in  J.  As.  Soc.  Bengal  45: 203.  1875.,5,no flower colour mentioned,UNKNOWN
9. Salacia  khasiana  Purakayastha  in  Indian  For.  64:  276.  1938.,5,no flower colour mentioned,UNKNOWN
10. Salacia  korthalsiana  Miq.  in  Ann.  Mus.  Bot.  Lugd.-Bat  4:  152.,5,flowers yellowish green,YELLOW
"11. Salacia  macrophylla  Blume,  Bijdr.  221.  1825. S. flavescens  Kurz",5,no flower colour mentioned,UNKNOWN
1875. S. ovalis  M. Lawson  in  Fl. Brit.  India  1: 627.  1875 {non Korth.  1842).,5,flowers white-yellow or pink red,WHITE
"12. Salacia  macrosperma  Wight,  Ic. t.  962.  1845; M.  Lawson  in  Fl.",5,no flower colour mentioned,UNKNOWN
"13. Salacia  majumdarii  (T. Chakrab.  & Gang.)  B.D. Naithani  comb,",5,no flower colour mentioned,UNKNOWN
14. Salacia  malabarica  Gamble  in  Kew  Bull.  1916:  133.  1916  et  Fl.,5,no flower colour mentioned,UNKNOWN
15. Salacia  membranacea  M.  Lawson  in  Fl. Brit.  India  1: 627.  1875.,5,no flower colour mentioned,UNKNOWN
16. Salacia  nicobarica  (King)  Raju  in  J.  Biol.  Sci.  8(2):  58.  1965.,5,flowers yellow,YELLOW
"17. Salacia  oblonga  Wallich  ex  Wight  & Am.,  Prodr.  106.  1834; M.",5,no flower colour mentioned,UNKNOWN
18. Salacia  platyphylla  Kurz  in  J.  As.  Soc.  Bengal  44:  203.  1875.,5,no flower colour mentioned,UNKNOWN
"19. Salacia  reticulata  Wight,  Illustr. Ind.  Bot.  1:  134.  1840; M. Lawson",5,no flower colour mentioned,UNKNOWN
20. Salacia  salacioides  (Roxb.)  Rolla  Rao  &  Hemadri  in  J.  Bombay,5,no flower colour mentioned,UNKNOWN
"21. Salacia verrucosa  Wight,  Illustr. Ind. Bot.  1: 134.  1840; M. Lawson",5,no flower colour mentioned,UNKNOWN
1. Berchemia,5,no flower colour mentioned,UNKNOWN
7. Rhamnus,5,no flower colour mentioned,UNKNOWN
8. Sagerctia,5,no flower colour mentioned,UNKNOWN
2. Colubrina,5,no flower colour mentioned,UNKNOWN
"1. Berchemia  Necker  ex  DC,  nom.  cons.",5,no flower colour mentioned,UNKNOWN
1. B.  edgeworthii,5,no flower colour mentioned,UNKNOWN
1. Berchemia  edgeworthii  M. Lawson  in Fl. Brit.  India  1: 638.  1875.,5,no flower colour mentioned,UNKNOWN
"2. Berchemia  floribunda  (Wallich)  Brongn.,  Mem.  Fam.  Rham.  50.",5,no flower colour mentioned,UNKNOWN
"3. Berchemia  Hneata  (L.)  DC,  Prodr.  2:  23.  1825; M.  Lawson  in  Fl.",5,no flower colour mentioned,UNKNOWN
"2. Colubrina  A.  Rich,  ex  Brongn.,  nom.  cons.",5,no flower colour mentioned,UNKNOWN
1. C.  asiatica,5,no flower colour mentioned,UNKNOWN
"1. Colubrina  asiatica  (L.)  Brongn.,  Mem.  Fam.  Rham.  62.  1826  &",5,no flower colour mentioned,UNKNOWN
"1875. Ceanothus  asiaticus  L.,  Sp.  PI.  196.  1753.",5,flowers yellowish green,YELLOW
"2. Colubrina  travancorica  Beddome,  Ic. PI. Ind. Orient.  1: 43, t.  188.",5,no flower colour mentioned,UNKNOWN
3. Gouania  Jacq.,5,no flower colour mentioned,UNKNOWN
1. Gouania  andamanica  King  in  J.  As.  Soc. Bengal  65: 382.  1897.,5,no flower colour mentioned,UNKNOWN
"2. Gouania  leptostachya  DC,  Prodr.  2: 40.  1825; M.  Lawson  in  Fl.",5,flowers white,WHITE
"3. Gouania  microcarpa  DC,  Prodr.  2:  40.  1825;  M.  Lawson  in  Fl.",5,flowers white,WHITE
"4. Gouania napalensis Wallich  in Roxb., Fl. Ind. 2: 417.  1824; M. Lawson",5,flowers white,WHITE
"4. Helinus  E.  Meyer  ex  Endl.,  nom.  cons.",5,flowers whitish,WHITE
5. Hovenia  Thunb.,5,petals yellowish,YELLOW
6. Paliurus  Miller,5,petals yellow,YELLOW
7. Rhamnus  L.,5,no flower colour mentioned,UNKNOWN
9. R. purpurea,5,no flower colour mentioned,UNKNOWN
3. R.  nepalensis,5,no flower colour mentioned,UNKNOWN
4. R.  pentapomica,5,no flower colour mentioned,UNKNOWN
2. R.  dahuricus,5,no flower colour mentioned,UNKNOWN
1. Rhamnus  collettii  Bhandari  & Bhansali  in J. Econ. Tax. Bot. 5: 913.,5,no flower colour mentioned,UNKNOWN
"1875. Ceanothus  nepalensis  Wallich  in Roxb.,  Fl.  Ind.  2: 375.  1824.",5,no flower colour mentioned,UNKNOWN
4. Rhamnus  pentapomica  R.  Parker  in  Kew  Bull.  1921: 216.  1921.,5,no flower colour mentioned,UNKNOWN
"5. Rhamnus  persica  Boiss.,  Fl.  Orient.  2:  17.  1872;  Brandis,  For.  Fl.",5,no flower colour mentioned,UNKNOWN
6. Rhamnus  procumbens  Edgew.  in  Trans.  Linn.  Soc.  20:  43. 1851;,5,no flower colour mentioned,UNKNOWN
7. Rhamnus prostrata Jacq. ex R. Parker in Kew Bull.  1921: 217. 1921.,5,no flower colour mentioned,UNKNOWN
8. Rhamnus  purandharensis  Bhandari  &  Bhansali  in  J.  Econ.  Tax.,5,no flower colour mentioned,UNKNOWN
9. Rhamnus  purpurea  Edgew.  in  Trans.  Linn.  Soc. 20: 44.  1851; M.,5,no flower colour mentioned,UNKNOWN
"10. Rhamnus  triqueter  (Wallich) Brandis, For. Fl. 92.  1874; M. Lawson",5,no flower colour mentioned,UNKNOWN
"11. Rhamnus  wightii  Wight  & Am.,  Prodr.  1:  164;  L834; Wight,  Ic.",5,flowers yellow,YELLOW
6. Sageretia  Brongn.,5,no flower colour mentioned,UNKNOWN
1. S.  brandrethiana,5,no flower colour mentioned,UNKNOWN
5. S. kishtwarcnsis,5,no flower colour mentioned,UNKNOWN
1. Sageretia  brandrethiana  Aitch.  in  J.  Linn.  Soc.  8:  62.  1865; M.,5,no flower colour mentioned,UNKNOWN
2. Sageretia  coimbatorensis  Bhandari  & Bhansali  in J.  Econ  Tax. Bot.,5,no flower colour mentioned,UNKNOWN
"3. Sageretia  hamosa  (Wallich)  Brongn.,  Mem.  Fam.  Rham.  53.  1826",5,no flower colour mentioned,UNKNOWN
4. Sageratia  kashmirensis  Bhandari  & Bhansali  in J.  Econ.  Tax. Bot.,5,no flower colour mentioned,UNKNOWN
5. Sageretia  kishtwarensis  Bhandari  &  Bhansali  in  J.  Econ.  Tax.  Bot.,5,no flower colour mentioned,UNKNOWN
"6. Sageretia  parviflora  (Roemer  &  Schultes)  G.  Don,  Gen.  Syst.  2:",5,no flower colour mentioned,UNKNOWN
7. Sageretia  thea  (Osbeck)  Johnst.  in  J.  Arn.  Arbor.  49:  337.  1968.,5,no flower colour mentioned,UNKNOWN
1875. Rhamnus,5,flowers yellow,YELLOW
8. Sageretia  wallichii  Bhandari  &  Bhansali  in  J.  Econ.  Tax.  Bot.  5:,5,no flower colour mentioned,UNKNOWN
"9. Scutia  (DC.)  Comm.  ex  Brongn.,  nom.  cons.",5,flowers yellow,YELLOW
"10. Smythea  Seem,  ex  A.  Gray",5,no flower colour mentioned,UNKNOWN
3. S.  macrocarpa,5,no flower colour mentioned,UNKNOWN
4. S.  lanccata,5,no flower colour mentioned,UNKNOWN
1. Smythea  bombaiensis  (Dalz.)  Banerjee  &  Mukerjee  in  Indian  For.,5,no flower colour mentioned,UNKNOWN
2. Smythea  calpicarpa  Kurz  in  J.  As.  Soc.  Bengal  41: 301.  1872;  M.,5,no flower colour mentioned,UNKNOWN
3. Smythea  lanceata  (Tul.)  Summerh.  in  Kew  Bull.  1928: 389.  1928;,5,no flower colour mentioned,UNKNOWN
"4. Smythea  macrocarpa  Hemsley  in  Hook.,  lc. PI.  16. t.  1558.  1886-",5,no flower colour mentioned,UNKNOWN
11. Ventilago  Gaertner,5,no flower colour mentioned,UNKNOWN
4. V. madraspatana,5,no flower colour mentioned,UNKNOWN
1. V. denticulata,5,no flower colour mentioned,UNKNOWN
"1801. V.  calyculata  Tul.  in  Ann.  Sci. Nat.  Ser.  8, 4:  124.  1857; M.  Lawson",5,no flower colour mentioned,UNKNOWN
"1903. Hindi:  Rackat-pita,  Kalalag,  Latapal,  Raidhani;  Sant.  : Sarjom;  Tel.",5,no flower colour mentioned,UNKNOWN
"2. Ventilago  gamblei  Suesseng.  in  Engl.  &  Prantl,  Nat.  Pflazenfam.",5,no flower colour mentioned,UNKNOWN
3. Ventilago  goughii  Gamble  in Kew  Bull.  1916:  134.  1916 & Fl. Pres.,5,no flower colour mentioned,UNKNOWN
"4. Ventilago  madraspatana  Gaertner,  Fruct.  Sem.  PI.  1: 223.  t.  49,",5,no flower colour mentioned,UNKNOWN
12. Ziziphus  Tourn.  ex  Miller,5,no flower colour mentioned,UNKNOWN
9. Z. jujuba,5,no flower colour mentioned,UNKNOWN
3. Z,5,no flower colour mentioned,UNKNOWN
10. Z,5,no flower colour mentioned,UNKNOWN
7. Z. horrida,5,no flower colour mentioned,UNKNOWN
2. Z. apetala,5,no flower colour mentioned,UNKNOWN
"1. Ziziphus  andamanica  Bhandari  &  Bhansali  in  M.P.  Nayar  et  ai,",5,no flower colour mentioned,UNKNOWN
"2. Ziziphus  apetala  Hook.f.,  Fl.  Brit.  India  1:  635.  1875.",5,no flower colour mentioned,UNKNOWN
"3. Ziziphus  brunoniana  Brandis,  Ind.  Trees  169.  1971  (Repr.  ed.).",5,no flower colour mentioned,UNKNOWN
1832. Z. xylopyrus  var.  glaberrima  Sedgew.  in  Indian  For. 45: 71.  1919. Z.,5,flowers pale green,OTHER
5. Ziziphus  funiculosa  Buch. - Ham.  ex  M. Lawson  in Fl. Brit.  India,5,no flower colour mentioned,UNKNOWN
"6. Ziziphus glabrata Heyne ex Roth, Nov. PI. Sp.  159.  1821; M. Lawson",5,flowers yellowish green,YELLOW
"7. Ziziphus  horrida  Roth,  Nov.  PI.  Sp.  159.  1821; M.  Lawson  in Fl.",5,no flower colour mentioned,UNKNOWN
"8. Ziziphus  incurva  Roxb.,  Fl.  Ind.  2:  364.  1824  &  Fl.  Ind.  1: 614.",5,no flower colour mentioned,UNKNOWN
"9. Ziziphus jujuba  Miller,  Gard.  Diet. ed.  8,  1768. Z. sativa  Gaertner,",5,no flower colour mentioned,UNKNOWN
"10. Ziziphus  mauritiana  Lam.,  Encycl.  3:  319.  1789.  Z. jujuba  (L.)",5,no flower colour mentioned,UNKNOWN
"1963. Z  jujuba  Lam. var. fructicosa Haines, For. Fl. Chotanagpur  270.  1910.",5,no flower colour mentioned,UNKNOWN
"11. Ziziphus  nummularia  (Burm.f.)  Wight  & Arn.,  Prodr.  162.  1834;",5,no flower colour mentioned,UNKNOWN
"12. Ziziphus oenoplia  (L.) Miller, Gard. Diet. ed. 8: 3.  1768; M. Lavvson",5,no flower colour mentioned,UNKNOWN
13. Ziziphus  oxyphylla  Edgew.  in Trans.  Linn.  Soc. 20: 43.  1846; M.,5,no flower colour mentioned,UNKNOWN
"14. Ziziphus rugosa Lam., Encycl. 3: 319.  1789; M. Lawson  in Fl. Brit.",5,flowers yellowish green,YELLOW
15. Ziziphus  truncata  Blatt.  &  Hallb.  in  J.  Bombay  Nat.  Hist. Soc.,5,no flower colour mentioned,UNKNOWN
"17. Ziziphus xylopyra  (Retz.) Willd.,  Sp. PI.  1: 1104.  1797; M. Lawson",5,flowers yellowish green,YELLOW
1830. A  nearly  leafless  shrub  with  decussate  branches  and  flattened  spines:,5,no flower colour mentioned,UNKNOWN
"272. SHETTY,  B.V. & P. SINGH  (1988)  The Vitaceae  in  Rheede's  Hortus Malabaricus. Taxon",5,no flower colour mentioned,UNKNOWN
8. Vitis,5,no flower colour mentioned,UNKNOWN
1. Ampelocissus,5,no flower colour mentioned,UNKNOWN
7. Tetrastigma,5,no flower colour mentioned,UNKNOWN
5. Cyphostemma,5,no flower colour mentioned,UNKNOWN
"1. Ampelocissus  Planchon,  nom.  cons.",5,no flower colour mentioned,UNKNOWN
6. A.  latifolia,5,no flower colour mentioned,UNKNOWN
2. A.  barbata,5,no flower colour mentioned,UNKNOWN
4. A.  helferi,5,no flower colour mentioned,UNKNOWN
3. A.  divaricata,5,no flower colour mentioned,UNKNOWN
"1. Ampelocissus araneosa (Dalz.) Planchon  ex Gamble, Fl. Pres. Madras",5,no flower colour mentioned,UNKNOWN
1861. Vitis araneosa  (Dalz.) M. Lawson  in Fl. Brit.  India  1: 657.  1875 (non,5,flowers red,RED
"2. Ampelocissus  barbata  (Wallich)  Planchon  in  DC,  Monogr.  Phan.",5,no flower colour mentioned,UNKNOWN
3. Ampelocissus  divaricata  (Wallich  ex  M.  Lawson)  Planchon  in  J.,5,flowers red,RED
"4. Ampelocissus  helferi  (M. Lawson)  Planchon  in DC,  Monogr.  Phan.",5,no flower colour mentioned,UNKNOWN
5. Ampelocissus  indica  (L.)  Planchon  in J. Vigne Amer.  8: 375.  1884;,5,no flower colour mentioned,UNKNOWN
6. Ampelocissus  latifolia  (Roxb.)  Planchon  in J.  Vigne  Amer.  8: 374.,5,flowers reddish brown,RED
7. Ampelocissus  rugosa  (Wallich)  Planchon  in  J.  Vigne  Amer.  8:  375.,5,no flower colour mentioned,UNKNOWN
1887. Hindi:  Asojapharphuta.,5,flowers red,RED
8. Ampelocissus  sikkimensis  (M.  Lawson)  Planchon  in  J.  Vigne  Amer.,5,no flower colour mentioned,UNKNOWN
9. Ampelocissus  tomentosa  (Roth) Planchon  in J. Vigne  Amer.  8: 375.,5,no flower colour mentioned,UNKNOWN
"1875. Or.: Ghoralidi, Katobhangonoi; Tarn.: Sirunaralai;  Tel.: Atukulabaddu,",5,flowers red,RED
"1989. Vitis erioclada  auct.  non.  Wight  & Arn.  1833: Wight  & Am.,  Prodr.",5,no flower colour mentioned,UNKNOWN
"2. Ampelopsis  A.  Rich,  ex  Michaux",5,no flower colour mentioned,UNKNOWN
2. A.  rubifolia,5,no flower colour mentioned,UNKNOWN
"1. Ampelopsis glandulosa (Wallich) Momiy. in H. Hara, Fl. E. Himal. 2:",5,no flower colour mentioned,UNKNOWN
"1887. Climbing  shrubs; stems and  branches  slender,  terete, greyish  pubescent;",5,no flower colour mentioned,UNKNOWN
"2. Ampelopsis  rubifolia  (Wallich)  Planchon  in  DC,  Monogr.  Phan.",5,no flower colour mentioned,UNKNOWN
"3. Ampelopsis  vitifolia  (Boiss.)  Planchon  in  DC,  Monogr.  Phan.  5:",5,no flower colour mentioned,UNKNOWN
"3. Cayratia  A.L.  Juss.,  nom.  cons.",5,no flower colour mentioned,UNKNOWN
6. C.  roxburghii,5,no flower colour mentioned,UNKNOWN
1. C.  anemonifolia,5,no flower colour mentioned,UNKNOWN
8. C. trifolia,5,no flower colour mentioned,UNKNOWN
7. C.  tenuifolia,5,no flower colour mentioned,UNKNOWN
1. Cayratia  anemonifolia  (Zipp.  ex  Miq.)  Suesseng.  ex  Suesseng.  in,5,no flower colour mentioned,UNKNOWN
2. Cayratia  geniculata  (Blume)  Gagnepain  in  Notul.  Syst.  (Paris)  1:,5,no flower colour mentioned,UNKNOWN
3. Cayratia  japonica  (Thunb.)  Gagnepain  in  Notul.  Syst.  (Paris)  1:,5,no flower colour mentioned,UNKNOWN
4. Cayratia  mollissima  (Wallich)  Gagnepain  in  Notul.  Syst.  (Paris),5,no flower colour mentioned,UNKNOWN
"5. Cayratia  pedata (Lam.) Gagnepain, Notul. Syst. (Paris)  1: 346. 1911.",5,no flower colour mentioned,UNKNOWN
"6. Cayratia  roxburghii  Gagnepain  in Notul.  Syst. (Paris)  1: 346. 1911,",5,no flower colour mentioned,UNKNOWN
"1887. Vitis  roxburghii M. Lawson  in Fl. Brit.  India  I: 655.  1875, nom. illegit.,",5,no flower colour mentioned,UNKNOWN
7. Cayratia tenuifolia  (Wight & Arn.) Gagnepain  in Notul. Syst. (Paris),5,no flower colour mentioned,UNKNOWN
8. Cayratia  trifolia  (L.)  Domin  in  Biblioth.  Bot.  89:  370.  1927.  Vitis,5,no flower colour mentioned,UNKNOWN
"1977. Asm.:  Maimati,  Marmarati;  Beng.:  Amallata,  Bundal;  Guj.:  Khat-",5,no flower colour mentioned,UNKNOWN
"1911. Vitis wrayi  King  in  J.  As.  Soc.  Bengal  65:  394.  1896, p.p.",5,no flower colour mentioned,UNKNOWN
4. Cissus  L.,5,no flower colour mentioned,UNKNOWN
7. C.  glyptocarpa,5,no flower colour mentioned,UNKNOWN
14. C.  spectabilis,5,no flower colour mentioned,UNKNOWN
3. C.  arnottiana,5,no flower colour mentioned,UNKNOWN
10. C.  nodosa,5,no flower colour mentioned,UNKNOWN
13. C.  repens,5,no flower colour mentioned,UNKNOWN
8. C.  heyneana,5,no flower colour mentioned,UNKNOWN
4. C.  assamica,5,no flower colour mentioned,UNKNOWN
17. C.  vitiginea,5,no flower colour mentioned,UNKNOWN
2. C.  aristata,5,no flower colour mentioned,UNKNOWN
"1. Cissus  adnata  Roxb.,  Fl.  Ind,  1: 423.  1820  & ed.  2.  1: 405.  1832.",5,no flower colour mentioned,UNKNOWN
"2. Cissus  aristata  Blume,  Bijdr.  183.  1825.  C.  simplex  Blanco,  Fl,",5,no flower colour mentioned,UNKNOWN
3. Cissus  arnottiana  Shetty  & P. Singh  in  Kew  Bull.  44: 473.  1989.,5,no flower colour mentioned,UNKNOWN
4. Cissus  assamica  (M.  Lawson)  Craib  in  Kew  Bull.  31.  1911.  Vitis,5,no flower colour mentioned,UNKNOWN
"5. Cissus  discolor  Blume,  Cat.  39.  1823  &  Bijdr.  1:  181.  1825.",5,no flower colour mentioned,UNKNOWN
"6. Cissus  elongata  Roxb.,  Fl.  Ind.  1: 429.  1820 & ed. 2.  1: 411. 1832.",5,no flower colour mentioned,UNKNOWN
"7. Cissus  glyptocarpa  Thwaites,  Enum.  PI.  Zeyl.  62.  1858.  Vitis",5,no flower colour mentioned,UNKNOWN
"8. Cissus  heyneana  Planchon  in  DC,  Monogr.  Phan.  5:  476.  1887.",5,no flower colour mentioned,UNKNOWN
"9. Cissus  latifolia  Lam.,  Encycl.  1:  30.  1783;  Shetty  &  P.  Singh  in",5,no flower colour mentioned,UNKNOWN
"1887. C. glauca  sensu  Gamble,  Fl.  Pres.  Madras  1: 234.  191*. (non  Rexb.,",5,no flower colour mentioned,UNKNOWN
"10. Cissus  nodosa  Blume,  Catalogus  39.  1823  &  Bijdr.  182.  1825.",5,no flower colour mentioned,UNKNOWN
"11. Cissus quadrangularis  L., Syst. Nat. ed.  12. 2:  124.  1767 & Mant.",5,no flower colour mentioned,UNKNOWN
"12. Cissus  repanda  Vahl, Symb. Bot. 3:18.  1794.  Vitis  repanda  (Vahl)",5,no flower colour mentioned,UNKNOWN
"13. Cissus repens  Lam., Encycl.  1:31.  1783; Planchon  in DC,  Monogr.",5,no flower colour mentioned,UNKNOWN
1887. Vitis spectabilis  Kurz  in  J.  Bot.  n.s.  3:  196.  1874;  M.  Lawson  in,5,no flower colour mentioned,UNKNOWN
"15. Cissus  subramanyamii  Shetty  & P.  Singh,  sp.  nov.",5,petals pinkish red,PINK
"16. Cissus  trilobata  Lam.,  Encycl.  1:31.  1783.  Vitis rheedei  Wight",5,no flower colour mentioned,UNKNOWN
"17. Cissus  vitiginea  L.,  Sp.  PI.  117.  1753; Planchon  in  DC.  Monogr.",5,no flower colour mentioned,UNKNOWN
18. Cissus woodrowii  (Stapf ex T. Cooke)  Santapau  in Kew. Bull.  1948:,5,no flower colour mentioned,UNKNOWN
5. Cyphostemma  (Planchon)  Alston,5,no flower colour mentioned,UNKNOWN
1. C. auriculatum,5,no flower colour mentioned,UNKNOWN
2. C.  setosum,5,no flower colour mentioned,UNKNOWN
65. Cyphostemma  auriculatum  (Roxb.)  P.  Singh  &  Shetfy  :  a.  Habit;,5,no flower colour mentioned,UNKNOWN
"2. Cyphostemma  setosum (Roxb.) Alston  in Trimen, Handb. Fl. Ceylon",5,no flower colour mentioned,UNKNOWN
6. Parthenocissus  Planchon,5,flowers greenish to reddish brown,RED
1. P.  semicordata,5,no flower colour mentioned,UNKNOWN
"1. Parthenocissus  semicordata  (Wallich)  Planchon  in  DC,  Monogr.",5,flowers yellowish green or reddish brown,YELLOW
"1896. Garh.;  Philuna;  Hindi  :  Chapper-tang,  Laderi;  Lep.:  Hlotagbret;",5,no flower colour mentioned,UNKNOWN
67. Parthenocissus  semicordata  (Wallich)  Planchon  var.  roylei  (King.),5,no flower colour mentioned,UNKNOWN
"2. Parthenocissus  thomsonii  (M.  Lawson)  Planchon  in  DC,  Monogr.",5,no flower colour mentioned,UNKNOWN
7. Tetrastigma  (Miq.)  Planchon,5,no flower colour mentioned,UNKNOWN
11. T.  obovatum,5,no flower colour mentioned,UNKNOWN
4. T.  bracteolatum,5,no flower colour mentioned,UNKNOWN
13. T.  planicaule,5,no flower colour mentioned,UNKNOWN
3. T.  angustifolium,5,no flower colour mentioned,UNKNOWN
8. T. hookeri,5,no flower colour mentioned,UNKNOWN
14. T.  rumicispermum,5,no flower colour mentioned,UNKNOWN
10. T.  nilagiricum,5,no flower colour mentioned,UNKNOWN
6. T. dubium,5,no flower colour mentioned,UNKNOWN
2. T. andamanicum,5,no flower colour mentioned,UNKNOWN
1. Tetrastigma  affine  (Gagnepain ex Osm.) Raizada & Saxena in Indian,5,no flower colour mentioned,UNKNOWN
"2. Tetrastigma  andamanicum  (King)  Suesseng.  ex  Suesseng.  in  Mitt.,",5,no flower colour mentioned,UNKNOWN
"3. Tetrastigma  angustifolium  (Roxb.) Planchon  in DC,  Monogr.  Phan.",5,flowers yellowish green,YELLOW
"4. Tetrastigma  bracteolatum  (Wallich)  Planchon  in  DC,  Monogr.",5,no flower colour mentioned,UNKNOWN
"5. Tetrastigma  campylocarpum  (Kurz)  Planchon  in  DC,  Monogr.",5,no flower colour mentioned,UNKNOWN
"6. Tetrastigma  dubium  (M.  Lawson)  Planchon  in  DC,  Monogr.  Phan.",5,no flower colour mentioned,UNKNOWN
7. Tetrastigma  gamblei  Shetty & P. Singh in Kew Bull. 42: 933. 1987.,5,no flower colour mentioned,UNKNOWN
"8. Tetrastigma  hookeri  (M. Lawson)  Planchon  in DC,  Monogr.  Phan.",5,no flower colour mentioned,UNKNOWN
9. Tetrastigma  leucostaphylum  (Dennst.)  Alston  ex  Mabb.  in  Taxon,5,no flower colour mentioned,UNKNOWN
10. Tetrastigma  nilagiricum  (Miq.) Sherry  in Kew Bull. 44: 477.  1989.,5,no flower colour mentioned,UNKNOWN
11. Tetrastigma  obovatum  Gagnepain  in Notul.  Syst.  (Paris)  1: 266.,5,flowers greenish yellow,YELLOW
12. Tetrastigma  obtectum  (Wallich ex M. Lawson) Planchon ex Franch.,5,no flower colour mentioned,UNKNOWN
13. Tetrastigma  planicaule  (Hook.f.)  Gagnepain  in Notul. Syst.  (Paris),5,no flower colour mentioned,UNKNOWN
"14. Tetrastigma  rumicispermum  (M. Lawson) Planchon  in DC,  Monogr.",5,no flower colour mentioned,UNKNOWN
1944. T. corymbosum  Long  in  Edinb.  J.  Bot.  47  (3):  358.  1990.,5,no flower colour mentioned,UNKNOWN
"15. Tetrastigma  serrulatum  (Roxb.)  Planchon  in DC,  Monogr.  Phan.",5,no flower colour mentioned,UNKNOWN
"16. Tetrastigma  sulcatum  (M.  Lawson)  Gamble,  Fl.  Pres.  Madras  1:",5,no flower colour mentioned,UNKNOWN
8. Vitis  L.,5,no flower colour mentioned,UNKNOWN
1. V. flexuosa  var.  parvifolia,5,no flower colour mentioned,UNKNOWN
2. V.  heyneana,5,no flower colour mentioned,UNKNOWN
"1. Vitis  flexuosa  Thunb.  in  Trans.  Linn.  Soc.  London  2:  332.  1794,",5,no flower colour mentioned,UNKNOWN
1875. Garh.:  Barain,5,no flower colour mentioned,UNKNOWN
"2. Vitis  heyneana  Roemer  &  Schultes,  Syst.  Veg.  5:  318.  1819. V.",5,no flower colour mentioned,UNKNOWN
"3. Vitis  jacquemontii  R.  Parker,  For.  Fl.  Punjab  ed.  2.  559.  1924 &",5,no flower colour mentioned,UNKNOWN
1. L.  aequata,5,"flowers greenish white, flowers crimson-red to orange yellow",WHITE
3. L.  angulata,5,no flower colour mentioned,UNKNOWN
4. L.  asiatica,5,no flower colour mentioned,UNKNOWN
6. L.  grandifolia,5,no flower colour mentioned,UNKNOWN
5. L.  compactiflora,5,no flower colour mentioned,UNKNOWN
2. L.  alata,5,no flower colour mentioned,UNKNOWN
7. L.  guineensis,5,flowers and inflorescence red,RED
"1. Leea  aequata  L.,  Syst.  Nat.  ed.  12, 2:  627.  1767. Cooke,  Fl.  Pres.",5,flowers greenish white,WHITE
2. Leea  alata  Edgew.  in  Trans.  Linn.  Soc.  20: 36.  1846; M.  Lawson,5,flowers red,RED
3. Leea  angulata  Korth.  ex  Miq.  in Ann.  Mus. Bot.  Lugd.  Bat.  1: 97.,5,flowers whitish green,WHITE
"1980. Phytolacca  asiatica  L.,  Sp.  PI. 474.  1753. Leea  crispa  L.,  Syst.  Nat.",5,flowers greenish white,WHITE
5. Leea  compactiflora  Kurz  in  J.  As.  Soc.  Bengal  42(2):  65.  1873.,5,flowers greenish white,WHITE
6. Leea  grandifolia  Kurz  in  J.  Bot.  13:  325.  1875;  C.B.  Clarke  in,5,flowers greenish white,WHITE
"7. Leea  guineensis  G.  Don,  Gen.  Hist.  1: 712,  1831. L.  wightii  C.B.",5,flowers red to orange red,RED
8. Leea  indica  (Burm.f.)  Merr. in Philip. J.  Sc.  14: 245.  1919; Santapau,5,flowers greenish white,WHITE
"9. Leea  macrophylla  Roxb.  ex  Hornem.,  Hort.  Hafn.  1: 213.  1813;",5,flowers greenish white,WHITE
"10. Leea  rubra  Blume  ex  Spreng.,  Syst.  Veg.  1:  670.  1824;  Prain,",5,flowers crimson red,RED
"11. Leea  setuligera  C.B.  Clarke  in  J.  Bot.  19:  105.  1881; Cooke,  Fl.",5,flowers wine red to carmine,RED
3. Cardiospermum,5,no flower colour mentioned,UNKNOWN
7. Dodonaea,5,no flower colour mentioned,UNKNOWN
12. Mischocarpus,5,no flower colour mentioned,UNKNOWN
8. Filicium,5,no flower colour mentioned,UNKNOWN
7. Dodonaea,5,no flower colour mentioned,UNKNOWN
16. Sapindus,5,no flower colour mentioned,UNKNOWN
9. Ganophyllum,5,no flower colour mentioned,UNKNOWN
17. Schleichera,5,no flower colour mentioned,UNKNOWN
12. Mischocarpus,5,no flower colour mentioned,UNKNOWN
5. Dimocarpus,5,no flower colour mentioned,UNKNOWN
12. Mischocarpus,5,no flower colour mentioned,UNKNOWN
1. Allophylus  L.,5,flowers white or yellowish,WHITE
1. A.  chartaceus,5,no flower colour mentioned,UNKNOWN
3. A.  concanicus,5,no flower colour mentioned,UNKNOWN
4. A.dimorphus,5,no flower colour mentioned,UNKNOWN
9. A. villosus,5,no flower colour mentioned,UNKNOWN
"1. Allophylus  chartaceus  (Kurz)  Radlk.  in  Engl.  &  Prantl,  Nat.",5,no flower colour mentioned,UNKNOWN
"2. Allophylus  cobbe (L.) Raeusch., Nomencl.  Bot. ed.  108.  1797. Rhus",5,no flower colour mentioned,UNKNOWN
3. Allophylus  concanicus  Radlk.  in Sitzb. Math.-Phys. Acad.  Muench.,5,flowers white,WHITE
"4. Allophylus  dimorphus Radlk.,  Sap. Holl.-Ind.  17: 56.  1879; Leenh.",5,no flower colour mentioned,UNKNOWN
"5. Allophylus rheedii (Wight) Radlk. in Engl. & Prantl., Nat.  Pflanzenfam.",5,no flower colour mentioned,UNKNOWN
"1876. Ornitrophe serrata  Roxb.,  PI.  Corom.  1: 44. t.  61.  1796.  Allophylus",5,flowers yellowish or white,WHITE
"1907. Schmidelia  distachya  DC,  Prodr.  1:610.  1824.  Allophylus  cobbe",5,no flower colour mentioned,UNKNOWN
8. Allophylus triphyllus (Burm.f.)  Merr. in Philip. J. Sc.  19: 363. 1921.,5,flowers white,WHITE
"9. Allophylus villosus (Roxb.) Blume, Rumph. 3:  132.  1847. Omitrophe",5,flowers greenish-yellow,YELLOW
1972. Fl.  & Fr. : Aug.  - Nov.,5,no flower colour mentioned,UNKNOWN
2. Arytera  Blume,5,flowers yellow,YELLOW
3. Cardiospermum  L.,5,no flower colour mentioned,UNKNOWN
"1. Cardiospermum  canescens  Wallich,  PI. As. Rar.  1:  14.t.  14.  1829;",5,flowers white,WHITE
"2. Cardiospermum  halicacabum  L.,  Sp. PI. 366.  1753; Hiern  in  Fl.",5,no flower colour mentioned,UNKNOWN
"1821. Beng.: Sibjhul, Nayaphutki; Guj.: Kagadolio, Korolio; Kan.: Kakarlata;",5,flowers white,WHITE
4. Cupania  Plum.,5,no flower colour mentioned,UNKNOWN
5. Dimocarpus  Lour.,5,flowers yellowish to white,WHITE
6. Dittelasma  Hook.f.,5,flowers white or pale,WHITE
7. Dodonaea  L.,5,no flower colour mentioned,UNKNOWN
2. D. viscosa,5,flowers green,OTHER
"2. Dodonaea  viscosa  Jacq., Enum. Syst. PI.  19. 1760; Hiern  in Fl. Brit.",5,flowers greenish yellow,YELLOW
8. Filicium  Thwaites  ex  Benth.  &  Hook.f.,5,flowers greenish white,WHITE
9. Ganophyllum  Blume,5,flowers yellow,YELLOW
10. Harpullia  Roxb.,5,no flower colour mentioned,UNKNOWN
1. Harpullia  arborea  (Blanco)  Radlk.  in  Sitzb.  Math.-Phys.  Acad.,5,no flower colour mentioned,UNKNOWN
2. Harpullia  cupanoides  Roxb. Fl. Ind. 2: 442.  1824; Hiern  in Fl. Brit.,5,no flower colour mentioned,UNKNOWN
11. Lepisanthes  Blume,5,no flower colour mentioned,UNKNOWN
4. L.  senegalensis,5,no flower colour mentioned,UNKNOWN
3. L.  rubiginosa,5,no flower colour mentioned,UNKNOWN
2. L. erecta,5,no flower colour mentioned,UNKNOWN
1. Lepisanthes  andamanica  King  in  J.  As.  Soc.  Bengal  65  (2): 428.,5,no flower colour mentioned,UNKNOWN
2. Lepisanthes  erecta  (Thwaites)  Leenh.  in  Blumea  17(1): 69.  1969.,5,no flower colour mentioned,UNKNOWN
4. Lepisanthes  rubiginosa  (Roxb.)  Leenh.  in Blumea  17(1): 82.  1969.,5,flowers white,WHITE
5. Lepisanthes  senegalensis  (A.L.  Juss.  ex  Poiret)  Leenh.  in  Blumea,5,no flower colour mentioned,UNKNOWN
1805. S. attenuatus  Wallich ex Hiern  in Fl. Brit. India  1: 684.  1875.  S. danura,5,no flower colour mentioned,UNKNOWN
6. Lepisanthes  tetraphylla  (Vahl)  Radlk.  in  Sitz.  Math.-Phys.  Acad.,5,no flower colour mentioned,UNKNOWN
"1909. Mar.:  Karpa,  Lokhandi;  Tarn.: Nekota;  Tel.:  Korivi.",5,flowers white or pale yellow,WHITE
12. Mischocarpus  Blume,5,no flower colour mentioned,UNKNOWN
1. M.  pentapetalus,5,no flower colour mentioned,UNKNOWN
"1879. Schleichera  pentapetala  Roxb.,  Fl.  Ind.  ed.  2:  275.  1832.  Cupania",5,no flower colour mentioned,UNKNOWN
"1875. C. sumatrana  Miq.,  Fl.  India  Bat.  1(2):  566.  1859;  Hiern  in  Fl.  Brit.",5,flowers yellowish green,YELLOW
"2. Mischocarpus sundaicus Blume, Bijdr. 238.  1825. Cupania lessertiana",5,no flower colour mentioned,UNKNOWN
13. Nephelium  L.,5,no flower colour mentioned,UNKNOWN
1. N.  ramboutan-ake,5,no flower colour mentioned,UNKNOWN
1. Nephelium  ramboutan-ake  (Labill.)  Leenh.  in  Blumea  31(2): 415-,5,flowers white,WHITE
2. Nephelium  unicinatum  Radlk.  ex  Leenh.  in  Blumea  31(2): 421.,5,no flower colour mentioned,UNKNOWN
14. Otonephelium  Radlk.,5,no flower colour mentioned,UNKNOWN
1879. Nephelium  stipulaceum  Beddome  in Trans.  Linn.  Soc. 25: 212.  1865;,5,no flower colour mentioned,UNKNOWN
15. Pometia  J.R.  & G.  Forst.,5,no flower colour mentioned,UNKNOWN
"1875. Trees,  up  to  50  m tall;  inner  bark  with  red  gum;  branchlets  grooved,",5,flowers yellowish green,YELLOW
16. Sapindus  L.,5,no flower colour mentioned,UNKNOWN
2. S. mukorossi,5,no flower colour mentioned,UNKNOWN
3. S.  trifoliatus,5,no flower colour mentioned,UNKNOWN
"1. Sapindus  emarginatus  Vahl,  Symb.  Bot.  3: 54.  1794. S.  trifoliatus",5,flowers white,WHITE
"2. Sapindus  mukorossi  Gaertner,  Fruct.  1: 342, t.  70. f.  3.  1788; Hiern",5,flowers white or purple,WHITE
"3. Sapindus  trifoliatus  L.,  Sp. PI. 367.  1753; Hiern  in  Fl. Brit.  India",5,flowers white,WHITE
17. Schleichera  Willd.,5,flowers pale green,OTHER
18. Xerospermum  Blume,5,flowers greenish or yellow,YELLOW
"1. Xerospermum  glabratum  (Kurz) Radlk.,  Sap. Holl.-Ind. 23(93). 1877.",5,no flower colour mentioned,UNKNOWN
"1. Aesculus  assamica  Griffith,  Notul. 4: 540.  1854. Aesculus punduanu",5,"flowers white, often with a yellow spot at base",WHITE
"2. Aesculus indica  (Wallich ex Cambess.) Hook. f.  in Curtis, Bot. Mag.",5,petals white with yellow or orange red throat,WHITE
10. A.  osmastonii,5,no flower colour mentioned,UNKNOWN
14. A.  sikkimensc,5,no flower colour mentioned,UNKNOWN
15. A.  stachyophyllum,5,no flower colour mentioned,UNKNOWN
13. A.  pinnatincrvium,5,no flower colour mentioned,UNKNOWN
9. A.  oblongum,5,no flower colour mentioned,UNKNOWN
7. A.  laevigatum,5,no flower colour mentioned,UNKNOWN
1. A.  acuminatum,5,no flower colour mentioned,UNKNOWN
12. A.  pentapomicum,5,no flower colour mentioned,UNKNOWN
17. A.  thomsonii,5,no flower colour mentioned,UNKNOWN
4. A.  cappadocicum,5,no flower colour mentioned,UNKNOWN
2. A.  caesium,5,no flower colour mentioned,UNKNOWN
5. A.  caudatum,5,no flower colour mentioned,UNKNOWN
16. A.  sterculiaccum,5,no flower colour mentioned,UNKNOWN
11. A.  pectinatum,5,no flower colour mentioned,UNKNOWN
"1. Acer  acuminatum  Wallich ex  D. Don,  Prodr.  Fl. Nepal.  249.  1825;",5,no flower colour mentioned,UNKNOWN
"2. Acer  caesium  Wallich  ex  Brandis,  For.  Fl.  N.W.  India  H I .  t. 21.",5,flowers pale-greenish yellow to yellow,YELLOW
3. Acer  campbellii  Hook.f.  & Thomson  ex  Hiern  in  Fl. Brit.  India  1:,5,flowers greenish white,WHITE
4. Acer  cappadocicum  Gleditsch  in  Schrift.  Ges. Naturf. Freunde  Berl.,5,flowers yellowish green,YELLOW
"5. Acer  caudatum  Wallich,  PI.  Asiat.  Rar.  2:  4.  1830  &  2:  28.  t.  132.",5,flowers yellow,YELLOW
6. Acer  hookeri  Miq.  in  Arch.  Neerl.  Sci.  Nat.  2:  471.  1852;  Hiern,5,flowers yellow,YELLOW
"7. Acer  laevigatum  Wallich, PI. As. Ran  2: 3-4.t.  104.  182.  1830; Hiern",5,flowers white,WHITE
8. Acer  laurinum  Hassk.  apud  Hoeven  de Vriese  in Tijdschr.  Natuurl.,5,flowers yellowish or yellowish green,YELLOW
"9. Acer  oblongum  Wallich  ex  DC,  Prodr.  1: 593.  1824;  Hiern  in  Fl.",5,flowers greenish white to yellowish green,WHITE
"10. Acer  osmastonii  Gamble  in  Kew.  Bull.1908;  446.  1908,  emend",5,flowers greenish to creamy yellow,YELLOW
"1875. Andro-monoecious. Trees,  10-15 m tall; branches purplish brown. Leaves",5,flowers whitish with purple sepals,WHITE
"12. Acer  pentapomicum  J.L.  Stewart  ex  Brandis,  For.  Fl.  N.W.  C.",5,flowers greenish white,WHITE
13. Acer  pinnatinervium  Merrill  in  Brittonia  4:  109.  1941; Sahni,5,no flower colour mentioned,UNKNOWN
14. Acer  sikkimense  Miq.  in Arch. Neerl.  Sci. Nat. 2: 471. 1852; Hiern,5,flowers yellowish green,YELLOW
15. Acer  stachyophyllum  Hiern  in  Fl.  Brit.  India  1: 694.  1875.,5,flowers yellow,YELLOW
"16. Acer  sterculiaceum  Wallich,  PI.  As.  Rar.  2:  3. t.  105.  1830. A.",5,no flower colour mentioned,UNKNOWN
17. Acer  thomsonii  Miq.  in  Arch.  Neerl.  Sci.  Nat.  2:  470.  1852. A.,5,flowers brown-red,RED
1. Staphylea  L.,5,flowers white,WHITE
"2. Turpinia  Venetant,  nom.  cons.",5,no flower colour mentioned,UNKNOWN
1. T. cochinchinensis,5,no flower colour mentioned,UNKNOWN
1. T. cochinchinensis (Lour.) Merr.  in J. Arn. Arb. 19: 43. 1938.  Triceros,5,flowers greenish white,WHITE
2. Turpinia  malabarica  Gamble  in  Kew  Bull.  1916:  135.  1916 & Fl.,5,flowers yellowish white,WHITE
3. Turpinia  montana  (Blume) Kurz in J. As. Soc. Bengal 44:  182. 1875;,5,no flower colour mentioned,UNKNOWN
"4. Turpinia  pomifera  (Roxb.)  DC,  Prodr.  2:  3.  1825.  Dalrympelea",5,flowers yellowish white,WHITE
1. Meliosma  Blume,5,no flower colour mentioned,UNKNOWN
1. M.  dilleniifolia,5,no flower colour mentioned,UNKNOWN
"1. Meliosma  dilleniifolia  (Wallich  ex  Wight  & Am.)  Walp., Rep.  Bot.",5,no flower colour mentioned,UNKNOWN
1971. Meliosma  mannii  Lace  in  Kew  Bull.  1915:  113.  1915.,5,no flower colour mentioned,UNKNOWN
"3. Meliosma  pinnata  (Roxb.)  Maxim,  in  Bull. Acad.  Sci.  St.  Pet.  12;",5,no flower colour mentioned,UNKNOWN
"4. Meliosma  simplicifolia  (Roxb.) Walp., Rep.  Bot. Syst.  1:  103. 1842.",5,no flower colour mentioned,UNKNOWN
1971. Millingtonia  pungens  Wallich  ex  Wight  & Arn.  in  Edinb.  New  Phil.,5,no flower colour mentioned,UNKNOWN
"5. Meliosma  sumatrana  (Jack)  Walp.  in  Ann.  1:  135.  1848; Hook.f.,",5,no flower colour mentioned,UNKNOWN
2. Sabia  Colebr.,5,no flower colour mentioned,UNKNOWN
"75. WATER, V.D. (1980). A Taxonomic revision of the Genus Sabia (Sabiaceae).  Blumea 26 (1):",5,no flower colour mentioned,UNKNOWN
1. S.  campanulata,5,no flower colour mentioned,UNKNOWN
6. S.  purpurea,5,no flower colour mentioned,UNKNOWN
2. S.  lanceolate,5,no flower colour mentioned,UNKNOWN
5. S.  parviflora,5,no flower colour mentioned,UNKNOWN
"1. Sabia  campanulata  Wallich in Roxb., Fl. Ind. 2: 311. 1824; Hook.f.,",5,no flower colour mentioned,UNKNOWN
1982. Fl.  :  March.,5,no flower colour mentioned,UNKNOWN
"2. Sabia  lanceolata  Colebr.,  Trans. Linn.  Soc. London  12: 355.  1818;",5,flowers greenish white,WHITE
"3. Sabia  limoniacea  Wallich  ex  Hook.f.  &  Thorns.,  Fl.  Ind.  1: 210.",5,no flower colour mentioned,UNKNOWN
"4. Sabia  paniculata  Edgew. ex Hook.f. & Thorn., Fl. Ind.  1: 211. 1855:",5,no flower colour mentioned,UNKNOWN
"5. Sabia  parviflora  Wallich  in  Roxb.,  Fl.  Ind.  2: 310.  1824; Hook.f.,",5,no flower colour mentioned,UNKNOWN
"6. Sabia  purpurea  Hook.f. & Thorns., Fl. Ind.  1: 209.  1855; Hook.f.,",5,no flower colour mentioned,UNKNOWN
3. Buchanania,5,no flower colour mentioned,UNKNOWN
12. Mangifera,5,no flower colour mentioned,UNKNOWN
1. Anacardium,5,no flower colour mentioned,UNKNOWN
9. Gluta,5,no flower colour mentioned,UNKNOWN
23. Swintonia,5,no flower colour mentioned,UNKNOWN
7. Dracontomelon,5,no flower colour mentioned,UNKNOWN
21. Solenocarpus,5,no flower colour mentioned,UNKNOWN
20. Semecarpus,5,no flower colour mentioned,UNKNOWN
17. Pistacia,5,no flower colour mentioned,UNKNOWN
1. Anacardium  L.,5,no flower colour mentioned,UNKNOWN
5. Cotinus,5,no flower colour mentioned,UNKNOWN
19. Schinus,5,no flower colour mentioned,UNKNOWN
2. Bouea  Meissner,5,no flower colour mentioned,UNKNOWN
3. Buchanania  Sprengel,5,no flower colour mentioned,UNKNOWN
2. B.  axillaris,5,no flower colour mentioned,UNKNOWN
8. B.  splendens,5,no flower colour mentioned,UNKNOWN
7. B.  sessilifolia,5,no flower colour mentioned,UNKNOWN
4. B.  lanceolata,5,no flower colour mentioned,UNKNOWN
"1. Buchanania  arborescens  ( B l u m e )  Blume,  M u s .  Bot.  I:  183.  1850.",5,flowers white,WHITE
"2. Buchanania  axillaris  (Desr.) Ramamurthy  in Saldanha  & Nicholson,",5,no flower colour mentioned,UNKNOWN
"7. Buchanania  sessilifolia  Blume,  Mus.  Bot.  1:  185.  1850;  Balakr.",5,no flower colour mentioned,UNKNOWN
"8. Buchanania  splendens  Miq.,  Fl.  Ind.  Bot.  Suppl.  1: 524.  1861. B.",5,flowers rusty brown,OTHER
4. Choerospondias  Burtt.,5,no flower colour mentioned,UNKNOWN
1. Choerospondias  auriculata  D.  Chandra  in  J.  Bombay  Nat.  Hist.,5,no flower colour mentioned,UNKNOWN
"1983. Trees,  up to  30 m tall. Leaves  20-24  cm  long; leaflets  4-6 pairs, ovate,",5,no flower colour mentioned,UNKNOWN
"2. Choerospondias  axillaris  (Roxb.)  Burtt  & Hill,  in  Ann.  Bot.  n.s.",5,no flower colour mentioned,UNKNOWN
5. Cotinus  Miller,5,no flower colour mentioned,UNKNOWN
"10. Disc intrastaminal, usually  5-lobed.  Carpels  3, syncarpous; ovary  superior,",5,no flower colour mentioned,UNKNOWN
1. C.  coggygria,5,no flower colour mentioned,UNKNOWN
"1. Cotinus  coggygria  Scop., Fl. Cam. ed. 2.  1: 220.  1772. Rhus cotinus",5,no flower colour mentioned,UNKNOWN
2. Cotinus  kanaka  (De)  Chandra  comb.  nov.  Rhus  kanaka  De  in,5,no flower colour mentioned,UNKNOWN
6. Dobinea  Hamilt.,5,no flower colour mentioned,UNKNOWN
7. Dracontomelon  Blume,5,no flower colour mentioned,UNKNOWN
"1908. Paliurus dao Blanco, Fl. Philip.:  174,  1837.  Dracontomelum mangiferum",5,no flower colour mentioned,UNKNOWN
8. Drimycarpus  Hook.f.,5,no flower colour mentioned,UNKNOWN
9. Gluta  L.,5,no flower colour mentioned,UNKNOWN
10. Holigarna  Buch.-Ham.,5,no flower colour mentioned,UNKNOWN
6. H.  longifolia,5,no flower colour mentioned,UNKNOWN
1. H.  arnottiana,5,no flower colour mentioned,UNKNOWN
"1. Holigarna  arnottiana  Hook.f., Fl. brit.  India 2: 36.  1876. K  longifolia",5,no flower colour mentioned,UNKNOWN
"2. Holigarna  beddomei  Hook.f.,  Fl.  Brit.  India  2: 38.  1876.",5,no flower colour mentioned,UNKNOWN
"3. Holigarna  ferruginea  Marchand,  Rev. Anacard.  171. 1869; Hook.f.,",5,no flower colour mentioned,UNKNOWN
"1872. Semecarpus grahamii Wight, Ic. PI. Ind. Orient, t. 235.  1840. Holigarna",5,no flower colour mentioned,UNKNOWN
"5. Holigarna  kurzii  King in J.  As. Soc. Bengal  65: 512.  1896; Brandis,",5,no flower colour mentioned,UNKNOWN
"6. Holigarna  longifolia  Roxb.,  Fl.  Ind.  2:  80.  1824; Hook.f.,  Fl.  Brit.",5,no flower colour mentioned,UNKNOWN
"7. Holigarna  nigra  Bourd.  in Indian  For.  30: 95. t.  1.  1904; Gamble,",5,no flower colour mentioned,UNKNOWN
11. Lannea  A.  Rich.,5,no flower colour mentioned,UNKNOWN
1. Lannea  coromandelica  (Houtt.)  Merr.  in J. Arn. Arb.  19: 353. 1938.,5,flowers yellowish green,YELLOW
12. Mangifera  L.,5,no flower colour mentioned,UNKNOWN
2. M.  camptosperma,5,no flower colour mentioned,UNKNOWN
3. M.  indica,5,no flower colour mentioned,UNKNOWN
1. Mangifera  andamanica  King  in  J.  As.  Soc. Bengal  65: 470.  1896;,5,no flower colour mentioned,UNKNOWN
"2. Mangifera  camptosperma  Pierre,  Fl.  Cochinch.  t.  363A,  1897.",5,no flower colour mentioned,UNKNOWN
"3. Mangifera  indica  L.,  Sp. PI.  1: 200.  1753; Hook.f.,  Fl.  Brit.  India",5,no flower colour mentioned,UNKNOWN
"4. Mangifera  khasiana  Pierre, Fl. Cochinch. t.  364C  1897;  Mukherjee",5,no flower colour mentioned,UNKNOWN
"5. Mangifera  nicobarica  Kosterm.  in  Kosterm.  &  Bompard.,  The",5,flowers white or yellowish,WHITE
"6. Mangifera  sylvatica  Roxb.,  Fl.  Ind.  2:  644.  1824.",5,no flower colour mentioned,UNKNOWN
13. Melanorrhoea  Wallich,5,no flower colour mentioned,UNKNOWN
14. Nothopegia  Blume,5,no flower colour mentioned,UNKNOWN
1. N.  aureofulva,5,no flower colour mentioned,UNKNOWN
2. N.  beddomei,5,no flower colour mentioned,UNKNOWN
3. N.  colebrookiana,5,no flower colour mentioned,UNKNOWN
"1876. Trees, with rusty villous branches. Leaves subopposite, oblong-lanceolate,",5,no flower colour mentioned,UNKNOWN
"2. Nothopegia  beddomei  Gamble,  Fl.  Pres.  Madras  1:  265.  1918  &",5,no flower colour mentioned,UNKNOWN
"3. Nothopegia  colebrookiana  (Wight)  Blume,  Mus.  Bot.  Lugd.  Bot.",5,no flower colour mentioned,UNKNOWN
"1918. N. colebrookiana (Wight) Blume van  heyneana Hook.f., Fl. Brit.  India",5,no flower colour mentioned,UNKNOWN
"5. Nothopegia  racemosa (Dalz.) Ramamurthy in Saldanha & Nicholson,",5,no flower colour mentioned,UNKNOWN
"6. Nothopegia  travancorica  Beddome  ex  Hook.f.,  Fl.  Brit.  India  2:",5,no flower colour mentioned,UNKNOWN
7. Nothopegia  vajravelui  Ravikumar  & Lakshmanan  in Rheedia  9(1):,5,no flower colour mentioned,UNKNOWN
15. Parishia  Hook.f.,5,no flower colour mentioned,UNKNOWN
16. Pegia  Colebr.,5,flowers whitish,WHITE
17. Pistacia  L.,5,no flower colour mentioned,UNKNOWN
1. P. atlantica  ssp.  cabulica,5,no flower colour mentioned,UNKNOWN
"1. Pistacia  atlantica  Desf.,  Fl.  Atlant.  2.  364.  1800.  ssp.  cabulica",5,no flower colour mentioned,UNKNOWN
"2. Pistacia  chinensis  Bunge  ssp. integerrima  (Stewart)  Reichb.f.,  Fl.",5,no flower colour mentioned,UNKNOWN
"3. Pistacia  khinjuk  Stocks  in  Hook.f.,  Kew  J.  Bot.  4:  143.  1852;",5,no flower colour mentioned,UNKNOWN
18. Rhus  L.,5,no flower colour mentioned,UNKNOWN
3. R.  himalaica,5,no flower colour mentioned,UNKNOWN
10. R.  succedanea,5,no flower colour mentioned,UNKNOWN
5. R.  khasiana,5,no flower colour mentioned,UNKNOWN
9. R.  sinuata,5,no flower colour mentioned,UNKNOWN
6. R.  paniculata,5,no flower colour mentioned,UNKNOWN
"1. Rhus chinensis Miller, Gard. Diet. ed. 8. sub.n.7.  1768.  R. semialata",5,no flower colour mentioned,UNKNOWN
"1876. R. javanica  Thunb.,  FI.  Jap.  121.  1785  (non  L.).",5,no flower colour mentioned,UNKNOWN
"2. Rhus  griffithii  Hook.f.,  Fl.  Brit.  India  2;  12.  1876.",5,no flower colour mentioned,UNKNOWN
3. Rhus  himalaica  (Hook.f.)  Chandra  &  Mukherjee  stat.  nov.  R.,5,no flower colour mentioned,UNKNOWN
4. Rhus hookeri Sahni & Bahadur Indian For. 96: 769.  1970.  R.  insignis,5,no flower colour mentioned,UNKNOWN
"5. Rhus  khasiana  Hook.f.,  Fl.  Brit.  India  2:  10.  1876.",5,no flower colour mentioned,UNKNOWN
"6. Rhus  paniculata  Wallich  ex  Don,  Gen.  Syst.  2:  74.  1832; Hook.f.",5,no flower colour mentioned,UNKNOWN
"7. Rhus  parviflora  Roxb.,  Fl.  Ind.  2:  100.  1832  &  in  DC,  Prodr.",5,no flower colour mentioned,UNKNOWN
"8. Rhus  punjabensis  Stewart  in Brandis,  For. Fl.:  120.  1874; Hook.f.",5,no flower colour mentioned,UNKNOWN
"9. Rhus  sinuata  Thunb.,  Prodr.  PI. Cap. 52.  1794. R.  mysorensis Don,",5,no flower colour mentioned,UNKNOWN
"10. Rhus  succedanea  L.,  Mant.  PI.  2:  221.  1771; Hook.f.,  Fl.  Brit.",5,no flower colour mentioned,UNKNOWN
"11. Rhus  tomentosus  L.,  Sp.  PI.  1: 266.  1753; Chandra  &  Ghosh  in",5,no flower colour mentioned,UNKNOWN
"12. Rhus  wallichii  Hook.f.,  Fl.  Brit.  India  2:  11.  1876.",5,no flower colour mentioned,UNKNOWN
19. Schinus  L.,5,flowers greenish white,WHITE
20. Semecarpus  L.f.,5,no flower colour mentioned,UNKNOWN
2. S.  auriculata,5,no flower colour mentioned,UNKNOWN
6. S.  subpanduriformis,5,no flower colour mentioned,UNKNOWN
5. S. prainii,5,no flower colour mentioned,UNKNOWN
"1. Semecarpus  anacardium  L.f.,  Suppl.  PL:  182.  1781; Hook.f.  Fl.",5,no flower colour mentioned,UNKNOWN
"2. Semecarpus  auriculata  Beddome, Fl. Sylv. 2: t.  232.  1870; Hook.f..",5,no flower colour mentioned,UNKNOWN
3. Semecarpus  kathaiekanensis  Dasappa  & Swaminath  in Indian  For.,5,no flower colour mentioned,UNKNOWN
"4. Semecarpus  kurzii  Engl, in  DC. Mon.  Phan. 4: 489.  1883; Parkinson,",5,no flower colour mentioned,UNKNOWN
5. Semecarpus  prainii  King  in  J.  As.  Soc.  Bengal  66:  511.  1896:,5,no flower colour mentioned,UNKNOWN
"6. Semecarpus  subpanduriformis  Wallich  ex  Hook.f.,  Fl.  Brit.  India",5,no flower colour mentioned,UNKNOWN
"7. Semecarpus travancorica  Beddome, Fl. Sylv. 2: t. 232.  1870; Hook.f,",5,no flower colour mentioned,UNKNOWN
21. Solenocarpus  Wight  &  Am.,5,flowers white,WHITE
22. Spondias  L.,5,no flower colour mentioned,UNKNOWN
"8. Disc  cupular,  broadly  lobed.  Carpels  5 or 4,  syncarpous;  ovary  superior,",5,no flower colour mentioned,UNKNOWN
23. Swintonia  Griffith,5,no flower colour mentioned,UNKNOWN
1. C.  nepalcnsis,5,no flower colour mentioned,UNKNOWN
"1. Coriaria  nepalensis  Wallich, PI. As. Rar. 3: 67. t. 289.  1832; Hook.f.,",5,no flower colour mentioned,UNKNOWN
"2. Coriaria  terminalis  Hemsley  in  Hook.,  Ic.  PI.  23. t.  2220.  1892;",5,no flower colour mentioned,UNKNOWN
"1. Moringa  concanensis Nimmo  in Graham,  Cat. Bombay  PI. 43. 1839,",5,flowers yellowish white or reddish pink-streaked,WHITE
"2. Moringa  oleifera  Lam.,  Encycl.  Meth.  Bot.  1:  398.  1785.  M.",5,no flower colour mentioned,UNKNOWN
1876. Asm.:  Sajina; Beng.:  Schajna; Eng.: Horse Radish tree; Hindi:  Sohajna;,5,flowers white,WHITE
2. Connarus,5,no flower colour mentioned,UNKNOWN
1. Cnestis  A.L.  Juss.,5,no flower colour mentioned,UNKNOWN
2. Connarus  L.,5,no flower colour mentioned,UNKNOWN
4. C.  nicobaricus,5,no flower colour mentioned,UNKNOWN
8. C.  sclerocarpus,5,no flower colour mentioned,UNKNOWN
7. C.  planchonianus,5,no flower colour mentioned,UNKNOWN
1. Connarus  andamanicus  Mondal  in J.  Econ.  Tax. Bot.  15: 459-460.,5,no flower colour mentioned,UNKNOWN
"1991. Scandent shrubs; branches and leaves perfectly  glabrous. Leaves trifoliolate,",5,no flower colour mentioned,UNKNOWN
2. Connarus  kingii  Schellenb.  in  Candollea  2: 96.  1925; Vasud.  in  J.,5,no flower colour mentioned,UNKNOWN
"3. Connarus  monocarpus  L., Sp. PI. 675.  1753; Hook.f., Fl. Brit. India",5,no flower colour mentioned,UNKNOWN
"4. Connarus nicobaricus King, in J. As. Soc. Bengal 66: 6. 1897.",5,no flower colour mentioned,UNKNOWN
"5. Connarus  paniculatus  Roxb.,  Fl.  Ind.  3:  139.  1832;  Hook.f.,  Fl.",5,no flower colour mentioned,UNKNOWN
6. Connarus  parameswaranii  Ramamurfhy  et  Rajan  in J. Bombay Nat.,5,no flower colour mentioned,UNKNOWN
7. Connarus  planchonianus  Schellenb. in Kew Bull.  1927: 375.  1927;,5,no flower colour mentioned,UNKNOWN
8. Connarus  sclerocarpus  (Wight  & Arn.)  Schellenb.  in  Candollea  2:,5,no flower colour mentioned,UNKNOWN
"9. Connarus  semidecandrus  Jack,  in  Mai. Misc. 2: 39.  1822; Hook.f.,",5,no flower colour mentioned,UNKNOWN
"10. Connarus  wightii  Hook.f,  Fl. Brit.  India  2: 51. 1876. Gamble, Fl.",5,no flower colour mentioned,UNKNOWN
3. Ellipanthus  Hook.f.,5,petals creamy white,WHITE
1. E. calophyllus,5,no flower colour mentioned,UNKNOWN
1. Ellipanthus  calophyllus  Kurz  in  J. As.  Soc. Bengal  41: 305.  1872;,5,no flower colour mentioned,UNKNOWN
"1923. Small  trees, 6-10  m tall; branchlets  and  buds  pubescent.  Leaves  entire,",5,no flower colour mentioned,UNKNOWN
"2. EUipanthus  tomentosus  Kurz,  in J.  As.  Soc. Bengal  41: 305.  1872;",5,flowers white,WHITE
"4. Rourea  Aubl.,  nom.  cons.",5,no flower colour mentioned,UNKNOWN
1. R.  mimosoides,5,no flower colour mentioned,UNKNOWN
2. R.  minor,5,no flower colour mentioned,UNKNOWN
1. Rourea  mimosoides (Vahl) Planchon  in Linnaea 23: 420.  1850; Leenh.,5,no flower colour mentioned,UNKNOWN
"1794. R.  villosa  Planchon.  in  Linnaea  23: 422.  1850; Hook.f.,  Fl. Brit.  India",5,no flower colour mentioned,UNKNOWN
"2. Rourea  minor (Gaertner)  Leenh.  in Fl. Males.  Ser.  1, 5: 514.  1958.",5,no flower colour mentioned,UNKNOWN
"1906. Large  lianas  or climbing  shrubs. Leaves  3-11-jugate,  glabrous,  shining;",5,no flower colour mentioned,UNKNOWN
"3. Rourea  prainiana  W.S. Talbot,  For.  Fl.  Bombay  Pres.  Sind.  1: 368.",5,no flower colour mentioned,UNKNOWN
