species_id,volume,stratum,qwen_free_text,qwen_category,raw_text_snippet,gold_free_text,gold_category,notes
"46. Impatiens  depauperata  Hook, f.,  Fl. Brit. India  1: 481. 1875; Hook. f.  in  Rec.",4,clear_white,flowers white,WHITE,"Bot. Surv. India 4: 31.1905. Herbs, annual; glabrous; stems much branched. Leaves alternate, ovate to ovate- lanceolate, abruptly narrowed to attenuate towards base, crenate along margins and ciliate on basal margin, 2 - 5 x 1 . 3 - 2 cm, sparsely hairy on upper surface; stipules linear. Flowers white, 4 - 5 , pedunculate, buds globose; bracts linear. Lateral sepals linear, 2 - 3 mm long. Standard more or less orbicular, 4 - 5 mm long. Wings 8-10 mm long; basal lobes ovate-triangular, 2 - 4 x 1 . 5 - 3 mm; distal lobes suborbicular or transversely semiovate, 4 - 7 x 3 - 4 mm. Capsules swollen at middle, 5 - 6 x 2 - 3 mm; seeds elliptic, 1-2, black. 1997] BALSAMINACEAE 141 Fl&Fr. Oct. Distrib. India:E.Himalayas, 1500-1850m. Meghalaya. Endemic.",,,
2. Pterospermum aceroides Wallich ex Kurz in J. Asiat. Soc. Beng. 42: 62.1873; P.,3,clear_white,flowers white,WHITE,"acerifolium auct. non (L.) Willd., Masters in Fl. Brit. India 1: 368.1874, p.p. Trees, 12 -16 m tall; young portions covered with a thin felted layer of minute white tomentum. Leaves 20 - 28 x 11 -16 cm, obovate to oblong, cordate at base with somewhat unequal lobes, acuminate at apex, entire, coriaceous, glabrous above, pale whitish stellate-pubescent beneath; nerves 11-14 (juvenile leaves much larger and palmately lobed); petioles 1 - 2 cm long, stout. Flowers 4 - 5 cm long; bracts broadly ovate, tomentose, thick. Sepals 5, 3.5 - 5 x 0.4 - 0.6 cm, recurved, scurfy tomentose outside, adpressed pubescent inside. Petals 5, white, 3 - 4 cm long, obovate. Stamens 15, as long as the petals or shorter; staminodes 5, longer than the stamens. Ovary 5-locular, densely 1993] STERCULIACEAE 449 sericeous; styles shorter than stamens; stigmas clavate. Capsules 12 - 18 x 3 - 4 cm, glabrous, black when mature. Seeds many, in two rows, ca 1 x 1 cm, somewhat rhomboid; wing 3 - 4 cm long, narrowed towards apex. Fl. Oct. - March; Fr. March - June. Distrib. India: Andaman & Nicobar Islands(Andaman Islands). Myanmar.",,,
"153. Impatiens racemosa D C , Prodr. 1:688.1824; Hook. f. & Thomson in J. Linn.",4,clear_white,flowers yellowish-white with reddish blotches,WHITE,"Soc.,.Bot. 4:147.1860; Hook, f., Fl. Brit. India 1: 479.1875 & in Rec. Bot. Surv. India 4: 6.1904; Biswas, PI. Darj. Sikkim Himal. 1:210.1966;H.Hara,Fl.E.Himal. 1:196.1966. Fig. 48. /. micwsciadia Hook.f. in Rec. Bot. Surv. India 4:16.16.1905. Herbs, up to 1 m high; stems slender, branched, sometimes glandular above, glabrous. Leaves ovate-elliptic to elliptic-oblong or oblanceolate, sometimes smaller, attenuate into petiole at base, acuminate at apex, shallowly crenate or crenate-serrate along margins with poorly developed filiform appendages on crenations, 3.5 -12 x0.8 - i cm, green, paler beneath; petiole 0.8 -3.5 cm long; stipular glands 2, large, rarely absent. Inflorescence a raceme, axillary, exceeding leaves, 6- 10-flowered. Flowers 1.6-2.5 cm long, yellowish-white with reddish blotches; peduncles 3 - 8 cm long; bracts ovate, ca 3 mm long, with ca 2 mm long glandular filiform appendages; pedicels alternate on peduncles, 1 -4 cm long, hairy. Lateral sepals falcate, ca 3 x l mm, usually with ca 3 mm °ng appendage, yellow. Lip shallowly navicular, shortly pointed, ca 2 x 5 mm, spurred; spur constricted, curved, 1.1 - 1.8 cm long. Standard orbicular, with an appendage,not spurred or crested, 4 - 5 mm long. Wings narrrow, pendulous, 0.7 - 1 cm long; basal es orbicular, 3 - 4 x 4 - 5 mm; distal lobes transversely semiovate to.elliptic-ovate, 200 FLORA OF INDIA [VOL.4 Fig. 48. Impatiens racemosa D C . : a. habit; b. flower; c. lateral sepals; d. wing petals. 1997] BALSAMINACEAE 201 broadly strap-shaped, shortly apiculate, 5 - 7 x 2 - 3 mm. Capsules linear or clavate, 0.5 - 1.8 cm, glabrous; seeds large, oblong, compressed, rugose. Fl. &Fr. June-Oct. Distrib. India: Jammu & Kashmir, Himachal Pradesh, Uttar Pradesh, W. Bengal, Sikkim and Meghalaya. Nepal, Tibet and Malay Peninsula. Chmmosome no. 2n = 18 (Chatterjee, A. & A.R.K. Sastry in Nucleus 13:177-200. 1970); 2n = 20 (Malla, S.B. et al. in Taxon 27: 53-61. 1977).",,,
"1970. Guarea alliaria Buch.-Ham. in Mem. Wern. Nat. Hist. Soc. 6: 305.1832, excl. Syn.",4,clear_white,flowers greenish-white,WHITE,"Rumph. Dysoxylum hamiltonii Hiern in Hook, f., Fl. Brit. India 1: 548.1875. Evergreen tree, to 25 m tall; bark dark brown outside, smooth, scaly with age, reddish-brown, streaked inside, with a smell reminiscent of garlic. Leaves 30 - 70 cm long; leaflets to 17, on young poles to 42, opposite or subopposite, drooping, oblong- lanceolate, oblique at base, entire or slightly undulate along margins, acute or acuminate at apex, 8 - 16 x 5 - 9 cm, glabrous or hairy beneath, membranous, smell reminiscent garlic when bruised; secondary nerves ca 12 on each side. Panicles 15 - 25 cm long, puberulous; bracts and bracteoles minute. Flowers 4-merous, ca 6 mm long, greenish- white; pedicels slender, to 3 mm long. Calyx small, indistinctly 4-partite, pubescent. Petals 4, glabrous. Staminal tube pubescent; anthers 8. Disk glabrous, twice as long as ovary. Ovary pubescent, 3 - 4-locular; style slender, pubescent below, glabrous above. Capsules ca 2.5 cm across, pale yellow or white, 4-loculed; seeds with a red aril. Fl. & Fr. June - Feb. Distrib. India: N.E. region; Sikkim, Assam and Meghalaya. Note. Grierson and Long (Flora of Bhutan 2( 1): 37.1991) recorded D. mollissimutn Blume for Bhutan and Darjeeling (West Bengal) and synonymized D. hamiltonii Hiern thereunder.",,,
"6. Cardamine hirsuta  L., Sp. PI. 655.1753. C. hirsuta L. var. sylvatica (Link)  Hook,",2,clear_white,flowers white,WHITE,"Fig. 20. f. & T. Anderson in Fl. Brit. India 1: 138.1872, p. p. Herbs, annual, up to 50 cm high; stems simple, diffuse or much-branched, erect or creeping at base, glabrous or hairy. Leaves very variable, glabrous or hairy, 3 - 25 x 1 - 20 mm; basal leaves forming a rosette, imparipinnate, petioled; leaflets 5 -13, orbicular or ovate, irregularly toothed or irregularly lobed, 5 - 1 5 mm across. Cauline leaves petioled or subsessile; leaflets lanceolate, narrowly oblong or obovate, toothed or irregularly lobed, obtusely rounded at apex, 5 - 25 x 1 -15 mm. Inflorescence racemose or subcorymbose, 10 - 20-flowered, up to 20 cm long. Flowers 3 - 5 mm across, white. Sepals oblong, obtuse at apex, ca 2 mm long. Petals obovate-cuneate, rounded at apex, 2.5 - 5 mm long. Stamens 4 or rarely 6, rarely outer two abortive, 2 - 3 mm long. Ovary many-ovuled. Fruits cylindric, somewhat compressed, 15 - 25 mm long, ca 1 mm thick. Seeds 6 -12 on either side of septum, ca 1 mm long. 1993] BRASSICACEAE cm \{b mm Fig. 20. Cardamine hirsuta L. : a. plant; b. flower; c. petal; d. stamens adhering to ovary; e. dehisced fruit; f. seeds attached to septum; g. seed. 114 FLORA OF INDIA [VOL. 2 FI. & Fr. March - May (Feb. - Sept.). Distrib. India: Humid wet localities, 700 - 2500 m. Uttar Pradesh, West Bengal, Sikkim, Arunachal Pradesh, Nagaland, Meghalaya and Tamil Nadu. Cosmopolitan.",,,
"1. Casearia andamanica  King in J. Asiat.Soc. Bengal 67:16.1898; C. E. Parkinson,",2,clear_white,flowers greenish white,WHITE,"Fig. 72. For. Fl. Andaman Is. 181.1923. Trees, 8 - 15 m tall; bark yellowish brown; branchlets terete, compressed when young, pale brown, glabrous. Leaves oblong to oblong-elliptic or oblanceolate, rarely broadly elliptic, obtuse or cuneate and usually inequilateral at base, acute or short acuminate at apex, crenato-repand, undulate* to subentire along margins, (9-) 15 - 32 (-35) x (4.5-) 6 - 1 0 (-12) cm, chartaceous when mature, glossy, glabrous, green above, pale beneath, turning to olivaceous or brown when dry; secondary veins (6-) 10 -13 pairs, raised beneath, upturned; tertiary and quarternary veins together form dense reticulum which is prominent beneath; petioles 1 - 2.5 cm long, sulcate. Flowers ca 6 mm across, greenish white in densely bracteate glomerules on short tubercles; pedicels ca 6 mm long, glabrous; bracts ovate, minute. Calyx lobes broadly elliptic, concave, ca 4 mm long, glabrous. Stamens 10,1 -1.5 mm long; staminodes ca 1.5 mm long, with a tuft of hairs at apex. Ovary elongate-ellipsoid, densely hairy; style short; stigma capitate. Capsules ellipsoid or ovoid, 3 - 5 x 1.5 - 2 cm, green, yellow when ripe; aril white, turns pink on drying. Fl. Jan. - April; Fr. ripens during Aug. - Sept. Distrib. India: Evergreen forests. Andaman & Nicobar Islands (South and Middle Andamans). Endemic.",,,
125. Impatiens nataliae Hook. f. in Bull. Misc. Inform.  1910: 294.1910.,4,clear_white,flowers white,WHITE,"Herbs, ca 20 cm high; stems glabrous; branches slender, ascending. Leaves oppo- site , oblong or linear-oblong, firm, lower ones obovate, acute or obtuse, spinulose serrate or entire, 2 - 3 cm long; glands below petiole 2, setaceous, deflexed or absent. Inflores- cence simple, pedicellate; pedicels solitary, thread-like; fruiting pedicels little longer, deflexed. Flowers scarcely 1 cm when opened, white in dried specimens. Lateral sepals 2, linear, acuminate, 4 - 5 mm long, single nerved. Lip infundibular, elongate; spur short, hooked,attenuate. Standard large, orbicular or elliptic,little arched, mucronate at apex. Wings narrowly stalked ,9-10 mm long; basal lobes very small, trigonous, truncate; distal ones much bigger, obovate or dolabriform; dorsal auricle big, exerted or decurved. Capsules small, almost globose, about 1 cm long, shortly stalked, acute, rostrate, few-seeded; seeds globose, smooth, black, shining, about 2 mm across. BALSAMINACEAE 185 Fl. Oct. Distrib. India: Karnataka. Endemic.",,,
9. Hiptage thothathrii  Balakr. &  Srivastava  in J. Econ. Tax.  Bot. 4(3): 985. 1983.,4,clear_white,flowers white,WHITE,"Fig. 13. Climbers. Leaves ovate-elliptic, obtuse at base, acute at apex, 45-5.5 x 2.5-3.5 cm, glabrous; petioles 5-6 mm long, glabrous. Inflorescence appressed-pubescent; pedicels 14-20 mm long, articulate at middle; bracts ca 2 mm long, pubescent; bracteoles abortive or very minute. Flower-buds globose. Calyx lobes ovate, rounded at apex, ca 4 x 2 mm, glabrous; glands ca 4 x 1 mm. Petals suborbicular, with fimbricate margins, ca 5 mm across, white-tomentose. Filaments in shorter stamens ca 6 mm long; in longer ones 10-11 mm long; anthers ovoid, 1 -1.5 mm long. Ovary sericeous; styles ca 10 mm long. Fruits not seen. Fl. March. Distrib. India: Andaman Islands (N. Andamans, Saddle Peak). Endemic, rare. CULTIVATED GENERA & SPECIES The following genera and species are found only as cultivated ornamentals in gardens. 28 FLORA OF INDIA [VOL.4 Fig. 12. Hiptage sericea Hook. f.: a. twig; b. bud showing calycinal gland; b. samara. 19971 M A L P I G H I A C E A E 29 2 cm Fig.13. Hiptage thothathrii Balakr. & Srivastava : a. twig; b. bud; c. petal. 30 FLORA OF INDIA [VOL.4",,,
"36. Senecio  tenuif'olius  Burm.f.,  Fl. Ind. t. 60.f.4.  1768; Hook.f., Fl. Brit.",13,clear_white,disc florets white,WHITE,"India 3: 345. 1881. & multifulus Willd. Sp. PI. 3. 1986, 1800. Doronicum tenuifolium Wight, Ic. t. 1129. 1846. Herbs, annual, slender, 15-25 cm high, much branched, glabrous. Leaves ca 5 cm long, shining, glabrous, pinnatifid into many slender, irregular, spreading, linear lobes sessile, auriculate andsemiamplexicaul. Capitula radiate, ca 8 mm in diam., 5-6 bracteolate; peduncle slender, 1.5-3 cm long, glabrous with 4-5 small bracts; bracts blackish, acute. Involucre campanulate, ca 4 mm long, pubescent; bracts 10-12, oblanceolate, ca 4 x 1.2 mm, acute to acuminate, herbaceous with broad scarious margins and with yellow pubescence on nerves. Ray florets 6-10, ca 6.5 mm long; ray oblong, ca 4.5 mm long. Disc florets ca 4.5 mm long; limb cylindrical, narrowed at the base, 2 mm long, faintly ribbed, white pubescent on the ribs. Pappus of yellowish, copious hairs, equalling the achenes, ca 3.5 mm long. Fl. & Fr. July - Sept. Distrib. India: Peninsular India, between 340-1075 m. commonly found in scrub forests and hills across plains. Andhra Pradesh and Tamil Nadu. Indonesia.",,,
"33. Garcinia  travancorica  Beddome, Fl. Sylv. 1.173.1872; T. Anderson  in Fl. Brit.",3,clear_white,flowers white,WHITE,"India 1: 268.1874. Mai.: Malampongu. Trees, ca 15 m tall, magnificient; branchlets obtusely 4-angled, shiny; wood yellow- ish-brown, hard, heavy; bark exudes yellow sticky latex. Leaves 8 - 10 x 1.5 - 2.5 cm, linear-oblong to subspathulate, sometimes broader upwards, rotundate, acute at base, obtuse or blunt at apex, margins revolute, coriaceous, dark green above, pale beneath, midrib stout; lateral veins slender, indefinite, horizontal, close; finely reticulate; petioles 6 - 1 8 mm long, slender. Male flowers: in trichotomous, short, few-flowered, terminal or subterminal cymes, ca 1 cm in diam, white; pedicels ca 2 - 3 mm long, thickened; sepals 4, orbicular; outer pair much smaller than inner ca 2.5 mm in diam., inner, pair ca 4 mm in diam., concave, decussate. Petals ca 7 mm in diam., rounded, shortly clawed; stamens indefinite, in multifid, polyandrous masses; filaments short; anthers bilocular, linear-oblong, versatile, longitudinally bivalvular; rudimentary pistil columnar, with a circular, peltate stigma. Female flowers: terminal and axillary, slightly larger than male flowers; staminodes ca 5, free, slender, inserted on a hypogynous ring; filaments com- planate, linear, in 2 - 3-chotomous branches; anther locules often divaricate, oblong; ovary ca 6 x 4.5 mm, subglobose or pyriform, tetralocular, half-concealed by the large, convex, entire, ca 3 x 7 mm stigma. Berries 3 - 4 cm in diam., oblong to subglobose, contracted into a short, thick style, with a broad, imbricate stigma, ca 8 mm in diam. at top. Seeds 1-2, 2.5 - 2.8 x 1.5 -1.8 cm, brown, smooth, shiny. Fl.&Fr. Sept.-May. Distrib. India: In evergreen montane forests up to 1500 m. Kerala (Travancore) and Tamil Nadu (Tirunelveli). Endemic. Notes. Wood is brittle, and consequently not used. Yields abundant yellow gam- 1993] CLUSIACEAE 129 boge, uses of which are not yet known. Cultivated in the Lalbagh Botanic Gardens at Banglaore (Karnataka).",,,
"3. Brachyactis  roylei  (DC)  Wendelbo  inNytt,  Mag.  B.  1:62.  1952.  Conyza roylei",12,clear_white,flowers white with violet tinge,WHITE,"D C Prodr. 5: 381. 1836. Brachyactis umbrosa Benth. in Hook., Icon. PI. 12: Sub. t. 1106. 1872; Hook.f., Fl. Brit. India 3: 253. 1881. B. wanqtuensis C B . Clarke, Comp. Ind. 61. 1876. Conyza umbrosa Karel & Kiril. in Ledeb. Fl. Ross. 2: 498. 1845. 102 FLORA OF INDIA [VOL. 12 Herbs, annual, 12-30 cm high, glandular-pubescent, branched from base; barnches 10-20 cm long, ascending, leafy. Leaves obovate, lobulate, cuneate at base, 1.2-2.5 x 0.3-0.6 cm, pubescent on both surfaces. Heads ca 1.2 cm across, often one in every leaf axil, sessile or long peduncled; peduncles 1-4 cm long. Involucral bracts biseriate, ca 3 mm long. Female florets many- seriate, filiform; ligule minute. Achenes obovate ca 2 mm long, sparingly silky. Pappus ca 5 mm long, reddish or whitish. FL & Fr. Aug. - Sept. Distrib. India: W. Himalayas. Jammu & Kashmir, Himachal Pradesh and Uttar Pradesh. C. Asia, Afghanistan, Pakistan and Nepal. 3 . Brachycome Cass. Herbs, usually scapigerous, sometimes branched. Heads heterogamous, rayed, small, solitary. Involucral bracts 2-seriate. Receptacle convex, naked. Ray florets 1-seriate. Disc florets bisexual, tubular, limb 5-cleft. Anther bases obtuse, entire. Achenes compressed. Pappus paleaceous, scanty or absent. Australia, Africa, N. America, New Zealand; ca 75 species, 1 in India. Note. B. iberidifolia Benth., a native of Australia, is grown as an ornamental in some places. Brachycome assamica C.B. Clarke, Comp. Ind. 40. 1876; Hook.f., Fl. Brit. India 3: 243. 1881. Shrubby, 15-30 cm high, glabrous; branches sharply angled. Leaves linear, alternate, sessile. Heads small, solitary, terminal. Involucral bracts 1-2-seriate, elliptic or ovate, margins scarious. Flowers radiate; outer row ligulate; ligule white with violet tinge, much longer than involucral bracts. Style branches ovate-lanceolate. Achenes terete-striate, narrowed above, beaked. Pappus absent. Distrib. India: Upper Assam, in the Dihing river. Note. The occurence of this species in India is doubtful. C.B. Clarke included this on the basis of specimen supposed to have been collected from Assam region (CAL). Hooker (1881) also mentions this on the authority of Clarke (1876). But for the present study neither type nor any authentic specimen could be located in CAL. 1995] ASTERACEAE 103",,,
"2. Braya thomsonii  Hook. f. in J. Linn. Soc, Bot. 5:168.1861.  B.  alpina  auct. non",2,clear_white,flowers white,WHITE,"Sternb. & Hoppe 1815; Hook. f. & T. Anderson in Fl. Brit. India 1:155.1872. Herbs, 2 - 3 (-6) cm high; stems pilose with long simple hairs. Radical leaves erect, 7 - 1 4 (-25) mm long, usually glabrous, rarely ciliate; cauline leaves 8 - 10 x 1.5 mm. Racemes 10 - 15-flowered, erect, up to 2.5 cm long. Flowers white, ca 3 mm across; pedicels erect, rigid, thickened in fruit. Sepals oblong. Petals spathulate, ca 1 mm broad. Stamens up to 3 mm long; anthers ca 0.3 mm long. Fruits linear, subtorulose, recurved- attenuate at apex, glabrous; valves erect, 1-nerved; style 0.5 - 0.8 mm long with faintly bilobate stigma; septum obscurely veined; seeds 8 -10,1-seriate, ovoid-oblong, brown- ish, ca 0.8 mm long. Fl. & Fr. June - Aug. Distrib. India: 3600 - 5000 m. Uttar Pradesh. China (Tibet).",,,
"12. Clematis grata Wallich, PI. Asiat. Rar. 1:83, t. 98.1830; Hook. f. & Thomson in",1,clear_white,flowers creamy-white,WHITE,"Fl. Brit. India 1:3 - 4.1872. C. cordata Royle, Illus. Bot. Himal. 51.1834. Large robust climbers; branches grooved, somewhat pubescent, climbing by means of twisted petioles. Leaves pinnately compound, (3-) 5 (-7)-foliolate; leaflets variable, generally ovate-lanceolate, often cordate at base, acute or sometimes 2- to 3-lobed, irregularly toothed along margins, subglabrous above, tomentose beneath. Inflores­ cence axillary or terminal, paniculate, few- to many-flowered, leafy. Flowers up to 2.5 cm across, creamy-white, scented. Sepals 4(-5), spreading horizontally or downwards, oblong-ovate, obtuse, petaloid, somewhat tomentose outside, glabrescent or puberulous inside. Stamens many; filaments linear, flat, glabrous; connectives hardly produced beyond anthers. Achenes in heads, ovate, compressed, densely hairy with up to 3.5 cm long feathery tails. Fl. & Fr. April - Jan. (varies in different localities). Distrib. India: Overtopping shrubs and low trees on open sunny localities between 800 2700 m in W. Himalayas. Jammu & Kashmir, Himachal Pradesh and Uttar Pradesh. Afghanistan, Pakistan, Nepal and S. China.",,,
"5. Paramignya  scandens  (Griffith)  Craib,  Fl.  Siam.  Enum.  1: 235.  1926.  Citrus",4,clear_white,flowers white,WHITE,"scandens Griffith, Not. Ad. PI. As. 4:495. 1854. Paramignya citrifolia Oliver in J. Linn. Soc. Bot. 5. Suppl. 2: 42. 1861, quoad descr., excl. syn. Limonia citrifolia Roxb. 1832. Paramignya griffithii Hook.f., Fl. Brit. India 1: 510. 1875, p.p., excl. specim. Malacca Fig. 83. (Griffith) Asm.: Bonjora; Kh.: Soh-nari-khla. Scandent shrubs, spinous; young parts finely pubescent to tomentulose; stem cylin- dric, gland-dotted; spines 5-20 mm long, recurved, tomentose; bark grey, lenticellate. Leaves simple; petioles 5-12 mm long, rather strong, inarticulate, slightly swollen near point of attachment below leaf blade, pubescent or glabrous; leaf blades elliptic-oblong to oblong-lanceolate or elliptic-obovate, rounded, sometimes also subcordate or rarely cuneate at base, abruptly and obtusely acuminate with 5 - 8 mm long acuminate at apex, entire along margins, coriaceous, dark green above, paler beneath, pubescent or mi- nutely hairy beneath, glabrous otherwise; secondary nerves 6 - 1 2 pairs, faint above, rather prominent beneath, obliquely arching upwards, finely reticulate. Bracteoles 2, deltate, ca 0.5 mm long, densely pubescent abaxially, glabrous adaxially; pedicels short, ca 5 mm long, finely tawny-pubescent. Flowers axillary, in 2 - 3-nate clusters or sometimes solitary, to 14 mm long. Calyx ca 5 mm long, deeply 5-lobed; lobes deltoid, acute, ventrally, ca 1 mm long, pubescent dorsally, glabrous within. Petals 5, elliptic, obtuse, to 12 mm long, glabrous, white. Stamens 10, subequal; filaments linear-subulate, to 10 mm long, glabrous; anthers oblong, ca 3 mm long. Ovary seated on a distinct gynophore, oblong-ovoid, ca 1.5 mm long, finely pubescent, 5-locular; style filiform, ca 10 mm long, pubescent at 1/4 below, glabrous above; stigma capitate. Fruiting pedicels very stout, to 5 mm long. Berries globose, pellucid-punctate, dark green (unripe), 4-locular with a oblong solitary seed. Fl. Feb.-April; Fr. Sept.-Dec. 314 FLORA OF INDIA [VOL.4 Fig. 83. Paramignya scandens (Griffith) Craib: fruiting twig. 1997] RUTACEAE 315 Distrib. India: Evergreen forests at lower elevations, 90-150 m. Tripura, Assam, Meghalaya, Orissa and Andhra Pradesh. Myanmar, Thailand and China. Notes. P. scandens has superficial resemblance to P. monophylla but differs in its finely pubescent to tomentose branches and foliage and smaller flowers (8-14 mm long) with minute, deltoid, acute sepals. This species can be distinguished from P. citrifoUa by its stamens with filaments longer than anthers and the indumentum of vegetative parts.",,,
"2. Gordonia  obtusa  Wallich  [Cat.  No.  1459.  1829, nom.  nud.]  ex Wight  &  Arn.,",3,clear_white,flowers white,WHITE,"Prodr. 87.1834; Dyer in Fl. Brit. India 1: 291.1874. G obtusifolia Wight, 111. Ind. Bot. Fig. 39. 1: 99.1838. G. parvifolia Wight, 111. Ind. Bot. 1: 99.1838. Trees, 10 - 30 m tall. Leaves 5 -15 x 2 - 5 cm, elliptic to oblong, acute at base, obtuse or obtusely acuminate at apex, crenate, glabrous, chartaceous; petioles 2 - 5 mm long, glabrous or with few hairs. Flowers white, axillary, solitary or 2 - 3 fascicled at ends of branches, ca 3 cm in diam.; pedicels 2 - 5 mm long,pubescent. Sepals 3 - 8 x 6 -10 mm, orbicular, pubescent outside, glabrous inside. Petals 1.5 - 2 x 0.8 - 1 cm, obovate, pubescent outside, glabrous inside. Stamens 4 - 8 mm long, unequal, connate at base. Ovary 3 - 5 mm long, ovoid, hairy; style ca 2 mm long; stigma lobed. Capsules 2 - 3 x 1.5 cm, oblong with a short acumen, 5-angled, valves deeply sulcate above. Seeds 3 - 7 x 2 mm, ellipsoid, winged; wings 6 -10 mm long, brownish. Fl.&Fr. Oct.-May. Distrib. India: Western Ghats, in evergreen forests between 500 and 2000 m. Maharashtra, Karnataka, Tamil Nadu and Kerala. Endemic. EXCLUDED SPECIES Gordonia anomala Sprengel, Syst. Veg. 1:126.1824; Dyer in Fl. Brit. 1: 292.1838. G. axillaris (Roxb.) Dietrich, Syn. PI 4:863.1847. Camellia axillaris Roxb. exKer.-Gawl. in Edw. Bot. Reg. 4: t. 349.1818 & in Sims Bot. Mag. 46: t. 2047.1819. This species was introduced from Pulo Penang by Roxburgh to the Indian Botanic garden, Calcutta. It is no more extant in the garden.",,,
"12. Viola hookeri  Thomson in Fl. Brit. India  1:183.1872, pro  max. parte,  emend.",2,clear_white,flowers white with purple veins,WHITE,"Fig. 67 o. W. Becker in Beih. Bot. Centralbl. Abt. 2, 34: 259.1916. Herbs, perennial, glabrous or younger parts pilose; root-stock warted; stems and stolons short. Leaves broadly ovate-orbicular, rounded at apex, rarely subacute, broadly crenate, 1.5 - 4 x 1.5 - 3.5 cm, basal sinus deep; lobes touching or overlapping, glabrous; petioles up to 10 cm long, not winged; stipules lanceolate, acuminate, up to 1.2 cm long, toothed or lacerate, glandular at tip. Peduncles up to 7 cm long. Flowers ca 1 cm across, white with purple veins. Sepals lanceolate, obtuse, ca 5 mm long. Petals oblong-ovate, ca 1 cm long, minutely puberulous. Style subclavate, narrowed downwards from the obscurely beaked stigma. Capsules ca 5 mm long; valves apiculate, glandular. Fl. April - June; Fr. July - Aug. Distrib. India: Moist places in shaded places of forests, 2000-3000 m. West Bengal, Sikkim and Arunachal Pradesh. Nepal, Bhutan and China. Notes. Chromosome number reported: n = 9 (Sharma & Sarkar in Research Bulletin 2: 39.1967-68); n = 9, 36 (Chatterjee & Sharma in J. Genet. 61: 52 - 63.1973). 1993] VIOLACEAE 365 Thomson described V. hooked based on two collections: (i) from Bhutan by Griffith and (ii) from Sikkim by J.D. Hooker, as mentioned in the protologue, although he was not unaware of there being two species mixed up and if so they occur in both Sikkim and Bhutan collections. The one with ovate-rotundate, deeply cordate or with overlapping basal auricles, rounded, crenate, glabrous, obtuse, silvery-grey beneath and minutely gland-dotted leaves and acute sepals has been described as V. sikkimensis by W. Becker (1916).",,,
13. Capparis grandiflora  Hook. f.  & Thomson  in Fl. Brit. India  1: 174.1872.  C.,2,clear_white,flowers white with orange throat,WHITE,"pyrifolia Wight & Arn., Prodr. 25.1834, non Lam. 1785. Kan.: Thottimara. Shrubs, erect or low scrambling and spreading, 0.5 - 2 m tall; twigs with coarse stellate brown pubescence; spines copious, recurved, 2 - 3 mm long; cataphylls absent. Leaves elliptic-ovate to suborbicular, subcordate to rounded at base, acute or obtuse- mucronate at apex, 1.5 - 3.5 x 1.2 - 2 cm, subcoriaceous, lustrous glabrous above, pubescent beneath; midrib sunken; lateral nerves 3 - 4 pairs; reticulations distinct; petioles 1.5 - 3 mm long. Flowers solitary, axillary, showy, 4 - 5 cm across, faintly odorous, white with orange throat; pedicels 1 -1.5 cm long, puberulous. Sepals subequal, 12 -18 x 5 - 8 mm, tomentose; outer pair boat-shaped, glabrous outside and villous inside towards margins; inner pair ovate to obovate, villous outside, glabrous inside. Petals 274 FLORA OF INDIA [VOL. 2 obovate-triangular, subtruncate, 2.5 - 3 x 0.9 -1.4 cm, white, glabrous. Torus 1.5-2 mm wide. Stamens 67 -101, exceeding gynoecium; filaments white; anthers blue to pinkish. Gynophore 2 - 2.5 cm, glabrous; ovary beaked, glabrous, 4 - 5-furrowed, oblong to ovoid-cylindric, 6 - 8 x 1.2 mm; stigma puberulous, cushion-shaped, 1.5 - 2 mm across- placentae 4 - 5 . Fruits ellipsoid or ovoid, beaked, 5 - 7.5 x 2.2 - 4 cm, 5 - 6-ribbed, red- stalk 3.5 - 4 cm long, ca 2 mm thick; pericarp adhering to seeds; seeds many, 5 - 7 x 5.5 - 6.5 mm. Fl. Feb. - Aug.; Fr. July - Oct. Distrib. India: Scrub jungles or deciduous forests, 500 -1000 m, frequently associ- ated with Capparis roxburghii and C. sepiaria. Karnataka, Kerala and Tamil Nadu. Endemic to slopes of Nilgiri and Coorg hills. Notes. At Thekkumalai hills in Coimbatore District of Tamil Nadu, a few clumps had flowers with 8 petals arranged in two series of four each, outer petals strap-shaped, 2 - 2.2 x 0.6 cm, inner ones obovate-elliptic, ca 2.5 -1.3 cm and both ovary and stigmas tomentose.",,,
"1844. C. elliptica  Willd., Sp. PI. 2:628.1799, nom. superfl. (based onA  lanceolata Lam.).",2,clear_white,flowers greenish white,WHITE,"Beng.: Maun; Hindi: Chilla, Churcha; Mar.: Karei; Or.: Kokra; Tam.: Kodichai; Tel.: Chilaka-duddi. 398 FLORA OF INDIA [ VOL. 2 Shrubs or small trees, up to 8 m tall; branchlets tomentose or pubescent, rarely glabrescent; younger parts sometimes velutinous tomentose. Leaves ovate-lanceolate, usually rounded, rarely cuneate or subtruncate and always somewhat oblique at base, obtuse or obtusely short acuminate at apex, coarsely but distantly serrate or crenate to subentire, 5 - 22 x 2.5 - 8.5 cm, subcoriaceous when mature, sparsely but softly pubescent to velvety tomentose (usually more dense along midrib and beneath) or glossy and glabrescent, often subdensely pellucid-punctate and lineolate (apparent in glabrescent young leaves); secondary veins 8 - 12 pairs; petioles 3 - 8 (-10) mm long, densely tomentose to sparsely pubescent. Flowers greenish white, 5 - 8 mm across, few or numerous in dense axillary glomerules; pedicels 4 - 5 mm long, densely tomentose to sparsely pubescent. Calyx broadly elliptic, ca 3 mm long, densely to sparsely so inside. Stamens 8; filaments ca 2 mm long, glabrous; staminodes shorter than filaments, clavate, villous pubescent at apex. Ovary ovoid, ca 1 mm long, glabrous; style short; stigma discoid. Capsules 1.5 - 2.8 cm long, ellipsoid. Fl. (Jan.-) Feb. - April (-May); Fr. April - Aug. Distrib. India: Common throughout from subhimalayan tracts to peninsular India up to an elevation of 900 m in dry deciduous forests, scrub jungles, waste lands and river valleys. Sri Lanka and Pakistan. Notes. The South Andaman record (Thothathri in Bull. Bot. Surv. India 2: 365. 1960) of this species is based on the erroneous identification of specimens olGlochidion hirsutum (Roxb.) Voigt (Euphorbiaceae).",,,"AUTO-FLAG: abbreviated genus ('C.') - this is likely a duplicate identification-key stub, not the real species treatment; the full name may appear elsewhere in the volume"
"9. Stellaria  reticulivena  Hayata,  Icon.  PI. Formos. 7:  1, f.  1.  1918; Majumdar  in",2,clear_white,flowers white,WHITE,"Bull. Bot. Surv. India 21: 172, ff.l - 9.1979. S. micrantha Hayata, Mat. Fl. Formosa 36. 1911, non Spruce ex Rohrb. 1871 - 73. Herbs, slender, suberect or decumbent, glabrous; internodes 1 - 2 (-3) cm long. Leaves sessile, broadly ovate, rounded at base, acuminate at apex, 6 - 15 x 4 - 10 mm, sometimes ciliate along margins, pale green; midnerve impressed above, prominent beneath; minor nerves reticulate. Flowers in slender leafless branched cymes; pedicels divaricate; bracts ovate, acute, scarious. Sepals 5, ovate to ovate-oblong, acute at apex, 2 - 2.5 mm long, scarious-margined. Petals 5,1 -1.5 mm long, white. Stamens 5 -10, ca 2 mm long. Styles 3, recurved at apex. Capsules ovoid, 6-valved, ca 3 mm long; seeds globose, compressed, 0.6 - 0.8 mm in diam., dark brown, shortly beaked, reticulate. 588 ""•• FLORA OF INDIA - [ VOL. 2 Fl.&Fr. April-June. Distrib. India: Temperate Himalayas, 1800 - 2800 m, by stream sides in forests. Sikkim and Arunachal Pradesh. Bhutan and Taiwan.",,,
"4. Lepidium latifolium  L.,  Sp. PI. 644. 1753; Hook. f.  & T. Anderson  in Fl. Brit.",2,clear_white,flowers white,WHITE,"Fig. 34. India 1:160.1872. Eng.: Perennial-pepper-grass, Broad-leaved-pepper-grass, Dittander; Ladakh: Go- nyach. Herbs or subshrubs, perennial, up to 1 m tall; stems erect, much-branched, arising from a branched rootstock, glabrous or sparsely simple hairy. Leaves oblong-lanceolate or ovate, acute, more or less serrate, glabrous; basal leaves long-petioled, ovate, elliptic, spathulate to oblong-lanceolate, simple to pinnately lobed, serrate along margins, up to 30 x 6 cm; upper leaves subsessile to sessile, lanceolate, tapering at base, acute to apiculate at apex; uppermost leaves reduced, narrowly elliptical to linear, bract-like. Flowers white, up to 1.5 mm long, in short densely panicled bracteate corymbs; pedicels spreading, 3 - 5 mm long in fruit, glabrous or minutely hairy. Sepals suborbicular, 1 - 2.25 mm long, whitish at margins, finely hairy, caducous. Petals suborbicular, distinctly or obscurely clawed, white, rarely pink at base, 2 - 3 mm long. Fruits ellipsoid to ovoid, terminating in very short style, 2.5 - 2.75 x 1.75 mm, glabrous or finely pubescent; valves pilose, sometimes glabrous, not winged. Seeds elliptical, ca 1.25 x 0.75 mm; cotyledons incumbent. Fl. & Fr. June - Aug. Distrib. India: Jammu & Kashmir and Himachal Pradesh. Bhutan, C. & S.W. Asia, Europe, N. Africa and Australia. Notes. Leaves are edible and used as salad or spice.",,,
"1874. C. serratifolius D C , Prodr. 1: 504.1824.",3,clear_yellow,flowers yellow,YELLOW,"Guj.: Kadvichuchdi; Hindi: Kagli, Karaka, Tambakhu; Kan.: Tandassir; Mar.: Ka- dunchuch; Sans.: Dirghachanchu, Kaunti. Herbs, annual, erect or suberect, much branched, 30 - 150 cm high, pubescent. Leaves 1.3 - 10 x 0.4 - 3.5 cm, narrowly oblong-lanceolate to broadly oblong-elliptic, obtuse at apex, crenate-serrate, basal most serrations prolonged into filiform processes or not, sparsely hairy on both surfaces, distinctly hairy along nerves, 3 - 5-nerved; petioles 4 - 1 2 mm long, pilose; stipules 4 - 5 mm long, setose. Flowers 1 - 3, in leaf-opposed, shortly pedunculate cymes, ca 1.2 cm across; pedicels ca 2.5 mm long, glabrous; bracts ca 3 mm long, linear-lanceolate, caudate. Sepals 4 - 5 mm long, linear-oblong, acumi- nate. Petals yellow, 5 - 6.5 mm long, somewhat pandurate, obtuse. Stamens 15 - 20. Carpels 3; ovary cylindric, hairy, 3-loculed; style short; stigmas 3, capitate. Capsules 2 - 7 cm long, ca 2.5 mm across, 3-angular, straight, sometimes curved, scabrous-tubercu- late, 3-loculed, transversely septate between seeds; beak ca 2.5 mm long, undivided. Seeds 1 -1.2 mm long, black. Fl. & Fr. Almost throughout the year. 1993] TILIACEAE 489 Distrib. India: Himachal Pradesh, Haryana, Delhi, Punjab, Uttar Pradesh, Bihar, West Bengal, Orissa, Madhya Pradesh, Rajasthan, Gujarat, Maharashtra, Andhra Pradesh, Karnataka and Tamil Nadu. Paleotropics.",,,"AUTO-FLAG: abbreviated genus ('C.') - this is likely a duplicate identification-key stub, not the real species treatment; the full name may appear elsewhere in the volume"
"6. Sisymbrium  officinale  (L.)  Scop., Fl. Cam.  2: 26. 1772; Naqshi  in Geobios 2:",2,clear_yellow,flowers yellow,YELLOW,"164.1975. Erysimum officinale L., Sp. PI. 660.1753. 1993] BRASSICACEAE 245 Herbs, annual, 20 - 50 cm high, erect, densely branched, with simple rigid reflexed hairs Radical leaves rosulate, lyrately deeply pinnatisect, 5 - 8 x 3 - 4 cm; terminal lobes ore or less rounded or subtriangular, irregularly toothed; cauline leaves smaller with n a r row, often hastate terminal lobe. Racemes branched, 15 - 25-flowered. Flowers 3 - 4 mm across, yellow; pedicels erect, thickened, ca 3 mm long, erect. Sepals erect, slightly saccate at base, ca 2 mm long. Petals spathulate, spreading, clawed at base, obtuse at apex, ca 4 mm long. Stamens ca 3 mm long. Fruits 1 -1.5 cm long, hispid or glabrous; valves rigid, 2 - 3-nerved, rigid. Seeds 10 - 11 in each locule, ellipsoid, reddish-brown. Fl. & Fr. April - July. Distrib. India: An undergrowth in Deodar forests, at ca 1800 m. Kashmir and Himachal Pradesh. Europe, Asia and N. Africa. Motes. Naqshi (1. c.) reports it from Uri in Kashmir with detailed description.",,,
"2. Isatis tinctoria  L., Sp. PI. 670.1753; Hook. f. & T. Anderson in Fl. Brit. India 1:",2,clear_yellow,flowers yellow,YELLOW,"F'g-33. 163.1872. Eng.: Dyer's wood. Herbs, biennial or rarely perennial, erect, much-branched, glabrous or hirsute, subglaucous, up to 1 m high. Basal leaves rosulate, oblong-lanceolate or oblanceolate, shortly stalked, entire or weakly dentate, 5 -15 x 1 - 3 cm; cauline leaves gradually smaller, linear or linear-lanceolate, acutely auricled and amplexicaul at base, entire. Inflores- cence a loose panicle elongating up to 12 cm long in fruit; pedicels filiform, 5 - 8 mm long in fruit, more or less deflexed. Sepals 2 - 2.5 mm long, glabrous. Petals oblong- obovate, cuneate towards base, yellow, 3 - 5 mm long. Fruit oblong, elliptic-obovate, cuneate towards base, obtuse or emarginate at apex, 10 - 25 x 2 - 5 (-9) mm, glabrous or puberulent; wings thick, midrib usually slender. Seeds oblong to ellipsoid, brown, 3 - 4 x 1 mm. Fl.&Fr. May-June. Distrib. India: Jammu & Kashmir and Himachal Pradesh. Cultivated in Europe, N. and E. Asia. Notes. The blue and green pigments extracted from the leaves are used as dye in textile industry. A highly polymorphic species.",,,
"24. Draba polyphylla  O. Schulz in Engler, Pflanzenr.  89:^ 180.1927.  D. elata  auct.",2,clear_yellow,flowers yellow,YELLOW,"non Hook. f. & Thomson 1861; Hook. f. & T. Anderson in Fl. Brit. India 1: 142.1872, p . p . Herbs, perennial, robust; stems often simple, 20 - 60 cm in flower, up to 90 cm high in fruit. Basal leaves oblanceolate, often semiamplexicaul or subsessile, (10-) 15 - 25 (-35) x 3.5 - 8 mm; cauline leaves oblong or oblong-elliptic, semiamplexicaul at base, dentate along margins, (5-) 15 - 20 (-40) x (-2) 3 - 8 (-12) mm, gradually transformed into bracts. Flowers yellow, bracteate, 20 - 40 in subcapitate racemes; pedicels 5 - 20 mm long in fruit. Sepals ovate, 2.5 - 3 x 1.5 - 2 mm. Petals obovate or oblanceolate, emarginate at apex, 3.5 - 4x 1.5 - 2 mm. Ovary glabrous. Fruits oblong-ellipsoid or ovoid, often twisted, obtuse at apex, 7 -12 (-14) x 4 - 6 mm, glabrous. Fl. May - July; Fr. Aug. - Oct. Distrib. India: 3600-5000 m. Sikkim. Endemic.",,,
142. Impatiens  phoenicea  Beddome  in Madras  J.  Lit. Sci. ser. 2.  19:  175. 1858 &,4,clear_yellow,"flowers brilliant scarlet, yellow in centre",YELLOW,"Icon. 30. t. 148. 1868 - 1874; Hook, f., Fl. Brit. India 1: 466. 1875. Herbs, suffruticose, erect, 0.3 to 1 m high, branched or not, glabrous. Leaves alternate, lanceolate or ovate, attenuate at both ends, bristly crenate-serrate, incurved, 5 - 15 x 2.5 - 3.5 cm, dark-green, shining; petioles 1.5 - 2.5 cm long. Peduncles axillary as long as leaves, slender, erect; bracts at base of pedicels, ovate, cordate, persistent. Flowers ca 2.5 cm long, brilliant scarlet, yellow in centre. Lateral sepals obliquely ovate. Lip with spur blood-crimson, trumpet-shaped, incurved with swollen tip. Standard scarlet, broad, ovate. Wings scarlet, yellow at base, small; basal lobes cordate, overlap- ping the larger oblong, distal lobes. Capsules 4-5- seeded; seeds compressed-furrowed, ca 3 mm long, light brown. Fl. & Fr. May - Nov. but mostly Sept. - Oct. Distiib. India: Southern Western Ghats south of Pulneys and H igh Ranges of Kerala, sholas above 1,500 m. Tamil Nadu and Kerala. Ende mic. Notes. This beautiful and striking species with its bright scarlet flowers against dark green foliage is closely allied to Impatiens walkeri Hook, of Sri Lanka. This plant can be cultivated using cuttings and deserves a place in gardens. Chromosome no. n = 10 (Bhaskar, V. in Taxon 25(1): 155. 1976).",,,
21. A  nakaol,1,clear_yellow,"flowers yellow, in panicles",YELLOW,"16a. b. 17a. b. 18a. Carpels 3 Carpels 5 Flowers yellow, in panicles Flowers blue, in terminal racemes Carpels glabrous b. Carpels pubescent",,,"AUTO-FLAG: abbreviated genus ('A') - this is likely a duplicate identification-key stub, not the real species treatment; the full name may appear elsewhere in the volume"
1. A  aestivalis,1,clear_yellow,flowers golden yellow,YELLOW,"b. Perennial herbs; leaf segments narrow, linear; flowers golden yellow, without dark purple centre;",,,"AUTO-FLAG: abbreviated genus ('A') - this is likely a duplicate identification-key stub, not the real species treatment; the full name may appear elsewhere in the volume"
7. Mahonia magnifica Ahrendt in J. Linn. Soc. Lond.  (Bot.)  57:309.1961.,1,clear_yellow,flowers brilliant yellow,YELLOW,"Small trees, branching repeatedly. Leaves up to 50 x 25 cm; the basal pair 5 - 20 mm above the base; lateral leaflets 10-11 pairs, lanceolate, broadly cuneate to subrounded at base, 10 -18 spinose-serrate along margins, 10 -14 x 1.8 - 3.5 cm, dull above, indistinctly openly reticulate. Racemes 10 - 20 cm, erect, fascicled; flowers ca 12, brilliant yellow; bracts 12 -15 x 6 - 8 mm; pedicels 2 -5 mm, slender. Outer sepals oblong-ovate, 2 - 3 x 6 -8 mm; median sepals elliptic, ca 5 x 2.5 - 3 mm; inner sepals oblong-elliptic, ca 6S x 3 mm. Petals ca 4.5 x 2.5 mm. Stamens 3.5 - 4 mm, scarcely produced, truncate. Styles 1-1.5 mm or longer. Distrib. India: Manipur. Endemic.",,,
3. Wedelia  montana var.  wallichii  (Less.) H. Koyama  in Acta Phytotax.  Geobot.,12,clear_yellow,flowers yellow,YELLOW,"34: 171. 1985. W. wallichii Less, in Linnaea 6: 162. 1831; Hook.f., Fl. Brit. India 3: Fig, 122. 307. 1881. Herbs, erect or suberect, 15-60 cm high; stems hispid, pubescent. Leaves flaccid, ovate or ovate-lanceolate, crenate-serrate, acuminate, hispid, 3-10 cm long. Heads yellow, leaf-opposed, solitary, terminal, up to 2.5 cm in diam., short peduncled. Involucral bracts in 2-series; outer calyciform, 4-5, oblong-acute, imbricate, 1-1.5 cm long, each subtending a ray floret; inner narrow, lanceolate, 6-8 mm long. Ray florets 5; corolla yellow, 3-dentate, up to 1 cm long. Disc florets 4-7, each subtended by a conduplicate nerved, linear-lanceolate palea. Achenes brown, obpyramidal, obovoid, 1995] ASTERACEAE 425 Fig. 122. Wedelia montana var. wallichii (Less.) H. Koyama : a. A portion of the twig; b. Involucral bracts; c. Ray florets; d. Disc florets; e. Achene. 426 FLORA OF INDIA [VOL. 12 scarcely compressed with a truncate apex, hairy at the top, 3 x 2.5 mm. Pappus a very short scaly or toothed ciliate ring. Fl. & Fr. July - Dec. Distrib. India: Uttar Pradesh, West Bengal, Sikkim, Arunachal Pradesh and Meghalaya. Bhutan and Myanmar.",,,
"14. Ranunculus lingua L., Sp. PI. 775.1753; Hook. f. & Thomson in Fl. Brit. India",1,clear_yellow,flowers bright yellow,YELLOW,"1:16.1872. 1993] RANUNCULACEAE 123 Herbs, perennial, erect or stoloniferous, in semi-aquatic habitats, glabrous or sparsely appressed pubescent; rootstock thick, stout, articulate, creeping; stems erect, glabrous. Basal leaves ovate, cordate, long-petiolate, soon withering. Cauline leaves oblong-lanceolate, entire, or subserrate, amplexicaul at base, attenuate at apex, up to 20 cm long, parallel-veined, ribbed. Flowers few, (2-)3 - 5 cm across, bright yellow. Sepals patently villose. Petals dichotomously veined. Carpels many, 80 100, on elongate receptacle. Achenes obovate, ca 2.5 mm long, subcompressed, submarginate, pitted; beak short, erect. FI. & Fr. June - July. Distrib. India: W. Himalayas, ca 2000 m. Jammu & Kashmir, Himachal Pradesh. Asia and Europe. Notes. An attractive plant with its parallel-veined long leaves and large yellow flowers. Very variable in its wide range of distribution. European forms with high polyploid chromosome numbers of 2n = 128 are known.",,,
"1875. C. sumatrana  Miq.,  Fl.  India  Bat.  1(2):  566.  1859;  Hiern  in  Fl.  Brit.",5,clear_yellow,flowers yellowish green,YELLOW,"India 1: 678. 1875. C. helferi Hiern in Fl. Brit. India 1: 679. 1875. Shrubs or trees, up to 25 m tall; young parts puberulous. Leaves up to 30 cm long; leaflets elliptic or oblong-lanceolate, 5-20 x 1-15 cm, entire, apex acuminate, rounded or cuneate at base, thin to coriaceous; domatia along the whole midrib; petiolule 3-6 mm long. Inflorescence axillary and pseudoterminal panicles ca 15 cm long, brownish ferruginous. Flowers yellowish green. Calyx pubescent, lobes triangular-ovate, sometimes slightly imbricate. Petals, if present, mostly auricled and unequal, ovate to elliptic. Disc annular, sometimes irregularly lobed, puberulous or glabrous. Stamens 8. Fruits capsular, pyriform 1-1.5 cm long. Seeds ellipsoid-globose. Fl. & Fr. : March - Sept. Distrib. India : Mizoram, Tripura, Meghalaya and Andaman & Nicobar Islands. Bangladesh, Myanmar, Thailand, Vietnam, Cambodia, Philippines, Malay Peninsula, Indonesia and China.",,,"AUTO-FLAG: abbreviated genus ('C.') - this is likely a duplicate identification-key stub, not the real species treatment; the full name may appear elsewhere in the volume"
"3. Polyalthia coffeoides (Hook. f. & Thomson) Thwaites, Enum. PI. Zeyl. 398.1864;",1,clear_yellow,flowers greenish yellow,YELLOW,"Hook. f. & Thomson in Fl. Brit. India 1: 62. 1872. Guatteria coffeoides Hook. f. & Thomson, Fl. Ind. 141.1855. Mai.: Villa; Tam.iAcevattai, Nedumarai. Trees, spreading, 18 - 25 m tall; crown subglobose; young brandies tomentose when young, glabrous later. Leaves elliptic-lanceolate or oblong-lanceolate, rounded or slight­ ly cuneate at base, long-acuminate at apex, slightly undulate along margins, 10 - 27 x 3.5 8.5 cm, glabrous, pellucid-dotted; lateral nerves 10 14 pairs, raised beneath; petioles ca 1 cm long, glabrous. Flowers solitary, extra-axillary or sometimes fasdded 1993] ANNONACEAE 271 on woody tubercles on trunk, greenish yellow; pedicels 1 - 4 cm long, slender, pubescent; bracts basal, ca 1 mm long, tomentose. Sepals 3, suborbicular, 2 3 mm across, tomentose. Petals 6 (3 + 3), greenish yellow, outer petals oblong-lanceolate, slightly clawed at base, acute, 2.5 - 5.5 x 0.5 - 0.8 cm, subequal, thickly coriaceous, glabrous; inner ones narrower. Stamens numerous, ca 1 mm long; connectives subglobose at top. Carpels oblong, broad at base, 3-4 mm long, densely pubescent; style short, linear, curved; stigma simple, capitate; ovule 1 in each locule. Ripe carpels many, ovoid, ellipsoid, obtuse, apiculate or slightly beaked, 2 - 3 x 1.5 cm, glabrous, dark purple; stalks 1 -1.5 cm long, woody, stout. Seed 1, broadly ovoid, grooved. Fl. March - Nov.; Fr. July - Aug., Jan. - Feb. Distrib. India: Evergreen subtropical forests, 500 -1500 m. Tamil Nadu, Karnataka and Kerala. Sri Lanka. Notes. Bark used for making ropes. The fruiting periods given above are from herbarium specimens, probably there are two flushes of flowering. This needs futher observations in the field.",,,
"8. Sterculia kingii Prain in J. Asiat. Soc. Beng. 73, n.s. 295:192.1904.",3,clear_yellow,flowers yellow,YELLOW,"Nep.: Chiwaripat. Small, soft-wooded trees; bark greyish. Leaves simple, 10 - 25 x 5 - 1 1 cm, broadly elliptic-obovate, lanceolate, rounded at base, abruptly acuminate at apex, entire, gla- brescent; petioles 3 - 4 cm long, pubescent; stipules ovate, ferruginous hairy. Flowers yellow, in axillary panicles or racemes at the ends of drooping branchlets. Calyx 1.2 - 1.7 cm long, membranous, pilose; very short; lobes linear-lanceolate, hairy, spreading, margins thickened, sparsely pubescent. Male flowers: staminal column 3 - 4 mm long, curved downwards with a group of 2-loculed anthers. Female flowers: ca 2 mm long on equally long gynandrophore, hairy with 5 pairs of sterile anthers at base; styles as long as ovary, slightly curved downwards; stigmas 5-fid. Follicles 4 - 5,6 -11 x 1.5 - 2 cm, hairy outside. Fl. & Fr. May - June. Distrib. India: West Bengal (Darjeeling), Sikkim and Nagaland. Bhutan. 1993] STERCULIACEAE 467 1 cm 3 cm Fig. 129. Sterculia khasiana King ex Debbarman: a. flowering part of branch; b. inflorescence; c. flower. 468 FLORA OF INDIA [ VOL. 3",,,
"2. Averrhoa carambola L., Sp. PI. 428.1753; Edgew. & Hook. f. in Fl. Brit. India  1:",4,clear_yellow,flowers in different shades of orange and yellow,YELLOW,"439.1874. Trees, ca 14 m high;branches often drooping; branchlets hispid. Leaves 3-5 pairs; rachis up to 20 cm long; leaflets acute to acuminate, ca 10 x 4 cm, glaucous beneath; nerves 4 - 10 pairs. Panicles axillary, ascending, up to 7 cm long. Flowers heterodisty- lous; pedicels 3 - 6 mm long, articulate 1-2 mm below calyx. Sepals ca 4 x 2 mm, bright red. Petals ca 8 x 2 mm. Stamens 10,5 shorter stamens anantheriferous or sometimes 1 or 2 of these longer and antheriferous. Ovary elliptic, up to 2.5 mm long; ovules 3 - 5 per locule. Fruits ca 12 x 5 cm, covered by a fleshy aril; seeds up to 10, ca 12x5 mm. Fl. &Fr. May - August. Distrib. India: Cultivated; Maharashtra, Bihar, Orissa, W. Bengal, Assam, Tamil Nadu and Kerala, also in some other states. Notes. Fruits are edible, fresh or pickled. TROPAEOLACEAE (M.K. Manna) Herbs, succulent. Leaves alternate (rarely opposite), peltate, orbicular, 6.5 cm across; pedicels 20 cm or more long. Flowers ca 3 cm long. Sepals 5,10 - 15 mm lone connate at base, usually petaloid, posterior sepals produced below into a long pointed spur. Petals 5, oblanceolate to orbicular, 3 cm long. Stamens 8, in two rows of four, free- anthers 2-celled, basifixed. Ovary 3-lobed, placentation axile; style apical, simple. Mexico to temperate S. America; ca 92 species, one genus and one species in India. Literature. LINNAEUS, C. (1753) Sp. PI. 428; WOODROW (1910) Gard. Trop. (ed. 6). 206; SAULIERE (1914) List n. 720; BAILEY (1917) Encycl. Hort. 3369. Tropaeolum L. Herbs, succulent, tuberous, with watery juice, climbing by sensitive petioles. Leaves alternate, peltate. Flowers solitary. Calyx 5, produced into a short or long spur below; lobes imbricate. Corolla 5, upper 2 often different from lower 3, clawed, inserted on calyx. Anthers 8, basifixed; filaments filiform. Ovary 3-carpellate; style simple; stigma 3-lobed. Tropaeolum majus L., Sp. PI. 345.1753; Bailey, Man. Cult. PI. 602. f. 99.1949. Stems branched, climbing. Leaves peltate, 7-9 cm across; petioles 7 - 1 9 cm long. Flowers ca 3 cm long, in different shades of orange and yellow. Sepals 5, 10 - 15 mm long, connate at base, usually petaloid, posterior ones produced below into a long pointed spur. Petals 5, oblanceolate to orbicular, entire or undulate; anterior 3 small or usually clawed, claws with ciliate margins at base; posterior 2 perigynous and large, situated and attached to base of spur. Stamens, 8 in two rows on each side of ovary; anthers basifixed, 2-celled, oblong, 3 mm long. Ovary 3-lobed, 3-locular; ovules pendu- lous, one in each locule; placentation axile; style apical, simple; stigma 3,unequal, linear. Fl. &Fr. Dec. -Jan. Cultivated as an ornamental plant. RUTACEAE (K. Narayanan Nair & M.P. Nayar) Trees, shrubs, or sometimes woody climbers, or rarely herbs, often armed with seines or prickles, aromatic, glandular with pellucid glands containing fragrant essential oil- wood often yellowish. Leaves exstipulatc, alternate, opposite or whorled, pinnately \ compound, digitately trifoliolatc, pinnatisect, uni- or bifoliolate, or simple, pellucid eland-dotted throughout or along margins of leaf/leaflet blades; petioles often articulated at base of blade (mostly as in unifoliolate leaves), cylindric, marginate, or sometimes winged. Inflorescences terminal and/or axillary, paniculate, cymose, racemose, or rarely of solitary flower. Flowers bracteate, bracteolate, bisexual and/or functionally unisexual (mostly polygamous), more usually hypogynous, regular, or rarely irregular, often fragrant. Sepals 5 or 4, rarely 2 or 3, seldom undifferentiated, distinct or connate at base, usually imbricate, rarely valvate. Petals generally as many as and alternate with sepals, distinct, or rarely connate into a tubular corolla, imbricate or sometimes valvate, variously coloured as greenish, white, cream, yellow, or purplish, glandular or not, rarely absent. Stamens usually twice as many as the petals, generally obdiplostemonous, sometimes as many as or, 3 or 4 times as many as petals, or rarely even up to 60, sometimes one whorl sometimes tctrasporangiate, irregularly polyadelphous; anthers dithecous, monadelphous or dehiscing by longitudinal slits, often dorsifixed; connectives usually gland-tipped; pollen grains (2-) 3 - 6 (-8)-colporate, binuclcatc or rarely trinuclcatc. Disk nectariferous, intrastaminal, annular or cupulate, sometimes modified into a more or less elongated gynophore, rarely obsolete. Gynoecium of (2) 4 or 5, or rarely up to 20 carpels or sometimes only one carpel completely united to form a compound, multilocular, entire or apically indented ovary with terminal, single style, or only partly united at base or free with coherent styles, or rarely septa of carpels incompletely united into ;• unilocular ovary with intruded parietal placentae or sometimes reduced as pistillodes; ovules t or 2, or rarely many in each locule, superposed, collateral or rarely biseriate. Fruits of various types, capsular, follicular, baccate, drupaceous or hespiridia; seeds 1 or 2, or many per Iruit, variable in size, shape and colour; cotyledons large, straight or curved, convolute or conduplicate; endosperm more or less abundant or rarely wanting. filaments distinct or to staminodes; reduced Chromosome ; no. x Tropical, subtropical and warm temperate regions of the world, but most abundant in and zones of the southern hemisphere in Australia and S. Africa: ca 150 genera and ta 1600 species, 27 genera and 76 species in India, of which Rum, Severenia, Tripliasia and some species of Citrus are cultivated and getting naturalized; 8 species which are occasionally but exclusively cultivated in India are treated separately. notes. The family Rutaceae is of great economic importance as the source of citrus the mils ot commerce such as the citrons, lemons, limes, oranges, pomelos (all from 260 FLORA OF INDIA [VOL.4 genus Citrus), the kumquat (Fortunelld), and the trifoliolate orange (Poncirus). The aromatic herb, the 'common rue' (Ruta), has traditionally been known in popular medicine. The curry leaf plant (Murraya koenigii) is grown in several countries for its aromatic leaves that are esteemed in cooking and medicine. The East Indian satinwood tree (Chlowxylon swietenia) and several other trees {e.g. Vepris bilocularis) are valued for their timber. The Indian bael fruit tree (Aegle mamielos) and the wood apple (Limonia acidissitna) provide edible fruits which possess high medicinal properties. The wampee {Clausena lansium) is widely cultivated in many tropical and subtropical countries including India for its delicious fruits. Rutaceae also includes many ornamen- tal plants such as Calodendrum capense, Choisya ternata, Dictamnus albus (dittany), Murrayapaniculata (orange jasmine), Triphasia trifolia (Chinese lime berry) and Sever- inia buxifolia (box orange) which are cultivated for their glossy green foliage, sweet- scented flowers or bright attractive fruits. Rutaceae is a heterogeneous family comprising various divergent groups, some of these with many unusual or exceptional characters. It is rather difficult to link Rutaceae with any particular related family. But, it has generally been believed that morphologi- cal, phytochemical, anatomical and palynological evidences show closer relationships with the Simaroubaceae,Meliaceae,Burseraceae and Anacardiaceae. The most important and diagnostic character of the Rutaceae is the presence of pellucid gland dots in leaves, floral parts and fruits. These oil dots are lysigenous in origin and more usually they contain aromatic etherial oils or sometimes oil cells or scattered resin cells. It is considered that the Rutaceae comprises 7 subfamilies and 12 tribes. In the present treatment Engler's (1931) classification is followed for the subfamilies Rutoideae, Flindersioideae and Toddalioideae while that of Swingle (1967) for the subfamily Aurantioideae. Literature. CHAKRABORTY,D.P. (1964). Family Rutaceae : a biochemical systematic viewpoint. Bull.Bot.Soc. Bengal 18:103-118. DASILVA,M.F.,G.F.DAS,& F.EHRENDORFER (1988).Chemosys- tematics ofthe Rutaceae : suggestions for a more natural taxonomyand evolutionary interpretations of the family. PI.Syst.Evol. 161:97-134. ENGLER, A.(1931).Rutaceae.in ENGLER & PRANTL, (continued by HARMS,H.) Nat. Pflanzenfam. ed.2,19a : 187-358. PAKRASHI,S.C.(1964).VersatilityoffamilyRutaceae inproducingalkaloids. Bull.Bot.Soc.Bengal 18:119-134. STONE,B.C. (1976) Rutaceae in: WHITEMORE, T.C. (ed.),Tree flora of Malaya 1:367-387. STONE, B.C. (1985). Rutaceae. in: DASSANAYAKE, M.D. (ed.), A revised handbook to the flora of Ceylon 5: 406-176. STONE, B.C. & T.G. HARTLEY (1994). Supplement to the Rutaceae in peninsular Malaysia. Gard. Bull. Straits Settlem. 34: 121-140. SWINGLE, W.T.( 1944).The botany of Citrus and its wild relatives ofthe orange subfamily (Family Rutaceae, subfamily Aurantioideae).in:WEBBER,H J.&L.D.BATCHELOR (ed.),TheCitrusIndustryl: 129-474. SWINGLE, W.T. & P.C.REECE (1967). The botany of Citrus and its wild relatives ofthe orange subfamily (Family Rutaceae, subfamily Aurantioideae) in REUTHER,W., WEBBER, H J . & L.D. BATCHELOR (ed.), The Citrus Industry 1:190-430. TANAKA,T. (1930). Enumeration of Indian speciesof Rutaceae -Aurantioideae 1997] RUTACEAE 261 „ „ of Rutaceae • • Aurantiacearum VI). J. Bot. 68: 225-236. TANAKA.T. (1936). The taxonomy and nomenclature . ™a<- - Aurantioideae. Blumea 2: 101-110. TANAKA, T. (1937). Further revision of Rutaceae - t'oideae of India and Ceylon (Revisio Aurantiacearum VIII). J. Indian Bot. Soc. 16: 227-240. UMA e v i I M DANIEL&S.D.SABNIS (1990).ChemotaxonomyofsomeRutaceae. IndianJ.Bot. 13:23-28. WATERMAN, P.G. (1975). Alkaloids of the Rutaceae : their distribution and systematic significance. R - hem Syst.Ecol. 3:149-180. WATERMAN,P.G. (1990) Chemosystematics of the Rutaceae -Comments on the interpretataion of Da Silva & al. PI. Syst. Evol. 173: 39-48. KEY TO THE SUBFAMILIES la Carpels usually 4 or 5, often united onlybythe styles above but free below; fruits follicles or capsules,",,,
"20. Draba nemorosa L., Sp. PI. 643.1753. D. muralis auct. non L. 1753; Hook. f. &",2,clear_yellow,flowers yellow,YELLOW,"T. Anderson in Fl. Brit. India 1:144.1872. Herbs, slender, annual; stems erect, simple or branched, up to 25 cm high, leafy with stellate, furcate or simple hairs, glabrescent above. Basal leaves rosulate, oblong- obovate or elliptic-ovate, subsessile, obtuse at apex, remotely dentate or subentire, 8 - 30 x 3 - 15 mm; cauline leaves few, often remote or absent, clasping, ovate or oblong- ovate, sessile, cuneate at base, acute at apex, 3 - 6-dentate, 5 - 25 x 2.5 -12 mm; all leaves covered with rather long furcate or simple hairs. Flowers yellow, 25 or more, in ebracteate racemes; pedicels filiform, 5 - 1 0 mm long, 10 - 20 mm long in fruit, usually widely spreading or slightly recurved and ascending. Sepals oblong or ovate, obtuse at apex, ca 1.5 mm long, glabrous or slightly pubescent. Petals subemarginate at apex, ca 2 mm long. Stamens up to 1.7 mm long. Fruits ellipsoid-oblong, compressed, 5 - 8 x 2 - 2.5 mm, with short, simple and forked hairs, rarely glabrous or sparsely pubescent; stigma minute, subsessile. Seeds 16 - 20 in each locule, ovoid, ca 0.7 mm long, brown. Fl.&Fr. May-July. Distrib. India: Jammu & Kashmir. Iran, Turkey, China, Japan, Asia, Europe and N. America.",,,
19. Blumea  megacephala  (Randeria)  Chang  et Tseng  in Acta  Phyto.  Sin.,13,clear_yellow,corolla of bisexual florets yellow,YELLOW,"12(3): 310. 1974.fi. riparia (Blume) DC. var. megacephala Randeria in Blumea 134 FLORA OF INDIA [VOL. 13 10: 215. 1960. B. chinensis D C , Prodr. 5: 444. 1836 p.p. (non Conyza chinensis L.); Hook.f., Fl. Brit. India 3: 268. 1881. Scandent shrubs or undershrubs; stems 1-2.5 m tall, branched, woody at base, glabrate or sparsely puberulous in younger parts. Leaves obovate-oblong to elliptic-oblong, rounded at base, shortly acuminate, margins denticulate with rigid teeth, 2-12 x 1-5 cm, glabrate on both surfaces, shortly petioled. Heads in terminal or axillary panicles on long peduncle, 1.4-1.8 cm in diam. Involucral bracts almost equalling the florets, 1-10 mm long; outer bracts distinctly oblong- ovate, hairy on back; inner ones linear-oblong, scarious, sparsely, hairy. Receptacle flat, 2-5 mm in diam., hairy, corolla of bisexual florets yellow, tubular, 5-6 mm long, 5-lobed; lobes hairy; corolla of female florets filiform, 4.5-5.5 mm long, 2-4-lobed, occasionally pubescent on the lobes. Achenes pale brown, oblong, ribbed, pubescent, Pappus white, 4-6 mm long, copious. Fl. & Fr. Throughout the year. Distrib. India: Nagaland. China and Indochina.",,,
11. Cremanthodium  pseudo-oblongatum  R.  Good  in J.  Linn.  Soc.  Bot.,13,clear_yellow,flowers yellow,YELLOW,"48: 299. 1929. Herbs, up to 45 cm high; rootstock thick; stems striate, glabrous, covered with fibrous remains of the petioles at the base. Radical leaves oblong-elliptic, truncate, subacute, entire to subdentate, 6 x 3.5 cm, glabrous; petiole ca 3 cm long, slightly winged and sheathing at the base. Cauline leaves yellow, 4-5, elliptical to linear, sessile. Capitula radiate, hemispherical, mostly solitary, 6 cm in diam. Involucral bracts linear-lanceolate, ca 10 mm long. Ray florets yellow, ca 22 mm long; ray narrowly lanceolate, ca 20 mm, 3-dentate at the apex, ca 8-veined; tube ca 2 mm long. Disc florets numerous, tubular, upper 3/4 part sub cylindric. Pappus of white hairs, ca 7 mm long. Distrib. India: E. Himalayas, between 900-2600 m. Sikkim. S. Tibet.",,,
29. Ranunculus stewartii H. Riedl in Kew Bull. 34:364.1979.,1,clear_yellow,flowers yellow,YELLOW,"Herbs, perennial, 10 - 20 cm high; rhizome ca 5 mm thick, elongate, erect; stems single or paired, simple, erect, ascending, slender. Basal leaves ternate, 2 - 4 x 1.2 - 2.6 cm, obliquely truncate at base.*Cauline leaves decreasing in size, trifid; lobes oblong- lanceolate to oblong-obovate, dissected or slightly lobed. Flowers solitary, 2.3 - 3 cm across; peduncles pilose. Sepals broadly elliptic, broadly elliptic-lanceolate, subacute, 7 - 8 x 3.5 - 5 mm, hairy along margins. Petals broadly ovate, undulate along margins, 9 -12 x 12 -15 mm, yellow. Filaments subfiliform, ca 3 mm long; anthers ca 1.2 mm long. Receptacle ellipsoid, glabrous. Achenes broadly elliptic, subcompressed, 1 1.2 mm long, indistinctly marginate, on globose or subglobose heads. Fl. & Fr. Aug. - Sept. Distrib. India: W. Himalayas. Jammu & Kashmir. Endemic.",,,
"1874. Annual,  prostrate  or  decumbent  herbs,  20  -  40  cm  high;  stems  and  branches",3,clear_yellow,flowers yellow,YELLOW,"slender, terete, glabrous, usually reddish purple, rooting at basal nodes. Leaves 1 - 2.5 x 0.5 -1.5 cm, ovate to ovate-elliptic or elliptic-lanceolate, cuneate to attenuate or rounded at base, obtuse to rounded at apex, glabrous, glaucous beneath, laminar glands pale with a few black, large usually prominent ones beneath, intramarginal ones much denser, lateral veins 2 - 3 pairs, slender, depressed above, raised beneath; petioles 1-3 mm long. Flowers yellow, 1 - 3 in terminal and axillary, lax cymes, 4 - 10 mm across; pedicels 8 - 15 mm long, slender. Sepals 2.5 - 3.5 mm long, linear, lanceolate to oblong-lanceolate, acute, entire, punctate black gland-dotted, persistent. Petals ca 4.5 - 5 x 1 -1.5 mm, oblong-lanceolate to spathulate, subobtuse to obtuse at apex, entire, chartaceous, prominently veined, with or without punctate black or brown glandular along margins. Stamens numerous in 3 fascicles with ca 20 in each; filaments 3 - 3.5 mm 'ong> glabrous; anthers yellow, oblong, with or without gland-tipped connective. Ovary 1-5 - 3 mm long, ellipsoid, ellipsoid-oblong to subglobose; styles 3,1 -1.7 mm long, free, erect; stigmas capitate. Capsules 4 - 5 mm long, broadly ovoid to globose or ellipsoid- 76 FLORA OF INDIA [ VOL. 3 oblong, longitudinally vittate. Seeds numerous, ca 0.7 mm long, oblong, obtuse to rounded at ends; testa scalariform-reticulate. Fl. May - June; Fr. July - Sept. Distrib. India: In E. Himalayas between 1800 and 2200 m. Sikkim and West Bengal (Darjeeling). Nepal, Bhutan, Myanmar, China and Indonesia.",,,
"4. Portulaca quadrifida L., Mant. PI. 1:73.1767; Dyer in Fl. Brit. India 1:247.1874.",3,clear_yellow,flowers yellow,YELLOW,"Beng.: Nuniya, Chota luniya; Hindi: Chounlayi, Chotalunia, Lomiya, Khate chawal; Guj.: Luni, Jhiniluni; Kan.: Gooni Soppu, Hali dajjili, Hali bachchdi; Mai.: Neelakeera; Mar.: Khatechanval, Ranghol; Sans.: Laghulonina, Uppadyki; Tam.: Chinnaparuppukir- ai, Taraipsalai, Sirupasalai. Much branched herbs; branches up to 10 cm long, creeping, profusely rooting at nodes; nodes with a whorl of dense silvery white, ca 5 mm long hairs. Leaves fleshy, 0.6 - 20 x 0.8 - 7 mm, elliptic-cordate to ovate-lanceolate, acute at apex, entire. Flowers solitary, terminal on an infundibular receptacle, subtended by four leaves and encircled by hairs. Sepals ca 3 mm long. Petals 4, yellow, ca 5 x 4 mm, obovate. Stamens 8 or 12; filaments 3.5 mm long. Styles cylindrical with (3 -) 4(- 5) arms. Capsules 3.5 - 5 x 3 mm, obovate-conical; operculum to nearly 2/3 the length of capsule, shining, straw-yellow. Seeds many, 0.8 -1 mm in diam., dull black; testa cells elliptic, radially elongated, margins straight, surface converse or tubercled. Fl. & Fr. Throughout the year. 1993] PORTULACACEAE 7 Distrib. India: Ruderal, also in moist grasslands. Punjab, Uttar Pradesh, Bihar, Orissa, Madhya Pradesh, Rajasthan, Gujarat, Maharashtra, Andhra Pradesh, Karnata- ka, Tamil Nadu and Kerala. Pantropical (except Australia and Pacific, east of Samoa). Note. Very variable with regard to hairiness.",,,
3. Laggera  crispata  (Vahl)  Hepper  & Wood  in  Kew  Bull.  38:  83.  1983.,13,clear_redtype,corolla bluish-purple,PURPLE/BLUE,"Conyza crispata Vahl, Symb. Bot. 1: 71. 1790. Laggera pterodonta (DC.) Sch.-Bip. ex Oliver in Trans. Linn Soc. 29: 94. 1873; Hook.f., Fl. Brit. India Fig. 47. 3: 271. 1881. Herbs, annual or perennial, erect, much branched, strongly aromatic, viscid pubescent; stems tall, narrowly winged by the decurrent leaf bases, glandular hairy or densely pubescent; wings interrupted, oblong, dentate to pinnatifid. Leaves oblanceolate, obovate or oblong, shortly auriculate, apiculate, serrate-dentate, 2-15 x 0.3-5 cm, glandular, puberulous hairy; the upper ones sessile. Heads purplish, in terminal leafy corymbiform panicles, many on long peduncle, 0.5-0.7 cm. Involucre campanulate; involucral bracts 3-4-seriate, linear; outer oblong-spathulate, acuminate 3.5 x 0.7 mm, glandular hairy; inner ones oblong-lanceolate, acute, 7 x 0.7 mm, scarious, puberulous. Corolla of bisexual florets tubular, 5-8 mm long, 5-lobed; lobes bluish-purple, oblong. Anther base obtuse. Corolla of female florets 4.5-7 mm long, 0.2 mm across, minutely toothed. Achenes 0.8-0.1 cm long, faintly ribbed, hairy. Pappus white, 4-5 mm long. Fl. & Fr. Jan. - April. Distrib. India: ascending up to 1200 m. Himachal Pradesh, Uttar Pradesh, Arunachal Pradesh, Assam, W. Bengal, Orissa, Madhya Pradesh, Kamataka and Tamil Nadu. Sri Lanka, China, Myanmar and Africa.",,,
"2. Talinum Adans., nom. cons.",3,clear_redtype,flowers red-purple,RED,"Perennial herbs or shrubs with stout roots. Leaves alternate, spirally arranged, sometimes lower most opposite, linear to obovate, sessile or shortly petioled, exstipulate. Inflorescences terminal, corymbiform, thyrsoid, racemiform or paniculiform. Sepals free or shortly connate, ovate, deciduous. Petals 5, red-purple, withering or sometimes persistent. Stamens 5 - many. Ovary superior; styles 3-armed. Capsules globose or ellipsoid, mostly 3-valved or irregularly dehiscing. Seeds many, tuberculate or ribbed or smooth, shining, with caruncle. Native of America and South Africa, ca 50 species, a few species are now pantropi- cal. 2 species introduced and naturalized in India. Literature. NYANANYO, B.L. & J.D. OLOWOKUDEJU (1986). Taxonomic studies in the genus Talinum (Portulacaceae) in Nigeria. Willdenowia 15: 455 - 463. POELLNITZ, K.V. (1934). Monographic der Gatting Talinum Adans. Feddes Repert. 35:1 - 34. ROSE, J.N. & P.C. STANDLEY (1911). The genus Talinum in Mexico. Contrib. U.S. Natl. Herb. 13: 281 - 288. TOLKEN, H.R. (1969). The genus Talinum (Portulacaceae) in Southern Africa. Bothalia 10: 19 - 28. KEY TO THE SPECIES la. Leaf apex apiculate b. Leaf apex emarginate or mucronate",,,"AUTO-FLAG: possible genus-level header (epithet token='Adans.,', not lowercase) - likely describes the whole genus, not one species"
5. Garcinia atroviridis Griffith  ex T. Anderson in Fl. Brit. India  1: 266.1874.,3,clear_redtype,petals blood red,RED,"Trees, 12 - 18 m tall, graceful; branchlets robust, terete, smooth; bark black or blackish when dry. Leaves 12 - 25 x 5 - 8 cm, oblong-lanceolate, cuneate and narrowed into a marginated petiole at base, shortly acuminate at apex, thickly coriaceous, dark green, shiny, midrib prominent below, lateral veins ca 40, spreading, ca 4 mm apart, anastomosing near margin with a fine intramarginal vein; pedicels 15 - 25 mm long, reddish. Male flowers: sometimes panicled, on up to 17 mm long peduncles; pedicels 7 - 2 0 mm long, unequal. Sepals 4, fleshy, concave, subequal, outer pair 15 x 9.5 mm, orbicular or transversely oblong, inner pair 16 x 11 mm, broadly oblong or orbicular, margins thin, streaked with red inside. Petals 4, blood red, orbicular-obovate, concave, fleshy, apex recurved, larger than sepals. Stamens indefinite, forming a globose mass; 106 FLORA OF INDIA [ VOL. 3 filaments slender, inserted in whorls on a thin, annular, fleshy receptacle, almost equalling anthers; anthers narrowly oblong, bilocular, dehiscence longitudinal. Ru- dimentary styles cylindric; stigmas large, convex. Female flowers: Terminal, solitary, rarely paired, ca 3 cm in diam. similar to male flowers; pedicels ca 2.5 cm long; petals smaller; staminodes small, on a thin, fleshy, wavy annulus surrounding the ovary. Ovary oblong, smooth, subcylindric; stigmas fleshy, sessile, convex, edges undulate, deep red, minutely tubercled, broader than ovary, peltate. Berries 8 - 10 cm in diam. globular, yellowish-green, base slightly 9-sulcate, crowned by concave, ribbed stigma; outer rind firm textured; pulp thin, translucent, surrounding seeds. Distrib. India: Assam and Arunachal Pradesh. Myanmar, Thailand, Malay Peninsula and Malacca. Notes. The fruits are said to be edible; used as a fixative with alum in dyeing silk fabrics; the sour outer rind is used in preparation of curries. A decoction of leaves and roots is used in the treatment of ear aches.",,,
17. Acer  thomsonii  Miq.  in  Arch.  Neerl.  Sci.  Nat.  2:  470.  1852. A.,5,clear_redtype,flowers brown-red,RED,"villosum Wallich var. thomsonii (Miq.) Hiern in Fl. brit. India 1: 695. 1875. Fig. 87. Beng. : Kabashi; Nep.: Kabashi. Dioecious. Large trees. Leaves chartaceous or coriaceous, glabrescent. obtuse, apex shortly acuminate, margins entire, repand or remotely serrate, base cordate, 5-nerved, bright green above, pale green beneath, 3-lobed; middle lobe broadly triangular; laterals very short petioled,glabrescent, canaliculate, 5-15 cm long. Inflorescence lateral, spicate raceme, appearing with leaves, 7.5-21 cm long. Flowers 5-merous, yellowish green. Stamens 6, exserted; filaments glabrous; anthers versatile. Samaras brown; wings straight, broadest above middle, base very narrow. Fl. & Fr. : Nov. - July. Distrib. India : Himachal Pradesh, Uttar Pradesh, West Bengal, Sikkim, Arunachal Pradesh, Manipur and Mizoram. Bhutan, Nepal and N. Myanmar. Note. Chromosome number : n=13 (Mehra & Khosla in Taxon 18: 218. 1969). M E L I A N T H A C E A E (P.C. PANT) Shrubs or small trees, tanniferous, producing ellagic acid. Leaves petioled, alternate, stipulate, pinnate; leaflets coarsely serrate, often with winged rachis. Flowers irregular, dense, in racemes, bracteate, perfect or less often unisexual, hypogynous. Sepals 5 or 4 by fusion of 2, unequal, imbricate, free or connate below, one of them spurred or saccate-gibbous. Petals 4-5, free, brown-red, narrow, long clawed, fifth petal very small or wanting. Nectary disc well developed, unilateral, extrastaminal. Stamens 4 or 5, alternate with petals; filaments distinct or basally connate; anthers 2-locular, opening lengthwise; pollen grains tricolporate. Ovary of 4, less commonly 5 carpels, united to form a compound, plurilocular ovary; style truncate or apically dentate; ovules 2- 5 or solitary in each locule, on axile placenta. Fruit capsular, loculicidal, often longitudinally sulcate and sometimes apically lobed. Seeds 1 or 2 in each locule, with hard oily and sometimes with starchy endosperm and straight embryo. Tropical and subtropical Africa; 2 genera and 15 species, 1 genus and 1 species in India. Note. In warm regions some species are grown for ornamental purpose. Melianthus L. Shrubs, strongly scented, glabrous, with widely creeping roots. Leaves odd-pinnate, up to 60 cm or more long, stipulate; leaflets unequal sided. Flowers in axillary or terminal racemes. Calyx 5-partite, united at base, unequal, often gibbous. Petals narrow, long clawed. Stamens 4, didynanous, inserted with in the disc. Disc unilateral, with nectary glands. Ovary 4-lobed. Capsules inflated, loculicidally dehiscent by valves. S. Africa and Asia (introduced as an ornamental); ca 6 species, 1 in India. Melianthus major L., Sp. PI. 639. 1753; Hiern, in Fl. Brit. India 1: 698. 1875. 412 FLORA OF INDIA [VOL. 5 Undershrubs, glabrous. Leaves up to 30 cm or more long; upper cauline ones smaller, dull green above, pale beneath; stipules connate, ca 5 cm or more long; leaflets 9-11, 7.5-10 x 5 cm, deeply serrate; petiole with cuneate wings between leaflets. Racemes densely flowered, ca 30 cm or more long. Flowers brown-red; 2.5 cm long; bracts ovate, acuminate. Calyx 5-lobed, imbricate. Petals 4-5. Stamens inserted within the disc. Disc with nectar bearing glands. Capsules 2.5-3.2 cm long, papery. Seeds black and glossy, two in each cell. Fl. & Fr. : March - June. Distrib. India: Western Himalaya, up to 1700 m. Uttar Pradesh and Tamil Nadu. Bhutan (introduced) and S. Africa. Note. Introduced in Kumaon and Nilghiris. Bruised leaves emit rotten smell. S T A P H Y L E A C E A E ( P. C. Pant) Small sized trees or shrubs. Leaves opposite or rarely alternate, pinnate or trifoliolate, occasionally unifoliolate; stipules caducous or wanting. Flowers in terminal or axillary panicles or sometimes racemes, regular, 5-merous, bisexual, sometimes some or all unisexual and then plants dioecious. Calyx 5, free, imbricate, rarely connate partly or for most of their length, petaloid. Petals 5, free, imbricate, inserted on or below hypogynous disc. Stamens 5, free, borne on or outside annular nectary-disc, alternating with petals; anthers 2- locular, opening lengthwise; pollen grains tricolporate. Disc sometimes poorly developed or wanting. Ovary 2-3, rarely of 4 carpels, united to form a plurilocular ovary; styles free or coherent above or fused into a single style; ovules 6- 12, rarely 1-2, in two rows in each locule. Fruit a membranous inflated capsule, opening at the tip; carpels seprate distally and opening along the ventral suture or indehiscent and drupaceous or baccate or the fruit of distinct follicles. Seeds few, truncate at the base; endosperm copious fleshy, oily. Central and S. America, Europe, Asia; ca 5 genera and 60 species; 2 genera and 5 species in India. KEY TO THE GENERA la. Fruits inflated, capsular b. Fruits fleshy berry, indehiscent",,,
1930. Kash.:  Pevak.,1,clear_redtype,flowers intense blue,PURPLE/BLUE,"RANUNCULACEAE 17 Herbs, erect; tubers paired, 2 - 3 cm long, white inside; stems 10 - 30 cm high, erect, simple or branched at base, glabrous or pubescent above. Leaves few, glabrous, lower long-petiolcd; lamina ovate or cordate-orbicular, 2 - 4 cm in diam., incised into broad lobes with about 3 - 5 apiculate teeth. Flowers solitary or 2 at stem apices, 2 - 2.5 cm long, intense blue; pedicels erect, 1.5 5 cm long, pubescent; bracteoles 2, broadly ovate, deeply incised and toothed, often with short petioles. Uppermost sepal helmet-shaped with a small beak at tip; upper lateral sepals suborbicular; lower lateral sepals elliptic, smaller. Petal head ovoid, knob-like, narrowed to a point, black or green. Filaments hairy in upper part. Carpels 5, densely yellow-pubescent. Follicles 5, free, erect, hairy. Fl.&Fr. Aug.-Sept. Distrib. India: Alpine areas, 3500 - 4000 m. Jammu & Kashmir. Endemic.",,,AUTO-FLAG: species_id looks garbled/non-taxonomic (genus token='Kash.:') - verify before labelling
"3. Oxalis  corniculata  L., Sp. PI.  135. 1753; Edgew. & Hook.  f.  in  Fl. Brit. India  1:",4,clear_redtype,petals violet,PURPLE/BLUE,"J.BombayNat.Hist.Soc.34: 898.1931. Fig. 60. Herbs, perennial, procumbent; sometimes much thickened and woody; stems sev- eral, branched, puberulous to pubescent. Leaves 3-foliolate, scattered, distant or in 1997] OXALIDACEAE 10 mm J 10 mm e 2 cm 0 mm Fig. 58. Oxalis acetosella L.: a. habit; b. calyx; c. corolla; d. androecium; e. gynoecium. 244 FLORA OF INDIA [VOL.4 1 5 mm 1 cm 2 cm ^ V V V 1 / 1 cm Fig. 59. Oxalis cernua Thunb.: a. habit ;b. calyx and gynoecium; c. corolla ;d. androecium 1997] OXALIDACEAE 245 2 mm 5 mm 5 mm Fig.60. Oxalis corniculataL.: a.habit;b. calyx; c. corolla; d. androecium; e. gynoecium. 246 FLORA OF INDIA [VOI..4 small tufts; petioles very slender, 1-9 cm long, pubescent; stipules indistinct, sometimes conspicuous, up to 3 x 1 mm, rectangular; leaflets broadly elliptic-obcordate, 4 - 20 x 5 - 18 mm, glabrous to sericeous above, paler and sometimes glaucous beneath. Inflores- cence cyrnose to pseudo-umbellate; peduncles up to 20 cm high, usually much shorter. Flowers 2 or more; pedicels up to 20 mm long. Sepals lanceolate, obtuse to rarely obliquely-retuse with narrow pale margins, 2 - 6 x 2 mm. Petals 5, oblong, 3 - 7 mm long, yellow. Stamens 10, united; long ones ca 5 mm long; short ones ca 4 mm long; anthers dehiscing longitudinally. Ovary ellipsoid to cylindric, ca 2 x 1 mm, puberulous; stigma small, sometimes flattened and minutely bifid; ovules 5-11 per locule in a row. Fruits usually linear-cylindric, 9 - 2 0 x 2 -4 mm; seeds 5 - 11 perlocule, flattened-ovoid,ca 1 x 0.75 mm. FL&Fr. March-Dec. Distrib. India: Throughout. Cosmopolitan. 4.0xaliscorymbosaDC.,Prodr. 1:696.1824; CalderinRec.Bot.Surv. India 6:337. 1919. 0./Ma/r/awaZucc.inDenkschr.Ko^rrigl.Akad.Wiss.Muenchen9:144.1823-1824. Fig. 61. Herbs, acaulescent, bulbous at base; bulbs globose, acute at tip, producing many lateral bulbils, scaly; outer scales numerous, thin, papery, brownish. Leaves 9 - 12, stipulate, trifoliolate; petioles very thin, 13 - 24 cm long, sparsely hairy; leaflets cuneate at base, 1.2 - 1.8 x 1.8 - 1/..5 cm, equal, membranous, appressed-hairy on both surfaces. Inflorescence a pseudo-umbel, 6 - 7-flowered; bracts minute, ca 1 mm long, persistent, membranous, pil0se. Flowers pedicellate, ca 1.5 cm long. Sepals 5, distinct, elliptic, erect, acute, 5 - 6 mm long, sparsely hairy outside. Petals 5, cuneate, oblique, ca 1.5 x 0.5 cm, slightly hairy outside, violet. Stamens 10 in two series alternately long and short; long ones free; filaments erect, ca 3 mm long, hairy; short ones flattened, ca 1.5 mm long, glabrous; anthers oblong, short, yellow. Ovary obtusely 5-angled, oblong, ca 3 mm long, glabrous; ovules 3-8 in each locule; styles 5. FL&Fr. Sept. -Jan. Distrib. India: Jammu & Kashmir, Punjab, Delhi, Uttar Pradesh, Assam, Sikkim, Meghalaya, Mizoram, Manipur, Bihar, W. Bengal, Tamil Nadu and Kerala. Tropical S. America.",,,
12. Goniocaulon  Cass.,12,clear_redtype,flowers rose-purple,PURPLE/BLUE,"Annual, erect, glabrous, branched; stems 4-8-angled. Leaves alternate, narrow, toothed. Heads homogamous, oblong, fascicled, corymbose. Flowers all bisexual, fertile, similar tube slender; limb longer, cylindric, 5-fid almost to middle. Involucral bracts pale, many-seriate, narrow, rigid, acute, erect, not spinescent; outer gradually shorter. Receptacle very narrow, paleaceous. Filaments hairy; anther bases sagittate, connate; tails short. Style arms filiform. Achenes oblong, many-ribbed, glabrous. Pappus scales many- seriate, very unequal. 1995] ASTERACEAE 181 Indo Malayan; One species. / Goniocaulon glabrum Cass, in Bull. Soc. Philom. 34. 1817. G. indicum C.B. Clarke, Comp. Ind. 236. 1876. Amberboa indica D C , Prodr. 6: 558. 1838; Hook.f., Fl. Brit. India 3: 377. 1881. Herbs, 30-90 cm high, erect; branches ribbed, simple below, corymbose above. Leaves linear-obovate or subspathulate, toothed at margins, narrowed at base, 5-10 cm long, halfamplexicaul, sessile. Heads narrow, fascicled in compound corymbs, 1.2-1.6 cm across, pedicelled. Corolla rose-purple, ca 5 mm long. Fl. & Fr. Jan. - March. Distrib. India: Uttar Pradesh, Bihar, W. Bengal, Madhya Pradesh and Maharashtra. Note. Ocasionally found in cultivated lands, often gregarious on black soil.",,,"AUTO-FLAG: possible genus-level header (epithet token='Cass.', not lowercase) - likely describes the whole genus, not one species"
62. Impatiens gamblei Hook. f. in Rec. Bot. Surv. India  4: 15.1905; H. Hara  in Fl.,4,clear_redtype,flowers rose-purple,PURPLE/BLUE,"E.Himal.3:79. 1975. Herbs; stems simple or branched. Leaves alternate, ovate-lanceolate, ovate or ovate-elliptic, slightly attenuate into petiole, acuminate at apex, shallowly crenate along margins, 4- 9x1.5 -3 cm, velvety on dorsal side; lateral nerves 4 -6 pairs; petioles present. Inflorescence axillary pedunculate few-flowered racemes. Flowers ca 3 cm including spur, rose-purple. Lateral sepals ovate-lanceolate, acuminate, 4 - 5 x 2 - 3 mm, margins with small appendages. Lip bucciniform, 1 -1.4 x0.8 -1.7 cm, spurred; spur 0.5 -1.7 cm. Standard cucullate, 0.8 - 1 cm long. Wings bilobed; basal lobes more or less ovate with one side extended; distal lobes ligulate. Stamens 5; anthers united. Capsules linear, acute, 0.4 - 2.2 cm; seeds glabrous. Fl.&Fr. July-Sept. Distrib. India: E.Himalayas,ca 2500 - 3700m. W.Bengal (Darjeeling) and Sikkim. China and Nepal.",,,
2. Ginalloa Korth.,23,clear_redtype,bright red,RED,"Semiparasitic shrubs, less than 1 m high, monoecious, glabrous; stems di- or trichotomously branched, with terete slender internodes, bearing a sheath-like thickening 4 4 FLORA OF INDIA [VOL. 23 (cataphylls) above each node. Leaves normally developed, entire, opposite, unifacial, curvinerved, often with 1 - 5 elongated veins, usually visible on both surfaces; rudimentary leaves forming a boat-shaped collar encircling the stems. Inflorescences terminal and axillary, in spikes of decussate pairs of cymes (triads); flowers unisexual, sessile, the central flower of the triad usually being female and the laterals male; bracts small, in pairs, bracts of each pair of opposite cymes united to form a cupular rim; bracteoles of the lateral flowers subtending each cymule, small, free, entire to densely fimbriate. Male flowers: globose or slightly flattened, 0.5 - 1 mm long; perianth lobes 3, free, triangular, valvate; stamens 3, free from perianth segments; filaments short; anthers basifixed, disc-shaped, opening by longitudinal slits. Female flowers: cylindrical or narrowly ellipsoid; ca 2 mm long; perianth 3-merous; lobes 3, united, persistent, triangular to suborbicular; ovary inferior; style short and stigma mamilliform. Fruits narrow, ovoid to ellipsoid, smooth or tuberculate, crowned by persistent perianth lobes, bright red in colour with viscous pericarp. India to Sri Lanka, eastwards and south-eastwards through Malesia to New Guinea and Solomon Islands, ca 8 species; 2 species in India (Andaman Islands). Notes. The basic inflorescence unit is a small dichasium (a cymule which is a triad), usually with both male and female flowers. The spicately arranged cymule is a consistent feature of Ginalloa, although in some species the flowers are solitary. KEY TO THE SPECIES 1 a. Leaves stiffly coriaceous, 1 – 4 cm broad; flowers sunk in the fleshy rachis of the spikes and",,,"AUTO-FLAG: possible genus-level header (epithet token='Korth.', not lowercase) - likely describes the whole genus, not one species"
58. Impatiens floribunda  Wight  in Madras J. Lit. Sci. ser.  1.5:  7. 1837.  I.flaccida,4,clear_redtype,flowers purple,PURPLE/BLUE,"Fig.40. sensu Hook.f., Fl. Brit. India 1: 457.1874, p.p. non Arn. 1836. Erect or decumbent herbs up to 70 cm high; stems branched, green. Leaves alternate or opposite, rarely whorled, elliptic-lanceolate, caudate-acuminate at apex, 2 -10 x 1.2 -1.4 cm, serrate or crenate-serrate along margins, apiculate from apex of teeth, glaucous beneath; petioles 1.5 - 3.5 cm long with stipitate glands. Flowers solitary or in fascicles, purple; pedicels up to 2.5 cm long. Lateral sepals small, ovate. Lipcymbiform; spur slender, straight. Wings bilobed; seeds globose. FL&Fr. July-Nov. Distrib. India: Southern W. Ghats, 1800 - 2100 m. Tamil Nadu and Kerala. Endemic.",,,
"2. Epaltes  pygmaea  D C ,  Prodr.  5: 461. 1836; Hook.f.,  Fl. Brit.  India 3:",13,clear_redtype,heads violet,PURPLE/BLUE,"274. 1881. Herbs, erect, annual; stems up to 10 cm high, winged; wings entire. Leaves linear-elliptic, obtuse, sparsely dentate 1-2 x 0.3-0.5 cm, membranous; midrib 148 FLORA OF INDIA [VOL. 13 prominent. Heads violet, solitary or few, terminal, 0.3-0.4 cm across, peduncled. Involucre hemispherical; involucral bracts multiseriate, broad, obtuse or acute, dry, rigid. Receptacle naked, flat. Ray florets multiseriate, female, fertile; corolla filiform, 2-3 toothed, much shorter than style. Disc florets bisexual, tubular, usually sterile; corolla 3-5-fid. Achenes black, ellipsoid, obscurely ribbed, 0.4-0.5 mm long. Fl. & Fr. Dec. - April. Distrib. India: Tamil Nadu and Karnataka. Endemic.",,,
"1856. Shrubs,  ca 2 m high.  Leaves  1 - 6 x 0.5 - 1 mm, linear-oblong,  ovate-lanceolate  or",3,clear_redtype,flowers pink,PINK,"ovate, subacute to obtuse at apex, subentire. Racemes usually lateral, 3 -14 x 1 -1.5 cm, scales at base of peduncle up to 6 x 3 mm, broadly ovate to oblong-ovate, obtuse at apex; bracts 4,5 x 7 (- 10) x 1.7 - 3 mm. Flowers pink; pedicels 2 - 3 mm long. Sepals 3 - 4 x 0.7 -1.3 mm, linear-oblong to ovate-lanceolate, subacute to obtuse at apex, subentire, subequal. Petals4-6x1.5-2mm,obovate,oblong-obovateorelliptic-obovate. Stamens connate to about 2/3 of their length; free part of longer filaments 1 - 1.5 mm long, of shorter 0.5 - 1 mm long. Ovary 3.5 - 5.5 mm long. Capsules ca 1 cm long. Seeds 1 -1.5 mm long, obovoid-oblong, beak 0.5 - 0.7 mm long; coma ca 4.5 mm long. Fl. & Fr. June - Aug. Distrib. India: In valleys, sandy and pebbly banks of mountain streams and rivers. Jammu & Kashmir(Kashmir) and Himachal Pradesh. Pakistan, Iran, CJ.S. and N. China.",,,"AUTO-FLAG: species_id is not a real taxon heading (matched mid-description text) - verify the row before labelling, may need to re-check raw text"
1. Illicium cambodianum Hance in  J. Bot. 14: 240.  1876; Subbarao & Kumari in,1,clear_redtype,flowers pink,PINK,"Bull. Bot. Surv. India 6:105-106, f. 1.1964. Fig. 27. Fig. 27. Illicium c mbodianum Hance; a. twig with flowers; b. flower showing an droecium; c. outer perianth segment; d. inner perianth segment; e. stamen. 186 FLORA OF INDIA [ VOL. 1 Trees; young branchlets rugose, subterete or slightly angled. Leaves pseudoverti- cillate, in clusters of 2 - 3, at distal nodes, elliptic-obovate, entire or slightly recurved at margins, cuspidate-acuminate at apex, 8 -12.5 x 3 - 4.5 cm, subcoriaceous, olivaceous to brown; midrib slightly impressed above, prominent beneath; lateral nerves 6-10 pairs; petioles 5-12 mm long. Flowers pink, axillary or subterminal, solitary; pedicels 5-10 mm long, rugulose, shorter than petioles; bracts caducous. Perianth segments 7; outer ones ovate-oblong or rounded, blunt at apex, obscurely ciliolate; inner ones smaller, fleshy, eciliolate. Stamens 9 -13, uniseriate, 2 -3 mm long; filaments as long as anthers, ligulate, fleshy with truncate connectives. Carpels 12 -13, free, in single whorl, erect, narrowed into a slender style, ca 5 mm long. Fl.&Fr. April-June. Distrib. India: Subtropical forests, 900-1200 m. Arunachal Pradesh (Subansiri). Myanmar and Cambodia.",,,
5. Grewia  calophylla  Kurz  ex Masters  in  Fl. Brit.  India  1: 392. 1874.  Microcos,3,clear_redtype,flowers pink,PINK,"calophylla (Kurz ex Masters) Burrett in Notizbl. Bot. Gart. Berlin-Dahlem 9:729. 1929. Trees, 6 - 14 m tall. Leaves 15 - 19 x 3 - 9 cm, ovate-lanceolate, ovate-elliptic or oblong-elliptic, rounded or subacute at base, acuminate at apex, entire, coriaceous, glabrous, 3-nerved; petioles 0.5 - 1 cm long. Flowers in terminal panicles; buds 0.8 - 1 cm long, obovoid, tomentose; pedicels up to 1.2 cm long. Sepals ca 1.8 cm long, linear-oblong or linear-spathulate. Petals pink, 6 - 8 mm long, linear-oblong, acute. Androgynophore ca 1.2 mm long, glabrous in lower half, tomentose in upper half. Stamens many; filaments 8 -10 mm long, glabrous. Ovary ca 2 mm across, subglobose, puberulous; stigma lobed. Drupes orange-yellow, 2 - 4.5 x 1.3 - 2.3 cm, obovoid, tapering at base, glabrous, woody with a sticky exudate. Fl. April - July; Fr. Aug. - Dec. Distrib. India: Frequent in semideciduous and coastal forests. Andaman & Nicobar Islands. Malaysia.",,,
20. G.  loniceroides,3,clear_redtype,dark red,RED,"31a. Leaves obovate, oblong or ovate-oblong to lanceolate; male flowers in umbels or heads; staminodes not in bundles, clusters or fascicles 32 b. Leaves obovate-oblong, oblong or elliptic to lanceolate; male flowers in fascicles; staminodes in bund- les, clusters or fascicles 33 102 FLORA OF INDIA [ VOL. 3 32a. Male flowers in sessile heads, with 12-40 stamens; ovary covered with fleshy scales; stigmas peltate; berries subglobose or ellipsoid, dark red, 3 - 4 -locular, sharply tubercled or echinate",,,"AUTO-FLAG: abbreviated genus ('G.') - this is likely a duplicate identification-key stub, not the real species treatment; the full name may appear elsewhere in the volume"
"6. Gossypium arboreum L., Sp. PI. 693.1753; Masters in Fl. Brit. India  1:347.1874.",3,ambiguous,"flowers pale yellow, with or without purple centre or occasionally completely red or purple",YELLOW,"Beng., Hindi, Guj., Mar. and Punj.: Kapas, Rui, Tula; Kan.: Hathi; Or.: Karpaso, Kopa; Tel.: Patti, Karpassmu. Annual or perennial shrubs, 1 - 2 m high; branchlets densely covered with stellate and few simple hairs, ultimately glabrescent or glabrous, purple. Leaves ovate to orbicular, cordate at base, 3,5 - or 7-lobed or parted with an extra tooth in the sinuses; petioles 1.5 - 12 cm long; stipules 0.5 - 1.5 cm long, linear to lanceolate, often falcate. Flowers axillary, solitary, pedicels 0.5 -1.5 cm long. Epicalyx segments 1.5 - 3 x 1 - 2.5 cm, ovate, cordate at base, acute at apex, entire or dentate, accrescent. Calyx ca 5 mm long, cupular, 5-dentate at tip. Corolla pale yellow, with or without purple centre or occasionally completely red or purple; petals 3 - 4 cm long, obovate. Staminal column 1.5 - 2 cm long. Capsules 1.5 - 3 cm across, more or less rounded to ovoid or globular with 3 - 4 mm long beak, 3 - 4-loculed, locules 5 - 17-seeded. Seeds 5 - 7 mm across with floss and fuzz, floss white or rusty. Cultivated in India. Notes. Hutchinson and Ghose (Ind. J. Agri. Sci. 7: 233.1957) maintained 3 varieties of this species, viz. i) var. typicum includes wild and primitive cultivated perennial types (ii) var. neglectum to include cultivated annual types (iii) var. centum comprising annual ecotypes of Assam and Bangladesh hill tracts. Again, based on distribution they divided each of the first two varieties into 4 forms viz. bengalense, indica, burmanica and sudanense. Borssum Waalkes (I.e.) maintained 2 varieties under this species, viz. arboreum and obtusifolium (Roxb.) Roberty, the first variety is only cultivated for experimental and ornamental purposes and the latter as a commercial crop. KEY TO THE VARIETIES la. Leaves palmatiparted with linear to lanceolate segments b. Leaves palmatilobed to palmatifid with obovate, ovate or oblong segments 6.1. var. arboreum 6.2. var. obtusifolium 388 FLORA OF INDIA [ VOL. 3 6.1. var. arboreum Gossypiutn arboreum L., Sp. PI. 693. 1753. G. cernuum Todaro, Oss. Sp. Cot. 31.",,,
"4. Meconopsis  discigera  Prain in Ann. Bot. 20: 356, t. 24, f.  12.1906.",2,ambiguous,"flowers red, purple or pale blue",RED,"Fig. 5. Monocarpic herbs with slender taproot; stems 30 - 70 cm high, stout, sulcate, clothed with golden brown barbellate patent or deflexed bristles or their persistent bases. Leaves entire or 3-lobed, oblanceolate or elliptic-oblanceolate, subacute or rounded at apex; basal leaves ca 15 cm long (incl. petiole); upper ones sessile. Flowering stem solitary, ribbed, forming leafy 10 - 15-flowered racemes; pedicels 2 - 5 cm long, hairy, decurrent on stem, swollen at apex. Petals 4, obovate, 4 - 5 x 3 - 4 cm, red, purple or pale blue. Filaments filiform, dark coloured. Ovary oblong, truncate, densely yellow bristly; styles slender, elongate, 5 - 6 mm long, bearing 6 -10 linear erect lobes. Capsules oblong, 6-ribbed, 2 - 3 cm long, appressed bristly, dehiscing by 6 -10 valves, crowned with ovate laciniate reflexed 5 - 7 mm long persistent stylar disc; seeds reniform, ribbed and reticulate. Fl. & Fr. June - Sept. Distrib. India: Alpine cliffs and rocky ravines, 3400 - 4800 m. Sikkim. Bhutan, Nepal, China (Tibet). Notes. Chromosome no. n = 40 (Ernst in Madrono 18:122 -126.1965; n = 41, c. 40 (Ratter in Notes R. Bot. Gard. Edinb. 28:191 - 200.1967). 1993] PAPAVERACEAE 15 [ cm Fig. 5. Meconopsis discigera Prain 16 FLORA OF INDIA [ VOL. 2 Fig. 6. Meconopsis grandis Prain 1993] PAPAVERACEAE 17",,,
16. Viola jangiensis  W. Becker in Bull. Misc. Inf. Kew 1929: 201.1929.,2,ambiguous,flowers pale violet,PURPLE/BLUE,"Herbs, acaulescent; rhizome ascending, 2 - 3 mm thick, shortly articulated. Leaves deltoid or deltoid-ovate, obtuse, entire or remotely crenate to partly repand-crenate, 1 - 2 x 1 - 2 cm, more or less pubescent, especially on lower surface; young leaves narrower; petioles up to 8 cm long; stipules about 1 cm long. Peduncles 5 - 7 cm long, bibracteolate at middle. Flowers ca 5 mm across, pale violet. Sepals ovate-lanceolate, ca 2 mm long; lateral sepals ca 3 mm long, narrower, shortly appendiculate. Lateral petals minutely hairy at base; spur acute, ca 1 mm long. Ovary conical; style geniculate at base, more or less clavate, not curved at apex, passing directly upwards to an uncovered orifice. Fruit not seen. Fl. July. Distrib. India: Himachal Pradesh. Endemic.",,,
1. Cratoxylum Blume,3,ambiguous,petals deep crimson to pink or white,WHITE,"Deciduous to evergreen trees or shrubs. Leaves simple, sessile to petioled, oppo- site, entire, thin. Flowers axillary or terminal in panicles or fascicled in axils of fallen leaves, heterodistylous or heterotristylous; bracteoles minute, caducous. Sepals 5, persistent, coriaceous, mostly accrescent. Petals 5, caducous to subpersistent, alternise- palous, deep crimson to pink or white. Staminal fascicles or bundles 3 or 5, stalked, unequal; anthers subpersistent, dorsifixed, introrse; hypogynous scales 3, fleshy, alter- nate with staminal fascicles or bundles. Ovary 3-locular; ovules 4 - many in each locule, anatropous on axile placentation. Styles free; stigmas punctiform, truncate or thickened, papillose to capitate. Capsules ovoid-ellipsoid to ellipsoid-oblong, loculicidally dehis- cent into 3-valves; valves septiferous; columella like placenta in the base of capsule, persistent and woody. Seeds either oblong and winged all around or oblong to obovate, winged unilaterally (as in Indian spp.); embryo erect, oblong. Tropical Asia, ca 6 species; 3 in India. Literature. GOGELEIN, A.J.F. (1967). A revision of the genus Cratoxylum Bl. (Guttiferae). Blumea 15: 453 - 475. KEY TO THE SPECIES la. Intramarginal veins present in leaves; petals with distinct scales; inflorescences always axillary b. Intramarginal veins absent in leaves; petals without scales; inflorescences axillary and terminal 2 2a. Leaves 2.5 -16 x 1 - 4.2 cm, glaucous beneath; petioles 2 - 4.5 mm long; inflorescences 1 - 3-flowered, axillary and terminal; pedicels 1-2 mm long, accrescent, 1.8-4 mm long in fruit 1. C. cochinchinense b. Leaves 4 -19 x 2 - 2.5 cm, never glaucous beneath; petioles up to 15 mm long; inflorescences many- flowered, terminal; pedicels 15 - 5 mm long, accrescent, 3.5 - 5.5 mm long in fruit 3. C. sumatranum",,,"AUTO-FLAG: possible genus-level header (epithet token='Blume', not lowercase) - likely describes the whole genus, not one species"
"1982. Herbs, erect, 50 - 75 cm high; stems 30 - 50 cm long, covered with fibrous remains",1,ambiguous,"flowers white, blue or purplish outside",WHITE,"of petioles at base, glabrous, villous at involucral joints. Radical leaves palmately 3-lobed, deeply cordate, 9 - 20 cm across, subglabrous, chiefly hairy on nerves; segments sessile, unequally broadly obovate, deeply or shallowly 3-partite, cuneate, 5 10 x 4.5 - 9 cm; secondary segments again 3-lobed, irregularly coarsely serrate; petioles 12 - 32 cm long, narrowly sheathing at base. Inflorescences lax, dichasial cymes; involucres of the first order 2, sessile, 3 - 5 x 4 - 6 cm, broadly obovate, cuneate, subglabrous, hairy on nerves on both surfaces; segments trifid, cuneate, irregularly serrate; involucres of the second order and above smaller, 1.5 - 3 cm long; peduncles 5 -15 cm long; pedicels 2.5 - 8 cm long; median pedicels smaller, slightly puberulous to pubescent above. Sepals 5, narrow­ ly obovate, 9 -15 x 4 - 6 mm, white, glabrous. Stamens 20 - 35; filaments 1.5 - 3 mm lnng| complanate to filiform, unequal; anthers 0.8 1.2 mm long; outer linear-elliptic, inner broadly ovate. Carpels 3-6, sessile, 3 - 3.5 mm long, glabrous, compressed, linear-ovate; style gently curved, tapering into obtuse stigmatic apex. Achenes 1 4, elliptic-ovate, flattened, 5 - 7 x 3 - 4 mm; beak slightly curved, contiguous to achene, narrowly winged; seeds flat, 5 - 6 x 2.5 mm, broadly lanceolate, dark brown, glabrous. FI. & Fr. July - Sept. 1993] RANUNCULACEAE 35 Distrib. India: Temperate Himalayan regions, common on grassy slopes and near streams, 2900 - 3300 m. Uttar Pradesh. Endemic. 11* Anemone rivularis Buch.-Ham. in DC., Syst. Nat. 1: 211.1817; Hook. f. & Thomson in FI. Brit. India 1: 9.1872. A. wightiana Wallich ex Wight & Arn., Prodr. 3. Fi* 6 1834;W ight,Icon.3:t.936.1845. ^ Anemone rivularis Buch.-Ham.; a. plant, lower and upper portions; b. head of achenes; c. achene. 36 FLORA OF INDIA [VOL. 1 Herbs, perennial, up to 1 m high; rootstock stout, woody, sheathed in fibres. Radical leaves 3-partite, 10 -12 cm wide in smaller specimens, 30 - 35 cm in larger ones, deeply 3- to 5-lobed, each lobe again 3 - 4-Iobed, serrate, hairy on both surfaces; cauline leaves palmately finely dissected into many linear lobes; leaflets broadly elliptic or rhombic, cuneate at base, acute at apex, often deeply 3-lobed, serrate along margins, 4 - 7 x 3 - 5 cm, pubescent with stiff hairs; petioles 10 - 30 cm long. Scapes stout, 7 - 35 cm long; involucral leaves similar to leaves, deeply incised, serrate; segments linear, ca 2 mm broad; cymes compound, many-flowered; branches spreading, elongate, 2-bracteolate. Flowers white, blue or purplish outside, 2.5 - 4 cm in diam. Sepals 5-8, elliptic, obovate, obtuse, 4-1 0 mm long, silky outside. Filaments slender; anthers ovoid. Carpels many; styles curved at tip. Achenes broadly elliptic, ca 7 x 5 mm, compressed with ca 1 mm long glabrous hooked beaks. FI. & Fr. June - Oct. Distrib. India: Streamsides and clearings in broad leaved forests. Himachal Pradesh, Uttar Pradesh, Sikkim and Tamil Nadu. Sri Lanka, Myanmar and China.",,,"AUTO-FLAG: species_id is not a real taxon heading (matched mid-description text) - verify the row before labelling, may need to re-check raw text"
"5. Anoda hastata Cav., Diss. 1:38,1.11, f. 2.1785; Masters in Fl. Brit. India  1: 321.",3,ambiguous,corolla violet or yellow,YELLOW,"1874. 1993] MALVACEAE 387 Herbs, hispid or glabrescent. Leaves hastate, rarely dissected or entire; stipules filiform. Flowers axillary or in terminal racemes. Epicalyx absent. Calyx 5-lobed, spreading. Corolla violet or yellow; petals 5. Ovary many-loculed; styles as many as carpels, ovule one in each carpel. Fruit schizocarp, mericarps separating from the axis, 1-seeded. Rarely cultivated in North-western and Peninsular India. Native of tropical America.",,,
1. Maerua  apetala  (Roth)  Jacobs  in Blumea  12(2): 207. 1964.  Capparis apetala,2,ambiguous,"flowers green or white, purple tinged",WHITE,"Roth, Nov. PI. Sp. Ind. Or. 238.1821. Niebuhria linearis D C , Prodr. 1: 244.1824; Hook, f. & Thomson in Fl. Brit. India 1:171.1872. N. apetala (Roth) Dunn in Gamble, Fl. Pres. Fig. 62. Madras 41.1915. Tarn.: Iruvalli: Tel.: Lukki-chettu, Nemali-adugu (Chenchu & Lambadi tribals). Trees, up to 4 m tall, glabrous. Leaves (1 - 2) 3 - 5- foliolate; leaflets ovate, elliptic-oblong, linear or linear-lanceolate, tapering at base, acute or rarely retuse and mucronate at apex, 5 -10 x 0.3 - 3.2 cm, subcoriaceous; lateral nerves 3-6 pairs; secondary nerves obscure; petioles 4 -12 cm long; petiolules 6 - 8 mm long. Racemes terminal, lax, 5 - 1 2 (-20)-flowered; flowers fragrant, green or white, purple tinged, on 2 - 3 cm long pedicels. Calyx-tube greenish, 1.2 -1.5 cm long, 0.8 -1 cm thick; lobes ovate, puberulous along margins. Petals absent. Stamens ca 30; filaments pinkish, shorter than gynophore. Gynophore 2 - 2.8 cm long, elongating up to 4 cm while fruiting, hardly incrassate. Ovary ovoid, 2.5 x 1 mm, 1-loculed with 2 placentae. Berries oblong, ovoid, 1 - 2-ridged, 1.5 - 1.8 cm long, ca 1 cm thick. Seeds 1 (3 - 5), embedded in scarlet pulp, muricate, ca 6 mm across, white. Fl. Jan. - April; Fr. March - Aug. Distrib. India: Scrub forests and dry regions, from sea level to 300 m, scattered and infrequent. Andhra Pradesh and Tamil Nadu, Endemic. Notes. A paste of root bark is applied for leucoderma and the extract given orally for the same by Chenchus and Lambadis of Andhra Pradesh. Tender leaves ground with spices and the paste made into pills are given orally for nervous disorders and foot pains by Chenchus. In Vajravelu 24719 (MH) leaflets vary from 3 - 5 . Though the laminae of leaflets are usually ovate, occasionally they are linear-lanceolate and up to 7 cm long and 2 - 3 330 FLORA OF INDIA [VOL. 2 lid Fig. 62. Maerua apt I a la (Roxb) Jacobs : a. flowering twig; b. leaf variations; c. flower; d. fruit; e. tardily dehiscent fruit; f. seed; g. seed with testa removed, showing cotyledon. 1993] CAPPARACEAE 331 mm wide. Fruits are generally 1-seeded, but in Ramamurthy 21000 (MH) the berries are larger, up to 3 cm long, 1.5 cm thick and 4 - 5-seeded.",,,
"4. Abutilon indicum (L.) Sweet, Hort. Brit. ed. 1,54.1826; Masters in Fl. Brit. India",3,ambiguous,flowers yellow to orange,YELLOW,"1: 326.1874; emend. Hochr. in Ann. Cons. Jard. Bot. Gener. 6: 19.1902. Sida indica L. in Torner, Cent. pi. 2: 26.1756. Annual or perennial herbs or undershrubs, up to 3 m high; stems, petioles and pedicels densely or sparsely velutinous with minute stellate and simple hairs. Leaves ovate to suborbicular, cordate at base, acute or acuminate at apex; petioles 2 - 18 cm long, hairy. Flowers axillary, solitary; pedicels longer than petioles, jointed towards apex, accrescent and geniculate. Calyx 5 - 8 mm across. Corolla 1.5 - 2.5 cm in diam., yellow to orange; petals broadly obovate, truncate, rounded or emarginate at apex, ciliate at base. Staminal column 5 - 7 mm long, basal part conical, stellate-hairy, upper portion tubular, glabrous. Schizocarps 1.5 - 2.5 cm in diam., globular, flat or slightly indented at apex; mericarps 15 - 27, reniform, upper part with a short acute mucro, dorsally and ventrally stellate-hairy, laterally glabrous, smooth, blackish, 2 - 3-seeded. Seeds 2 - 3 mm in diam., reniform, minutely stellate-hairy or glabrescent, brownish black. KEY TO THE SUBSPECIES la. Calyx shorter than schizocarp, lobes spreading at maturity; mericarps shortly acuminate at apex b. Calyx about as long as schizocarp, lobes appressed; mericarps obtuse or rounded to acute at apex, with an erect acumen 2 2a. Leaves obtuse to acute or shortly acuminate at apex, coarsely stellate-hairy, mericarps long acute at apex, dorsally woolly 4.2. subsp. guineensis b. Leaves long acuminate at apex, velutinous by small stellate hairs; mericarps usually rounded or obtuse, 4.1. subsp. albescens var. australiense rarely long acute at apex, dorsally tomentose 4.3. subsp. indicum 4.1. subsp. albescens (Miq.) Borss. var. australiense Hochr. in Ann. Cons. Jard. Bot. Geneve 6: 20.1902; Chandrabose in Bull. Bot. Surv. India 12: 276.1970. Distrib. India: Andhra Pradesh. Malesia, Australia and New Caledonia. 1993] MALVACEAE 267 42. subsp. guineensis (Schumach.) Borss. in Blumea 14: 175.1966. Sida guineensis Schumach. Kongl. Danske Vidensk. Selsk. Skr. 4:81.1829. S. asiatica L. in Torner, Cent. Pi. 2: 26.1756. Abutilon asiaticum (L.) Sweet, Hort. Brit. ed. 1: 53.1826; Masters in Fl. Brit. India 1: 326.1874. Fl.&Fr. Oct.-Nov. Distrib. India: Central to S. India. Tropical Asia, Tropical Africa, Australia. 43. subsp. indicum Fl.&Fr. Sept.-April. Distrib. India: Throughout. Tropical and subtropical regions of the World. Notes. Leaves, bark, roots and seeds are medicinal. The medicinal importance of this plant is known among the local people since long it is referred in Ayurveda and Unani systems of medicine.",,,
"1. Moonia arnottiana Wight, Ic. PI. Ind. Or.  3(4): 9. t.  1105. 1846.  Chrysogonum",12,ambiguous,flowers white or creamy-yellow,WHITE,"arnottianum C.B. Clarke, Comp. Ind. 132. 1876; Hook.f., Fl. Brit. India 3: 303. 1881. Fig. 112. Undershrubs up to 2 m tall with woody, glabrous stem; younger parts hairy. Leaves pinnately compound, 10-15 cm long with 3-7 segments; segments lanceolate, toothed or serrate, glabrous on the upper surface, hairy along the veins on the lower surface; petioles 4-5 cm long. Heads terminal, 2.5-4 cm in diam; peduncles 1.5-2.5 cm long. Involucral bracts in two series; outer 6-7 mm long; inner 4-6 mm. Ray florets many, female, fertile; corolla white or creamy-yellow, 5-6 x 3-4 mm, tridentate, with dark coloured veins. Stigma bifid. Disc florets many, sterile; corolla tubular, 4-lobed, 3.5-4 mm long. Achenes black grey, obovoid, slightly compressed, glabrous. Fl. & Fr. March - Sep. Distrib. India: 1500 - 2100 m. Tamil Nadu. Sri Lanka.",,,
"2. Cleome spinosa  Jacq., PI. Carib. 26.1760.",2,ambiguous,flowers purple-pink or white,WHITE,"Herbs, annual or biennial, erect, 0.6 - 1.5 m high, divaricately branched, foetid, viscid; stems densely clothed with patent gland-tipped hairs, armed with minute prickles at base of leaves or unarmed. Leaves 5 - 7-foliolate; petioles of lower leaves usually longer than leaflets with 2 spiny stipules at base; leaflets oblong or lanceolate, acute, subentire to finely or slightly serrulate, 2 - 10 x 0.6 - 3 cm. Flowers large, ca 2 - 2.5 cm across, purple-pink or white, many in terminal racemes; pedicels long, shorter than gynophore, both elongated and thickened in fruit; bracts simple, ovate or oblong. Sepals reflexed during anthesis, 5 - 9 mm long. Petals long-clawed, 2 - 3.5 cm long; limb obovate, ca 1 cm broad with an equally long claw. Stamens 6; filaments much longer than petals, adnate to gynophore for 1 - 3 mm. Gynophore ca 4 cm long, about 6 - 8 cm in fruit. Capsules cylindric-linear, 3 - 8 cm long, 3 - 3.5 mm thick, on up to 7 cm long pedicels; seeds many, glabrous, smooth. Fl. & Fr. March - Dec. Distrib. India: West Bengal (Paria in Sci. & Cult. 46: 27 - 28.1980). Native of tropical S. America, cultivated as ornamental in many parts of S.E. Asia. Notes. Similar to C. speciosa Raf. but less graceful; commonly known as ""Spider Flower"".",,,
1973. Eng.:  Wild Radish;  Hindi:  Jungli-mooli.,2,ambiguous,"flowers white or yellow, brown-veined",WHITE,"Herbs, annual, 20 - 70 cm (-1 m) tall; taproot slender; stems erect, branched or simple, densely covered with coarse hairs at base, sparsely so above. Lower leaves lyrately pinnatisect, 15 - 20 x 1 - 2 cm; lateral lobes 4 - 7 pairs, rounded at base and apex, shallowly toothed along margins, terminal lobes broadly obovate, up to 5.5 cm long; upper leaves smaller, up to 10 cm long, oblong, pinnately lobed or toothed; uppermost smaller, simple, elliptic or oblanceolate, hirsute. Racemes many-flowered, up to 30 cm long in fruit; pedicels up to 2.5 cm long in fruit. Sepals oblong, subequal, 7 - 8 x 1.5 - 2 mm, inner pair somewhat saccate at base. Petals obovate, long-clawed, subemarginate at apex, 12 - 20 x 5 mm, white or yellow, brown-veined. Fruits cylindric, torulose, constricted between 3 - 8 seeds, 3 - 8 x 0.3 - 0.4 cm; beak slender, 1 - 3 cm long; valves hard, strongly veined, breaking into separate 1-seeded joints at maturity. Seeds ovoid or subglobose, 1.5 - 2.5 mm in diameter. Fl. & Fr. Jan. - June. Distrib. India: Weed around cultivated fields, roadsides and wastelands, 2000 - 2300 m. Sikkim. S.W. Asia, Europe and N. Africa. Introduced elsewhere. Notes. Roots and leaves are used as vegetable.",,,AUTO-FLAG: species_id looks garbled/non-taxonomic (genus token='Eng.:') - verify before labelling
"5. Hibiscus tiliaceus L., Sp. PI. 694.1753; Masters in Fl.  Brit. India  1: 343.1874.",3,ambiguous,"flowers yellow with dark purple and fleshy base, ultimately turning red",YELLOW,"Trees, up to 15 m tall; bark tough, fibrous. Leaves 3 - 20 x 1.5 - 20 cm, unlobed or 3 - 5-lobed, orbicular, deeply cordate, rounded or truncate at base, acute to acuminate at apex, entire or crenate, chartaceous to coriaceous, nectaries 1-5, linear on nerves beneath, petioles 1.5 -15 cm long; stipules ca 2 x 0.5 - 1 cm, ovate to oblong, caducous. Flowers solitary, axillary or in terminal racemes by reduction of upper leaves; pedicels 1 - 3 cm long. Epicalyx cupular, segments 7 - 10, deltoid, usually shorter than calyx, spreading and often splitting. Calyx campanulate, lobes 2 - 3 x 0.5 - 1 cm, each with 3 prominent veins and a nectary on the midvein outside. Petals obovate rounded, yellow with dark purple and fleshy base, ultimately turning red. Staminal column shorter than petals. Capsules 1 - 2 cm across, globose to ovoid with a short beak, sericeous or tomentose with simple and stellate hairs; pericarp thin; mesocarp fibrous; endocarp pergamentaceous. Seeds 5 - 8 in each locule, reniform, blackish brown, papillose. KEY TO THE SUBSPECIES la. Leaves 3 - 5-lobed, rounded or truncate at base b. Leaves unlobed, cordate at base 5.1 subsp. haslatus S.2 subsp. tiliaceus 5.1. subsp. hastatus (L. f.) Borss. in Blumea 14: 36. 1966. Hibiscus hastatus L. f., Suppl. PI. 310. 1781, non Cav. 1787. H. tricuspis Banks ex Cav., Diss. 3: 152, t. 55. f. 2. 1787; Masters in FI. Brit. India 1: 344.1874. Distrib. India: Andaman & Nicobar Islands, sometimes cultivated in gardens. 1993] MALVACEAE 323 Pacific Islands and Polynesia. 52. subsp. tiliaceus Beng. & Hindi: Bola; Mai.: Nirparathi; Mar.: Belapala; Or.: Baria; Tel.: Etagogu. FI.& Fr. Throughout the year. Distrib. India: Throughout coastal areas, sometimes planted in interior areas. Throughout tropics and subtropics of the world. Notes. Bark yields dark fibres which are used locally for ropes and cordages. The fibres are more resistant to water thanjute and sunhemp. Bark, roots, leaves and flowers are reported to have medicinal properties. S e c t i o n 2 . F U R C A R I A DC.",,,
"2. Dysoxylum andamanicum  King in J. Asiat. Soc. Bengal Pt. 2, Nat. Hist. 64: 49.",4,ambiguous,flowers pale yellow or cream-coloured,YELLOW,"1895; C.E. Parkinson,Forest Fl. Andaman. Id. 120. 1923. Tree, to 10 m tall. Leaves 15 - 25 cm long; leaflets 5 - 9 , alternate, oblong to ovate, 7.5 - 12.5 x 4 - 5 cm, membranous, glabrous; secondary nerves 6 - 10 on each side; 1997] M E L I A C E A E 485 petiolules ca 7 mm long. Spikes 2.5 - 5 cm long, few-flowered, puberulous. Flowers pale yellow or cream-coloured; pedicels ca 7 mm long, puberulous. Calyx shallow, glabrous, minutely 4-toothed. Petals 4, oblong, subacute, convex at apex, much longer than calyx, reflexed, puberulous outside, imbricate. Staminal tube cylindric, slightly inflated near base, shorter than petals, terminated by 9 - 10 teeth, slightly puberulous; anthers 8 - 10, alternate with teeth, ovate,partly exserted. Disk annular, shorter than and connate with ovary at its base, fleshy. Ovary conical, crenulate, densely white-pubescent; style stout; stigma with an annulus at base, discoid, included. Capsules globose, depressed, ob- scurely 3-grooved, ca 3.5 cm; seeds 2 or 3, elliptic. Fl. & Fr. Jan. Distrib. India: Andaman Islands.",,,
"4. Aconitum chasmanthum Stapf ex Holmes, Mus. Rep. Pharm. Soc. Gr. Brit. 2.",1,ambiguous,"flowers pale blue, often variegated with white",WHITE,"1903; Stapf in Ann. R. Bot. Gard. Calc. 10:142 -144, t. 96.1905. Herbs, biennial; roots tuberous, paired, 3 - 5 cm long; stems 60 -120 cm high, erect, stout, simple below, glabrous or hairy. Leaves many, basal ones long-petioled, upper ones short-petioled; petioles up to 7.5 cm long; lamina orbicular or reniform, 4 - 6 x 5 - 9 cm, palmately tripartite to the base; lobes more or less laciniate. Inflorescence a stiff dense raceme, up to 30 cm long, pubescent. Flowers ca 2.5 cm long, pale blue, often vareigated with white; pedicels slender, adpressed to rachis when mature; bracteoles linear. Sepals blue or bluish white, glabrous; uppermost sepal helmet-shaped, ca 2 cm long, glabrous or slightly hairy; upper lateral sepals suborbicular; lower lateral sepals elliptic or oblong. Petals glabrous. Filaments glabrous or hairy on upper part, winged below; anthers brownish black. Carpels 5, glabrous. Follicles 5, free, oblong, glabrous or hairy. Seeds 3-winged. FL&Fr. July-Sept. Distrib. India: Alpine meadows of N. W. Himalayas. Jammu & Kashmir and Himachal Pradesh (inner valleys of Lahul and Sipti). Pakistan. Notes. The tubers contain a very poisonous alkaloid, indaconitine, a valuable drug for medicinal purposes. They are said to yield 4.25 to 4.5 % of the total alkaloid (Coventry, Wild FI. Kashmir 19.1930). This species belongs to the species aggregate described by Hook. f. & Thomson (in FI. Brit. India 1: 29.1872) under the name A. napellus (non L.). It has been stated that it is at times difficult to separate this species from A violaceum var. robustum Stapf.",,,
"2. Garuga pinnata Roxb., PI. Coromandel 3:5. t. 208.1811; A.W. Bennett in Hook.",4,ambiguous,flowers cream-coloured or pale yellow,YELLOW,"f.,Fl. Brit. India 1:528.1875. Asm.: Kechkechi, Pani-amora; Beng.: loom, Jum, Kharpat, Tinn; Guj.: Khusimb; Hindi: Ghogar, Kaikar, Kharpat; Kan.: Aranelli,Biligadde,Dodda dumpli, Godda, Hala- balagi, Kater-Kalesjam; Kh.: Dieng-Sohpyjiar-Synrang, Dieng-Soh-Khmut; Mai.: Kare- gam, Kattukalinjam, Kosramba; Mar.: Kudak; Nep.: A ule dabadabe, Dab dabi, Maldit; Or.:Armu,Mohi,Sompotri;Tarn.: Katre-vembu,Kamvilangam;Tel.: Garuga, Gamogoo, Garugudu, Kondavepa. Trees, up to 30 m high; bark white, grey or brown; branchlets pubescent. Leaves up to 42 cm long; stipules falcate; leaflets 11-17, variable in size, ovate-obovate, elliptic or 1997] BURSERACEAE 449 Fig. 110. Garuga floribunda Decne. var. gamblei (King exW. Smith) Kalkman : habit. 450 FLORA OF INDIA [VOL.4 oblong-lanceolate, 2.8 - 14.2 x 1.5 - 5.9 cm, chartaceous, puberulous, oblique at base, subentire or serrate-crenate along margins, acute-acuminate at apex. Leaf-galls copi- ous. Panicles up to 30 cm long, tomentose; peduncles 2 - 6 cm long, stout; bracts linear, ca 2 mm long, caducous. Flowers cream-coloured or pale yellow. Calyx tube broadly campanulate, 3 - 8 mm long; lobes ovate-oblong, densely tomentose. Petals oblong- lanceolate, 5 - 8 x 1.5 - 2 mm, tomentose, thickened and inflexed at apex. Stamens 3 - 3.5 mm long, inserted on calyx tube; filaments pubescent. Disk crenate, yellow. Ovary globose, pilose; style pilose; stigma 5-lobed. Drupes oblong or irregularly globose, 1.5 - 2 cm across, fleshy, pale yellow; pyrenes 2 or 3; 1-seeded; seed with a membranous wing. Fl. Jan. - May; Fr. March - Aug., Oct. - Dec. Distrib. India: throughout, in deciduous forests at altitudes 150-900 m. Bangladesh, Myanmar, S. China, S.E. Continental Asia, Malesia, Philippines, Viet- nam and Thailand. Uses. Fruits are edible, used in preparing pickles. The bark and leaf galls are used for tanning. The juice of leaf is given for asthma. The timber is used for planking, canoes, boxes, drums, furniture, cabinet work, house building, for commercial and tea chest plywood, match splints and cheap pencils; also used for brown wrapping paper. Leaves and shoots are used as fodder. The tree is used in afforestation.",,,
"1929. B. dioica auct. non R.Br. ex Royle, 1839: sensu Gamble, l. c. 1263. 1925 (repr. ed. 2: 885.",23,ambiguous,female flowers: bright red or purple,RED,"1957). Plants dioecious (inflorescences unisexual), yellow to orange-yellow or pink, 2 - 26 cm high; tubers single or sometimes branched from base, subspherical to cylindrical, 5 - 25 cm wide; stems elongated, covered by scaly leaves. Leaves 10 - 27, spirally arranged, closely imbricate, elliptic, ovate to suborbicular, slightly cucullate, broad at base, obtuse or truncate at apex, 2.5 - 3.5 x 1.5 - 2 cm, golden yellow, purple or orange, glabrous. Male flowers: spadices ovoid, obovoid to ellipsoid or cylindric, 2 - 7 (- 10) x 2 - 6 (- 7) cm, fleshy; flowers (3 -) 4 - 5 (- 6)- merous, actinomorphic; bracts one for each flower, 5 or 6-angular, truncate, ca 5 x 4 mm; pedicels 7 - 22 x 2 - 4 mm; sepals 4 or 5, oblong-elliptic, cucullate, 7 - 10 x 2.5 - 4 mm, fleshy; synandrium slightly compressed, obconical, oblong-elliptic, 16 - 22-ridged, 2.5 - 7 x 2 - 4 mm; anthers (3 -) 4 - 5 (- 6), horseshoe-shaped; pollen grains 3-porate, spheroidal, triangular with semicircular curved aperture membranes in polar view, 10 - 22 ìm in diam. Female flowers: spadices subglobose, depressed, ellipsoid or obovoid, 1 - 7 x 1 - 5 (- 8) cm, bright red or purple; flowers on main axis of spadices as well as on cylindrical spadicles; cuticular ridges all over the surface; perianth absent; largest flowers with pistils 1500 - 1900 μm long; carpels 250 - 500 μm long, 150 - 350 μm wide. India, Thailand, Indo-china, Hainan, Malaya, Sumatra, Pacific Islands and Australia (Queensland), 5 varieties; 4 in India. KEY TO THE VARIETIES 1 a. Tubers consisting of elongated cylindrical repeatedly branching parts from an entangled mass; single tubers cylindrical, 9 - 13 mm long; leaves 1.2 - 1.7 cm long, 0.8 - 1.1 cm wide; pedicels 5.3. var. minor 5 - 8 mm long b. Tubers in a mass apparently shortly branched from one point; single tubers subspherical, 0.5 2 - 10 cm across; leaves 2 - 3 cm long, 1.5 - 2 cm wide; pedicels 7 - 10 mm long 2 a. Single tubers up to 6 cm long and wide; leaves up to 3 cm long and 2 cm wide; female spadices oblong, obovoid to ellipsoid, 2 - 6 cm long, 1 - 4 cm wide; synandrium up to 2 mm wide 5.2. var. indica b. Single tubers up to 10 cm long and wide; leaves up to 5 cm long and 3 cm wide; female spadices 3 globose or subglobose, 4 - 5 cm across; synandrium up to 4 mm wide 3 a. Plants 9 - 13 cm high; leaves broadly elliptic to oblong-lanceolate, up to 5 cm long; number of leaves 10 - 20; male spadices up to 3.5 x 4.5 cm; male bracts 5-angled, 3 - 4 x ca 3 mm 5.1. var. agastyamalayana 7 6 FLORA OF INDIA [VOL. 23 b. Plants 20 - 26 cm high; leaves suborbicular to orbicular, up to 3 cm long; number of 21 - 27; male spadices up to 14 x 7.5 cm; male bracts 6-angled, 7.5 - 13 x 5 - 8 mm leaves 5.4. var. tirunelveliensis 5.1. var. agastyamalayana M.B.Viswan., Prem Kumar & N. Ramesh in Rheedea 10: 121. f. 1. 2000. Fl. Jan. - May. Distrib. India: Evergreen tropical to subtropical forests of southern Western Ghats, at about 1200 m altitude. Tamil Nadu. Endemic. Notes. Parasitic on roots of Euonymus dichotomus. 5.2. var. indica Fl. & Fr. Oct. - Feb. Distrib. India: Evergreen subtropical forests, in shaded forest floors, between 500 - 2500 m; NE. India and W. Ghats of Peninsular India. Assam, Manipur, Andhra Pradesh, Mahara-shtra, Karnataka, Kerala and Tamil Nadu. Sri Lanka, Bangladesh, Myanmar, SW. China, Vietnam, Laos, Thailand, Malaysia, Indonesia, Philippines, Australia and Pacific Islands. 5.3. var. minor Eichler in DC., Prodr. 17: 145. 1873. Balanophora fungosa ssp. indica var. minor (Eichler) Hansen in Dansk Bot. Ark. 28: 106, f.22. 1972. Fl. & Fr. Dec. - Jan. Distrib. India: Evergreen subtropical forests, 1500 2000 m. Tamil Nadu. Thailand. Notes. Parasitic on roots of Litsea sp., Millettia sp., Pithecellobium sp., etc. 5.4. var. tirunelveliensis M.B.Viswan., Prem Kumar & N. Ramesh in Rheedea 10: 123, f. 2.",,,"AUTO-FLAG: abbreviated genus ('B.') - this is likely a duplicate identification-key stub, not the real species treatment; the full name may appear elsewhere in the volume"
121. Impatiens modesta Wight in Madras J. Lit. Sci.ser.  1.5:  13.1837&  Icon.3(3):,4,ambiguous,flowers pinkish or white,WHITE,"6. t. 968. 1845; Hook, f., Fl. Brit. India 1: 442.1874. Herbs, perennial, 8 - 30 cm high, epiphytic; rootstock tuberous. Leaves radical, ovate-cordate or suborbicular, acute, crenate-serrate, 2.5 - 1 4 x 2 - 9 cm, sparsely hairy above, glabrous and pale shining-glaucous beneath. Scape slender, erect, 10 - 20 cm long; bracts subulate, lanceolate, thickened at tips. Flowers pinkish or white ca 1 cm across in 2 - 5 cm long racemes; pedicels filiform. Upper sepals broad, obovate or suborbicular, lateral ones narrowly lanceolate or subulate, incumbent on upper. Lip 1997] B A L S A M I N A C E A E 183 horter than petals. Standard short, broader than long, entire. Wings 3-lobed; lobes ubequal, obtuse; spur short, obtuse, straight. Capsules ellipsoid, 4 - 6 mm long, acute at both ends, glabrous; seeds minute with spiral hairs. Fl&Fr. April-Sept. Distrib. India: Succulent epiphytes on moss cushions or lithophytes in damp shady woods at an altitude of 800 - 2000 m in Southern W. Ghats. Tamil Nadu and Kerala. Endemic. Chmmosomeno. n = 8,9,16 (Bhaskar, V.in Taxon 25 (1): 155.1976).",,,
"2. Hydnocarpus kurzii  (King) Warb. in Engler  & Prantl, Pflanzenfam.  3, 60: 21. f.",2,ambiguous,flowers pale yellow,YELLOW,"M-N. (fig- erroneo sub Gynocardia odorata). 1893; Kanjilal et al., Fl. Assam 1: 87.1934. Taraktogenos kurzii King in J. Asiat. Soc. Bengal 59(2): 123.1890. Ass.: Lantern; Beng.: Chaulamugra, Dalmungri; Garo: Bilibu; Kh.: Dieng-soh- lap; Lus.: Malta; Man.: Chalmugra, Uthou; Nep.: Bandre; Tipp.: Matta. Trees, 10 - 20 (-30) m tall, with narrow crown and hanging branches; bark plain grey, brown or almost black outside, often with white patches, yellow or yellowish brown inside; branchlets tawny tomentose, soon glabrescent. Leaves bifarious, variable, lan- ceolate, oblong-lanceolate, elliptic-oblong, obovate-oblong or even elliptic, usually cuneate, rarely rounded and somewhat inequilateral at base, obtusely short or abruptly long acuminate, or even obtuse at apex, entire, 9 - 25 (-30) x 3 - 7 (-10) cm, membranous and minutely appressed pubescent when young, soon glabrescent; secondary veins 7 - 9 pairs; petioles swollen and slightly geniculate at upper end, 1 - 3 cm long. Male flowers 8 -12 mm across, pale yellow, 3-5 each in two compact fascicles atop a common peduncle 7 -15 mm long; peduncles 2 - 3 mm long, pedicels 7 -10 mm long, all strigosely fulvous tomentose. Sepals ovate-orbicular, concave, ca 5 x 4 mm, fulvous tomentose. Petals broadly ovate to ovate-orbicular, cuneate at base, ciliate along margins, ca 4 mm long; epipetalous scales obovate, densely white pilose at apex. Stamens (15-) 20 - 30; fiaments ca 4 mm long, densely pilose. Female flowers 2 - 5 in a compact fascicle atop a ca 5 mm long peduncle, rarely solitary by abortion; pedicels ca 12 mm long, strigosely fulvous tomentose. Sepals and petals often fewer than in male flowers. Staminodes 10 - 16. Ovary ovoid, obscurely 6 - 7-ribbed, densely fulvous tomentose, with 4 parietal placentae; stigmas 4. Berries globose, somewhat protruded at apex, 8 - 10 cm across; pericarp reddish brown, velvety tomentose, afterwards scurfy. Seeds 12 - 18, tightly packed in fruit, angular-ovoid, 2.2 - 3.2 x 1.6 - 2 cm. Fl. Feb. - April (Nov.), probably throughout the year in flashes; fruiting afterwards. Distrib. India: Evergreen rain forests. Upper Assam, Manipur, Mizoram and Tripura. Bangladesh and Myanmar. Notes. The seeds of this tree yield the proper Chaulmugra oil, much used for all cutaneous complaints.",,,
8. Abelmoschus  Medikus,3,ambiguous,"corolla large, mostly yellow with a dark purple centre, sometimes creamy white or pink",WHITE,"Herbs, undershrubs or trees, often prickly hairy. Leaves palmilobed to-parted, often hastate or sagittate or with pennilobed to -parted segments, rarely entire, extra- floral nectaries absent. Flowers solitary, axillary or in terminal racemes by reduction of upper leaves; pedicels inarticulate. Epicalyx segments 4 -16, usually free, rarely connate at base, persistent or caducous. Calyx spathaceous, lobed or toothed at tip, split to the base on one side, adnate and falling with corolla. Corolla large, mostly yellow with a dark purple centre, sometimes creamy white or pink. Staminal column included, antheriferous throughout. Ovary 5-locular, many-ovuled; style 1, distally 5-branched; 1993 ] MALVACEAE 301 stigmas discoid. Capsules ovoid to oblong or cylindric, beaked or mucronate, loculici- dally dehiscent with longitudinal slits towards base. Seeds many in each locule, reniform. Throughout tropical, subtropical and temperate regions of the old world, chiefly in southeast Asia, ca 15 species; 6 in India. KEY TO THE SPECIES la. Epicalyx segments 6 -16, linear to lanceolate, caducous after dehiscence of the capsule 2 b. Epicalyx segments 4 - 6 , ovate, caducous after dehiscence of the capsule, if linear to lanceolate, then ca- ducous before anthesis 5 2a. Capsules not exceeding epicalyx; epicalyx segments 10 -16, 2 - 5 cm long",,,"AUTO-FLAG: possible genus-level header (epithet token='Medikus', not lowercase) - likely describes the whole genus, not one species"
"5. Lactuca  rapunculoides  (DC.) C.B.  Clarke,  Comp. Ind. 268.  1876; HookX,  Fl.",12,ambiguous,white or purple,WHITE,"Brit. India 3: 407. 1881. Mulgedium rapunculoides D C , Prodr. 7: 249. 1838. Herbs, biennial or perennial; stems 50-100 cm high, erect, leafy, paniculately branched above. Leaves cordate or deltoid with incurved margins, hastate, 6-15 x 3-7 cm, finely membranous; upper middle with very broad, winged petiole; uppermost leaves ovate or lanceolate. Inflorescence a terminal panicle; peduncles drooping. Heads 1.5-1-7 x 0.3-0.4 cm, 8-15 flowered. Outer involucral bracts ovate or lanceolate, 3-4 x 0.5-1 mm, unequal; inner linear-oblong or linear-lanceolate, 15-18 x 1.5-2.5 mm. Ligules 1995] ASTERACEAE 293 5mm 3cm 4 W Q 1mm W- 72. Lactuca kashmiriana Mamgain & Rao : a. Habit; b. & c. Achenes; d. Inner bract. 294 FLORA OF INDIA • [VOL. 12 4mm 4mm 2mm Fig. 73. Lactuca lahulensis Mamgain & Rao : a. Habit; b. Achene; c. Outer bract; d. Inner bract. 1995] ASTERACEAE 295 white or purple. Anthers pinkish. Stigma pinkish. Achenes elongate, fusiform, 10-12 mm, slightly compressed, narrowed at both ends, smooth, with long, slender, brown beak. Pappus dirty white, 7-9 mm. Fl. & Fr. Sept. - Nov. Distrib. India: W. Himalayas, on open shady slopes in high elevation, 3000-4500 m. Jammu & Kashmir and Himachal Pradesh. Nepal and Pakistan. Sect. 6. PHAENKOPUS Cass. KEY TO THE SPECIES la. Stems much branched, bushy, conspicuously cottony woolly in the axils of lower leaves; achenes yellowish with much shorter beak",,,
7. Grewia denticulate Wallich  ex Prain  in Ann.  Roy. Bot. Gard.  Calc. 9: 10. t. 12.,3,ambiguous,flowers white or pale yellow,WHITE,"1901; Kanjilal et al, Fl. Assam 1: 167.1934. G. nagensium Prain in J. Asiat. Soc. Beng. 69:168.1900. Small trees or straggling shrubs. Leaves 10 - 18 x 3 - 8 cm, ovate-lanceolate or oblong-lanceolate, rounded at base, acuminate at apex, serrate, sparsely pubescent above, densely pubescent beneath, 3-nerved; petioles up to 6 mm long. Flowers in axillary or leaf-opposed umbellate cymes; peduncles up to 2.5 cm long; buds oblong, tomentose; pedicels up to 2 cm long. Sepals ca 1.2 cm long, lanceolate, tomentose. Petals white or pale yellow, ca 5 mm long, ovate; glands ca 2.5 mm long. Androgyno- phore appressed- villous. Ovary ca 2 mm across, subglobose, pubescent; stigma lobed. Drupes 8-16 mm across, subglobose or distinctly 2-lobed, rugose, stellate-hispid. Fl. May - Sept.; Fr. Dec. - Feb. Distrib. India: Arunachal Pradesh, Assam and Nagaland. Myanmar.",,,
7. Thesium  L.,23,ambiguous,flowers white or yellowish green,WHITE,"Annual or perennial herbs or rarely shrubs, often root parasites on grasses, decumbent or erect, slender with woody base, evergreen, often hemi-parasites on roots. Leaves alternate, usually sessile, linear or scale-like, 1 – 3-nerved; lateral nerves indistinct. Inflorescences apparently terminal, dichotomous racemes, often paniculate, rarely cymose or axillary, solitary. Flowers: bisexual, minute, white or yellowish green, with a slender pedicel bearing a linear leaf- like bract and 2 bracteoles; perianth campanulate or infundibuliform; perianth-tube cylindrical, tubular or funnel-shaped, adnate to ovary at basal part; perianth-limb divided above into 5 or rarely 4 linear-acute valvate lobes; each lobe hooded at apex; stamens 5 (or 4), inserted at the base of the perianth-lobes; filaments inserted; disc inconspicuous, connate to the base of perianth-tube; ovary inferior, sessile or slightly stalked; ovules 2 or 3, pendulous from a basal free, often flexuous or crumpled column; style short or long; stigma capitate or 3-lobulate. Fruit a small nut, often weakly ribbed, bearing remnants of perianth; exocarp dry, membranous, rarely fleshy; endocarp bony, slightly ridged; endosperm fleshy; embryo terete, straight or oblique; cotyledons small; radicle as long as or longer than the cotyledons. Temperate and subtropical regions of Old World, many in Africa, ca 325 species; 5 species in India. KEY TO THE SPECIES 1 a. Flowers sessile b. Flowers pedicellate 2 3 2 a. Plants non-parasitic; taproot system distinct, not stoloniferous b. Plants parasitic; taproot system indistinct, stoloniferous",,,"AUTO-FLAG: possible genus-level header (epithet token='L.', not lowercase) - likely describes the whole genus, not one species"
"24. Clematis roylei Rehder in J. Am. Arb. 22:575.1941. C. nutans  Royle, Illus. B ot",1,ambiguous,flowers cream-white or pale yellow,WHITE,"Himal. 51.1834; Hook.f. & Thomson in Fl. Brit. India 1:5.1872 (non Crantz 1763). Climbing shrubs; branches villous or sparsely so. Leaves pinnately 3 - 5-foliobte, 2-pinnate or decompound, 10 - 20 cm long; leaflets ovate-lanceolate or ovate-elliptic, rounded or oblique at base, entire or crenate or serrate-dentate along margins, acute to acuminate and simple or deft at apex, 2 -14 x 1 - 9 cm, hairy on both surfaces; petioles twining. Inflorescences axillary, 3 to many-flowered, pubescent panicles; pedicels up to 3 cm long. Flowers cream-white or pale yellow, 4 - 8 cm in diam. Sepals 4 - 5, erect or spreading, broadly oblong, recurved or revolute at tips, villous outside with tomentose 1993] RANUNCULACEAE 75 margins, glabrous inside, Filaments linear, 1.5 2 cm long, hairy towards base only; anthers mucronate; connectives not much produced. Achenes ovoid-ellipsoid, com­ pressed, silky hairy with 2 - 2.5 cm long feathery tails. India and Nepal. KEY TO THE VARIETIES la. Leaves normally 5-foliolate, veiy rarely 3-foliolate; sepals spreading b. Leaves usually 3-foliolate, rarely 5-foliolate; sepals erect or suberect 24.1. var. patens 24.2. var. roylel 24.1. var. patens (Haines) Kapoor in Bull. Natl. Bot. Gard. Lucknow 124:64.1966. C. nutans Royle var. patens Haines, For. FI. Chotanagpur 140.1910. FI. Nov.-Dec. Distrib. India: Bihar (Singhbum) Endemic and rare, known only from type locality. 242 . var. roylei Hindi: Nakchikni (Dehra Dun); Sant.: Bonga-khanti. FI. Sept. - Feb.; Fr. Dec. - April. Distrib. India: Shaded places in forests along banks of rivers or streams, 500 - 2200 m. Himachal Pradesh, Uttar Pradesh, Bihar, Madhya Pradesh, Orissa and Andhra Pradesh. Nepal.",,,
"1. Brucea javanica (L.) Merr. in J. Am. Arb. 9:3.1928; Nooteb. in Steenis, Fl. Males,",4,ambiguous,flowers reddish or greenish-red or purple,RED,"ser. 1.6: 211.1962. Rhus javanica L., Sp. PI. 265. 1753. Brucea sumatrana Roxb., Hort. Beng. 12.1814; A.W. Bennett in Hook, f., Fl. Brit. India 1: 521.1875. Evergreen, foetid shrubs or small trees, 1 - 6 m high, often epiphytic; branchlets stout, tomentose. Leaves 2 5 - 5 0 cm long; petioles 6 - 1 5 cm long; leaflets 3 - 15, ovate-oblong to ovate-lanceolate, acute or obtuse at base, acuminate at apex, 4 -14 x 2 - 5.5 cm, densely yellowish-pubescent beneath, sparsely hairy above, sometimes glabrous; petiolules slender. Flowers (reddish or greenish-red or purple) in axillary pubescent panicle of cymes. Panicles, 15 - 30 cm long; bracts deltoid, minute. Male flowers with slender pedicels. Sepals 1 -2 mm long, pubescent. Petals linear-spathulate, 1-2 mm long, sparsely pubescent or glabrous; filaments subulate. Female flowers with pedicels up to 2.5 mm long. Sepals and petals as in male flowers. Stigma free, ca 1 mm long. Nuts 1-4, ovoid, somewhat compressed, ridged, 4 - 5 x 2.5 - 3.5 mm, glabrous, black; stone reticulate. Fl. Jan. - July; Fr. July - Nov. 1997] SrMARUUBACEAE 415 Distrib. India: Arunachal Pradesh, Assam, Nagaland, Meghalaya, Kerala and An- daman Islands. Asia and Australia. Uses. Plant astringent; seeds used in amoebic dysentery.",,,
"6. Dianthus deltoides  L., Sp. PI. 411.1753; Edgew. & Hook. f. in Fl. Brit. India 1:",2,ambiguous,"petals pale flesh-coloured to rose-purple, rarely white",WHITE,"214.1874. Herbs, caespitose, scabro-puberulent; stems slender, ca 25 cm high, terete, forked. Radical leaves oblanceolate; cauline ones linear-lanceolate, acute at apex, up to 1.2 cm long, 3-nerved. Flowers ca 1.8 cm across, shortly pedicellate, fragrant; bracteoles 2 (-4), ovate, acute, spreading, coriaceous, scarious-margined. Calyx slender; teeth lanceolate, acuminate, scarious-winged, 7-nerved, often dark-coloured. Petals pale flesh-coloured to rose-purple, rarely white; limb obovate, ca 7 cm long. Anthers oblong, purple. Capsules cylindrical; seeds smooth, reticulate. Fl. July - Aug. Distrib. India: Jammu & Kashmir (Ladakh). China (Tibet), Japan, Russia and Europe. 1993 ] CARYOPHYLLACEAE 531",,,
23. Zanthoxylum  L.,4,no_mention,no flower colour mentioned,UNKNOWN,"Shrubs, scandent, climbing, or erect or trees; evergreen or deciduous, dioecious or monoecious, aromatic, often armed with prickles which are borne on elevated, conical or pyramidal, corky protruberances. Leaves alternate, trifoliolate to imparipinate or paripinnate; petiole and rachis winged or not; leaflets 3 - 33, subsessile to shortly petiolulate, opposite to alternate, often asymmetric, entire to glandular-serrate. Inflo- rescence terminal and/or axillary, racemose, cymose or paniculate. Flowers smalLj, unisexual or rarely bisexual. Perianth of 4 to 8, irregularly uniseriate, undifferentiated segments or biseriate with 4 or 5 outer sepals and 4 or 5 inner petals. Stamens 3 - 5 (-8), free, alternate with petals, in carpellate flowers reduced to staminodes or absent. Disk flat to pulvinate or obscure. Gynoecium of 1 - 4, sessile or stipitate, distinct or only partially united carpels, in staminate flowers rudimentary or absent. Ovary 1-locular, each with 2 collateral pendulous ovules; styles coherent to divergent; stigma capitate, distinct or coherent. Fruits of 1 to 4, distinct or partially coherent 1-seeded 2-valved follicles, exocarp firm or fleshy, glandular-punctate, or pustular, red or black, endocarp cartilaginous, straw coloured, detached or adherent; seeds ovoid to subglobose, black or reddish, shiny, testa crustaceous, often hanging from opened follicle by a funiculus on maturity, endosperm fleshy. Pantropical with some species rarely extending to temperate zones of E. Asia and one in N. America, ca 220 species, 12 in India. Literature. BABU,CR.(1974) 1977.The genus Zanthoxylum Linn. (Rutaceae) in India. Bull.Bot. Surv. India 16:48-71. BRIZICKY,GK. (1962).Taxonomic and Nomenclatural notes on Zanthoxylum and Glycosmis (Rutaceae). J. Arn.Arb.43: 80-93. FOSBERG.F.R. (1958) ""Zanthoxylum""L., ""Xanthoxylum"" Mill, and Thylax"" Raf. Taxon 7: 94-96. FOSBERG, F i t . (1959) Typification of Zanthoxylum. Taxon 8: 103-105. HARTLEY, T.G. (1966) A revision of the Malesian species of Zanthoxylum (Rutaceae). J. Arn. Arb.47: 171-211. Notes. The taxonomic delimitation and nomenclature of Zanthoxylum L., sensu stricto (with an undifferentiated uniseriate perianth) and its segregate Fagara L. (with biseriate, differentiated perianth) has been a subject of much controversy among earlier taxonomists. Brizicky (1962) based on his observations on species with perianth struc- ture as transitional to Fagara type proposed that simple perianth of Zanthoxylum was 1997] RUTACEAE 377 most likely a secondary condition derived by reduction from that of Fagara type due to abortion of some or all sepals. He considered Fagara as a subgenus under Zanthoxylum. Hartley (1966) while revising Malesian species of Zanthoxylum demonstrated what was called 'a complete transition between Fagara and Zanthoxylum types of perianth' in three staminate specimens of Zanthoxylum dlmorphophyllum from China. He, there- fore, united both Zanthoxylum and Fagara under one genus. This view was endorsed by Babu (1974) who revised the genus in Indian region, with 13 species including 3 new species viz. Z. burkillianum (from Abor hills (Arunachal Pradesh), Z.pseudoxyphyllum (Manipur) and Z. nepalensis (Nepal). KEY TO THE SPECIES la. Petiole and rachis narrowto broadly winged; perianth of uniseriate or irregularly biseriate 4 - 8,undif- 2 ferentiated segments b. Petiole and rachis wingless; perianth of biseriate, 4 or 5 sepals and 4 or 5 petals 3 dary nerves of leaflet sup to 30 pairs, prominent 2a. Branchlets ferruginous-pubescent; inflorescence in leaf axils, short, glomerate, paniculate cymes; secon-",,,"AUTO-FLAG: possible genus-level header (epithet token='L.', not lowercase) - likely describes the whole genus, not one species"
5. Ampelocissus  indica  (L.)  Planchon  in J. Vigne Amer.  8: 375.  1884;,5,no_mention,no flower colour mentioned,UNKNOWN,"Shetty & P. Singh in Taxon 37: 169. 1988. Vitis indica L., Sp. PI. 202. 1753; M. Lawson in Fl. Brit. India 1: 653. 1875. Ampelocissus arnottiana Fig. 57. Planchon in DC. Monogr. Phan. 5: 379. 1887. Kan.: Huttige balli, Palkanda; Mai.: Chembravalli; Tarn.: Sambravalli. Slender climbing shrubs; branches terete striate, ferruginous-woolly. Leaves simple, broadly ovate, sometimes angled, 10-30 x 8-20 cm, acuminate at apex, cordate at base, dentate-serrate at margins with the teeth hardened at tip, coriaceous, glabrescent above, ferruginous tomentose beneath; petioles 2-8 cm long. Inflorescences dense racemes of umbels, 3-5 x 1 cm, peduncles up to 9 cm long; tendrils simple, ca 10 cm long; primary branch of inflorescence ca 1 cm long. Flowers ca 2 mm long, reddish brown; pedicels ca 2 mm long. Calyx saucer-shaped, truncate, glabrous. Petals incurved at apex, ca 2 mm long, glabrous. Stamens ca 1 mm long. Disc elongate, covering most of ovary, 5-furrowed. Ovary ca 1 mm across, glabrous; stigma sessile, concave. Berries globose, ca 1 cm across. Seeds suborbicular in outline, ca 1 x 5.5 mm, mucronate at base; adaxial surface with a longitudinal ridge and a broad groove on either side; abaxial surface with an elliptic chalazal knot from which very fine fissures radiate towards margin. Fl. & Fr. : June - Feb. Distrib. India : Evergreen forests of western Ghats from Konkan southwards. Goa, Karnataka, Tamil Nadu and Kerala. 2000] VITACEAE 255 5cm \ V V w ^ > Fig. 57. Ampelocissus indica (L.) Planchon: a. Habit; b. A flower bud; c. Petals; d. Gynoecium; e. Seed, adaxial surface; f. Seed, abaxial surface. 256 FLORA OF INDIA [VOL. 5 Sri Lanka. Note. Chromosome Number 2n=40 [Vatsala, P. in La Cellule (Louvain) 61: 193-205. 1960-sub ""Ampelopcissus arnottiana""]. Uses. The juice of the roots mixed with coconut kernel is employed as a laxative and blood purifier; it is also considered an alterative and diuretic. The juice of the roots mixed with oil is used in eye diseases and mixed with coconut milk is applied to ulcers. Fruits are said to be sweet and palatable.",,,
"1. Byrsonima  crassifolia  (L.)  H.B.K.,  Nov. Gen.  Sp. PI. 5:  114.  1822.  Malpighia",4,no_mention,no flower colour mentioned,UNKNOWN,"crassifolia L., Sp. PI. 425. 1753. Trees. Leaves ovate, acute or somewhat obtusely acute at base, obtusely acute or shortly acuminate at apex, revolute along margins, 9-11 x 4-6 cm, glabrate above, sub-velutinous or partly glabrate beneath, velutinous on nerves, densely so on mid- nerve; petioles 1-25 cm long; stipules ovate, 3-5 mm long. Racemes elongate, many- flowered, 4-14 cm long; velutinous, pedicels 8-13 mm long, densely appressed brown-hairy; bracts ovate, 2-5 mm long. Flowers 1.5-2 cm across; buds ovoid, ca 5 x 3 mm across. Calyx-lobes ovate, 2-3 x \5-25 mm, glandular. Petals 4-5 x 5-9 mm, suborbicular. Filaments 2.5-3 cm long, pilose; anthers linear or oblong, 2.5-3.5 mm long. Ovary often glabrous. Drupes globose, 5-7 mm. Fl. & Fr. May. Cultivated in Uttar Pradesh and W. Bengal. Tropical America. 2.Byrsonimalucida (Miller) L.C. Rich.in A.L. Juss., Ann. Mus.Hist. Nat. 18:481.",,,
"7. Drypetes gardneri (Thwaites) Pax & K.Hoffm. in Engl., Pflanzenr. IV.147.xv (heft 81):",23,no_mention,no flower colour mentioned,UNKNOWN,"270. 1922; Chakrab. et al. in J. Econ. Taxon. Bot. 21: 264. 1997. Hemicyclia gardneri Thwaites in Hooker’s J. Bot. Kew Gard. Misc. 7: 271. 1855 & Enum. Pl. Zeyl. 287. 1861; Hook.f., Fl. Brit. India 5: 338. 1887. H. travancorica Bourd., Forest Trees Travancore 329. 1908; Gamble, Fl. Madras 2(7): 1300. 1925 (repr. ed. 2: 910. 1957). Drypetes travancorica (Bourd.) S.K.Jain ex Santapau in Indian Forester 92: 643. 1966. Mal.: Vellei-pillai. Trees, up to 18 m tall; branchlets tomentellous to thinly puberulous, glabrous in age. Leaves elliptic to oblong-elliptic or ovate-lanceolate, unequal at base, crenulate-denticulate or serrulate or sometimes entire along margins, tapering and subacute or acuminate at apex, 2.5 - 9 x 1 - 3 cm, thinly coriaceous to chartaceous, glabrous above, puberulous on midrib or glabrous beneath; lateral nerves very slender, 6 - 12 pairs; petioles 2 - 6 mm long. Inflorescences axillary. Male flowers: pedicels 3 - 6 mm long; sepals 4 (or 5), obovate or triangular-oblong, 2.5 - 5 x 1.5 - 4 mm, tomentellous outside; stamens (8 -) 12 - 25, 2 - 4 mm long; anthers oblong, ca 1 mm long; disc curved along margins. Female flowers: pedicels 5 - 8 mm long; ovary obovoid, ca 2 x 1.5 mm, 1-locular, appendiculate, glabrous; style ca 0.5 mm long; stigma flabelliform or reniform, ca 0.5 mm across. Fruits obovoid (or ovoid, as recorded in literature), somewhat flattened, ca 10 x 7 mm (also reported to be ca 18 mm long), thin-walled, smooth, glabrous; pedicels ca 1 cm long. Fl. & Fr. Sept. - June. Distrib. India: Evergreen forests of southern parts of Western Ghats, at about 300 m altitude, rare. Tamil Nadu and Kerala. Sri Lanka.",,,
2. Osyris  L.,23,no_mention,no flower colour mentioned,UNKNOWN,"Evergreen glabrous shrubs, dioecious; branches ribbed, angular. Leaves alternate, numerous, subsessile, entire, pinnately nerved. Inflorescences axillary; male ones cymose; bisexual and female ones often 1-flowered; bracts and bracteoles on male inflorescences caducous. Flowers: trimerous, unisexual or bisexual. Male flowers: shortly pedicellate; perianth 3 or 4 lobed, each lobe bearing a single stamen; anther-thecae separated, sterile in female flowers. Female flowers: solitary, axillary; perianth-tube short, solid, adnate to the ovary; perianth-lobes 3 or 4, triangular, valvate with a tuft of hairs at the face; stamens sterile, short, inserted at the base of perianth-lobes, alternating with the lobes of the disc; ovary inferior, enclosed in the solid perianth-tube; ovules 2 – 4, pendulous from a short stout central placenta; style short or long; stigma minutely 3 – 4-fid. Fruits with an apical scar; seeds globose; embryo small, terete or with dilated cotyledons, in the centre of copious fleshy endosperm. Southern Europe (Mediterranean regions), Africa to India, ca 6 species; one in India. Osyris quadripartita Salzm. ex Decne., Ann. Sci. Nat., Bot. Ser. 2, 6: 65. 1836. O. wightiana Wall. [Cat. no. 4036. 1831, nom. nud.] ex Wight, Icon. Pl. Ind. Orient. 5: 17, t. 1853. 1852. O. arborea Wall. [Cat. no. 4035. 1831, nom. nud.] ex A.DC. in DC., Prodr. 14: 633. 1857; Hook.f., Fl. Brit. India 5: 232. 1886; Kanjilal et al., Fl. Assam 4: 130. 1940. O. arborea var. puberula Hook.f., l. c. 232. 1886. Kan.: Kuriganda; Mar.: Popli. Shrubs or small trees, semi-parasitic on roots of hosts, up to 3 m tall, twiggy with angled branches. Leaves crowded on branches, ovate to elliptic-oblong, elliptic-lanceolate or obovate- orbicular, acute or attenuate at base, obtuse, rounded and sharply mucronate at apex, 1 – 4.5 x 0.4 – 3 cm, with a single prominent vein on the lower surface; petioles 1 – 3 mm long. Flowers: minute, polygamous, bi- or unisexual, in axillary peduncled fascicles, racemiform cymes, umbels or clusters, shortly pedicelled; peduncles 4 – 5 mm long; bracteoles linear, 1 – 1.5 mm long. Male flowers: in small peduncled axillary 5 – 10-flowered umbellate clusters; pedicels ca 2 mm long; perianth ca 1.5 mm long; perianth-lobes 3 or 4, triangular, concave, ca 1.5 X 1 mm, enclosing a prominent disc in the middle; stamens stalked, transversely dehiscent. Female and bisexual flowers: mostly solitary, axillary; pedicels 5 - 15 mm long; perianth-lobes 3, urceolate, adnate to the ovary; style very short, thick; stigma peltate, with 3 or 4 recurved lobes. Fruits drupaceous, globose or broadly ellipsoid, with a prominent disc at top, 4 - 6 x 3 - 5 mm, yellow to reddish when ripe. 6 2 FLORA OF INDIA [VOL. 23 Fl. & Fr. Aug. – April. Distrib. India: Subtropical Himalayas, NE. India, Central India and peninsular India, often on rocky places, up to 2000 m altitude. Himachal Pradesh, Uttarakhand, Sikkim, Arunachal Pradesh, Nagaland, Manipur, Orissa, Madhya Pradesh, Andhra Pradesh, Goa, Kerala and Tamil Nadu. Sri Lanka, Nepal, Bhutan, Myanmar, Thailand, Indo-china, China, Africa and S. Europe. Use. The leaves used as a substitute for tea in Garhwal Himalayan areas of Uttarakhand. Chromosome number: 2n = 30 (Virendrakumar & Subramanyam, Chromosome atlas of flowering plants of Indian subcontinent, Vol. 1. Dicotyledons).",,,"AUTO-FLAG: possible genus-level header (epithet token='L.', not lowercase) - likely describes the whole genus, not one species"
"1881. Herbs,  biennial  or  perennial;  stems  ca  30-70  cm  high,  glabrous  or  rarely  hirsute,",12,no_mention,no flower colour mentioned,UNKNOWN,"grooved, branched, leafy. Radical leaves absent; cauline many, alternate, crowded, linear or linear-oblong, narrowed at base or often with rounded base, usually serrate-toothed, rarely entire, 4-10 x 1-1.5 cm, sessile; uppermost linear-lanceolate. Heads broadly cylindric; 1-2 x 1-1.5 cm; peduncle slender, bracteate. Outer involucral bracts ovate or ovate lanceolate, 4-6 x 1-1.5 mm, blackish when dry; inner blackish, linear-lanceolate, 8-12 x 1-1.5 mm. Ligules yellow, stamens 5. Achenes blackish, oblong or oblong- lanceolate, 3-4.5 mm long, subcompressed, faintly ribbed. Pappus yellowish, 5-8 mm long, soft. A variable species with 2 recognised varieties. KEY TO THE VARIETIES la. Stems comparatively tall and thick b. Stems short, slender 4.2. var. umbellatum 4.1. var. lanceolatum 4.1. var. lanceolatum Hook.f., Fl. Brit. India 3: 400. 1881. Fl. & Fr. Aug. - Oct. Distrib. India: Jammu & Kashmir, Endemic. 4.2. var. umbellatum Fl. & Fr. Aug. - Oct. Fig. 58. Distrib. India: W. Himalayas on open hill slopes, 2000-4000 m. Jammu & Kashmir, Himachal Pradesh and Uttar Pradesh. China.",,,"AUTO-FLAG: species_id is not a real taxon heading (matched mid-description text) - verify the row before labelling, may need to re-check raw text"
22. Vernoniu  fysoni  Calder  in  Rec.  Bot.  Surv.  India  6:  343.  1914.,13,no_mention,no flower colour mentioned,UNKNOWN,"Undershrubs, erect or subscandent, 2-3 m tall; stems striate, tomentose above. Leaves alternate inapentastichous arrangement, lanceolate, acute, faintly serrate in the upper half, up to 12 x 3.3 cm, glabrous above, white tomentose beneath. Heads in corymbs, up to 5 mm across ca 15-flowered, peduncle tomentose. Involucral bracts about 4-seriate; outer ovate, ca 1 mm long, apiculate, sparsely tomentose on the upper margins; inner linear, ca 5 mm long, acute-apiculate. Achenes ca 2.8 mm long, 10-ribbed, glandular between the ribs. Pappus hairs uniseriate. Fl. & Fr. Feb. Distrib. India: South India, in light sholas. Tamil Nadu; rare. Endemic.",,,
12. Aoxyphylla,4,no_mention,no flower colour mentioned,UNKNOWN,"8a. Branches and leaves covered with long, flaccid spreading hairs; smaras linear-oblong 7.Ahirsuta b. Branches and leaves not as above; samaras orbicular to suborbicular 9 1997] MALPIGHIACEAE 3 Leaves abruptly terminated by broad-based acuminate tip b Leaves not as above 10a. Samara wings auricled at base b. Samara wings not auricled at base 11a Leaves coriaceous, abruptly cuspidate at ape^ b. Leaves herbaceous, acuminate at apex 12a. Samaras cristate on dorsal wing b. Samaras ecristate 13a Leaves and inflorescences white-woolly or tomentose;samaras retuse at apex b Leaves and inflorescences rusty or flavid-villous; samaras rounded at apex",,,AUTO-FLAG: could not find a second token (epithet) - inspect species_id manually
"14. Dysoxylum  reticulatum  King in J. Asiat. Soc. Bengal Pt. 2, Nat. Hist. 65: 114.",4,no_mention,no flower colour mentioned,UNKNOWN,"1897; Kanj. et al., Fl. Assam 1:233.1937. Tree, to 20 m tall, with a straight trunk; bark grey and warty outside, hard, fibrous, pale yellow inside with golden brown streaks. Leaves 30 - 50 cm long; rachis flat above; leaflets ca 14, usually alternate or subopposite, ovate or ovate-lanceolate, oblique at base, entire along margins, acuminate at apex, 7 - 20 x4 - 7 cm, chartaceous, glabrous, pale green; secondary nerves ca 15 on each side; venation prominent; petiolules 2 - 4 mm long. Racemes to 25 cm long. Flowers 5 - 6.5 mm long. Calyx cupular, 4-toothed, 1997] MELIACEAE 493 fleshy, glabrous. Petals 4, elliptic, concave, 3 - 4 times as long as calyx, puberulous on both sides. Staminal tube shorter than petals, slightly bulged in middle, with 8 shallow emarginate teeth; anthers 8, included. Disk tubular, shorf, irregulary toothed at mouth, fleshy, glandular-pubescent. Ovary depressed, 3-angled, pubescent, 3-locular; style stout, subglabrous; stigma exserted, with an annulus at base. Capsules pyriform, de- pressed at apex, 6.5 - 7.5 x 5 - 6.5 cm, verrucose with longitudinal ridges, yellow or dark-brown; seeds 3-angular. Fl. & Fr. Apr. - Mar. Distrib. India: Assam, Meghalaya, Arunachal Pradesh; N. Bengal and Sikkim. Note. Haridasan & Rao (Forest Flora of Meghalaya 1985) did not include this species. 15.Dysoxylum rugulosum King in J. Asiat. Soc. Bengal Pt. 2, Nat. Hist. 64:49.1895; Deb & Datta in J. Econ. Tax. Bot. 10: 31.1987. Tree, 4 - 7 m high; young branches with striate pale brown bark. Leaves 20 - 30 cm long, paripinnate; rachis shorter than upper pair of leaflets; leaflets 2 pairs, opposite, oblong-ob lanceolate, narrowed at base, shortly and abruptly acuminate at apex, thickly membranous, pale and minutely rugulose when dry; secondary nerves 8 - 14 on each side, faint above, prominent and almost winged beneath; lower pair 8.5 - 12 x 3.8 cm; upper pair 15 - 20 x 5.6 cm; petiolules ca 3 mm long, stout. Racemes supraaxillary, 3 -4-flowered, puberulous. Flowers ca 5 mm long, shortly pedicellate. Calyx almost flat, 4-cornered, rugulose outside, glabrous inside. Petals 4, elliptic, truncate at base, sub- acute at apex, much longer than calyx, glabrous inside, puberulous outside, Staminal tube cylindric, shorter than petals, slightly ridged, puberulous outside, glabrous inside; mouth with 8 - 9 broad, shallow, emarginate teeth; anthers elliptic, not exserted. Disk shortly cylindric, slightly exceeding ovary, fleshy, glabrous, 8 • 9-toothed. Ovary hemi- spheric, ridged, puberulous, tapering into a long puberulous style; stigma discoid with a broad annulus at base, exserted. Fruits pyriform, apiculate, ca 3 x 1.8 cm. Distrib. India: Mizoram. Malesia.",,,
69. Hybanthus  enneaspermus  (L.) F. Muell.,2,no_mention,no flower colour mentioned,UNKNOWN,Hybanthus travancoricus (Beddome) Melchior Rinorea bengalensis (Wallich) O. Ktze Style and stigma of Indian Violas Viola betonicifolia J. Smith subsp. jaunsarensis (W. Becker) Hara Viola sikkimensis W. Becker BIXACEAE,,,
"1876. Trees, with rusty villous branches. Leaves subopposite, oblong-lanceolate,",5,no_mention,no flower colour mentioned,UNKNOWN,"10-25 x 1.8-4.8 cm, membranous, rusty villous; petioles 0.75 - 1 cm long. Racemes condensed, 1 cm long, axillary from lower leaves. Male flowers 2000] ANACARDIACEAE 473 1.5 mm in diam.; pedicels short, pubescent. Calyx 4-lobed; lobes ovate-orbicular, 1.5 x 2 mm, sparsely pubescent. Petals oblong, 4, 0.8 x 0.4 mm. Stamens 4, as long as petals, glabrous. Disc 4-lobed, 1 mm in diam., tomentose outside, glabrous within. Carpels rudimentary, represented by 3 small subulate bodies at the centre of disc. Female flowers and fruits not seen. Fl. & Fr. : Feb. - Sept. Distrib. India : Hills of Western Ghats. Tamil Nadu and Kerala. Endemic.",,,"AUTO-FLAG: species_id is not a real taxon heading (matched mid-description text) - verify the row before labelling, may need to re-check raw text"
"11. Pittosporum  viridulum  Nayar  et  al.  in  Fasc.  Fl.  India  6:  11, ff.  1 - 4 .  1980.",2,no_mention,no flower colour mentioned,UNKNOWN,"Fig. 84. Small trees. Leaves elliptic or elliptic-lanceolate, acuminate at apex, cuneate at base, entire, 8 -12 x 2 - 4 cm; lateral nerves 9 -12 pairs, distinct beneath; petioles 10 -18 mm long, channelled above, glabrous. Infrutescence terminal, pseudo-umbellate, pube- rulous. Capsules slightly compressed with stout-mucronate beak, pitted outside, 9 - 1 3 mm in diam.; valves yellowish green, thick; funicles with 4 attachments at the base and 4 at the middle; seeds 6 - 8, irregularly angled, reddish brown. Fr. Aug. - Sept. Distrib. India: Tamil Nadu (Nilgiri Hills). Endemic. Notes. The species is allied to P. dasycaulon but differs in having glabrous branches, leaves and capsules; leaves remaining greenish on drying and the capsules with 1.5 - 3 mm long mucronate beak. P O L Y G A L A C E A E (R. N. Banerjee) Herbs, shrubs or woody climbers, rarely small trees, saprophytes or parasites. Leaves simple, entire, alternate, rarely opposite, distichous or rarely (partly) verticillate or whorled or reduced to scales or absent, pinnately nerved, exstipulate or rarely spinosely or discoidly stipulate. Inflorescences axillary or terminal, racemes, spikes or panicles or flowers solitary. Flowers bisexual, zygomorphic, basically 5-merous, 3-brac- teate. Sepals 5 or rarely 4, imbricate in bud, free or rarely partly or entirely connate, the 2 inner ones mostly larger, petaloid, wing-like, deciduous or persistent. Petals 3, free or variously connate, sometimes minute and scale-like or absent; the upper 2 free or basally connate to staminal tube, the lowermost one keeled, boat-shaped, often with a dorsal 2 - many lobed crest or appendage at beneath the top, rarely absent. Stamens basically 10, usually 8 (rarely 2 - 7) in 2 rows, monadelphous; sheath split above, often adnate to petals; anthers small, 1-loculed or rarely 2-loculed, basifixed, sessile or filamented, dehiscing by an apical or subapical pore or often by longitudinal or tangential slits. Disc absent or well-developed, annular or sometimes represented by intrastaminal glands. Ovary 2-carpelled, 2-locular, rarely 1-locular; style 1, curved; stigma entire or lobed; ovules 2, one in each on pendulous or axile placenta. Fruit a loculicidal capsule, 2-loculed, rarely seemingly 1-loculed, a samara, drupe, nut or berry. Seeds 2, arillate and sometimes strophiolate, often pilose; embryo straight, as long as the endosperm; cotyledons moderately thick, 1.5 - 3 times wider than radicle; endosperm copious, moderate or rarely absent. Cosmopolitan, centred in American and African tropics; 12 genera and ca 800 species, 4 genera and 31 species in India. Literature. CHODAT, R. (1890) Monograhia Polygalacearum. Mem. Soc. Phys. Hist. Nat. Geneva. Suppl. 7: 1 -143, tt. 1 -12; ibid. 31: 1 - 500, tt. 1 - 23. 1893. DAR, M. I. (1973) Polygalaceae. In: Fl. W. Pakistan 52: 1 -11. MEIJDEN, R. van der (1988) Polygalaceae. In: Fl. Males. 1,10: 455 - 539, ff. 1 - 26. KEY TO THE GENERA la. Low herbs; flowers sessile, in spikes; sepals equal or subequal in shape and size; keel petals without appendages; stamens 3-6; fruits sessile; seeds glabrous b. Tall herbs, shrubs or climbing shrubs; flowers pedicellate in racemes or panicles; sepals unequal in shape and size, 2 inner sepals much larger than outer ones and concolourous with the petals; keel petal with a dentate or lobed crest or without laciniate appendages at apex; stamens 8; fruits pedicellate; seeds pilose 2 3 f»tn. ed. N. P. Balakrishnan 1993] POLYGALACEAE 451 2a. Saprophytic plants with minute scale-like non-green leaves; stamens 2 - 4 or 5; style straight or slightly curved; fruit enclosed by calyx, slightly compressed, inermous, with pellucid pericarp, indehiscent b. Autotrophic plants with green leaves; stamens 4 - 5 or 6; style sigmoid; fruit not enclosed by calyx, flat-",,,
9. T.passerinoides,3,no_mention,no flower colour mentioned,UNKNOWN,var. macrocarpa FLORA OF INDIA [ VOL. 3,,,AUTO-FLAG: could not find a second token (epithet) - inspect species_id manually | AUTO-FLAG: very short description snippet - may lack real info
"18. Clematis meyeriana Walpers in Nova Acta Leop. Nat. Cur. 19, suppl.  1: 297.",1,no_mention,no flower colour mentioned,UNKNOWN,"1843. var. insularis Sprague in Bull. Misc. Inf. Kew 1916: 44 - 47.1916; Gupta in Bull.- Natl. Bot. Gard. Lucknow 97: t. 51, ff. A-G. 1964; Kapoor in Bull. Natl. Bot. Gard. Lucknow 124:40 - 41.1966. Woody climbers; branches almost glabrous. Leaves pinnately 3-foliolate; petioles twisted and coiled; leaflets linear-ovate, cordate at base, up to 14 x 6 cm, prominently 5-nerved at base, glabrous on both surfaces; petiolules up to 4.5 cm long. Panicles axillary, branched, many-flowered, covered by a number of overlapping scales at base. Flowers ca 2 cm across, sweet-scented. Sepals 4, narrowly elliptic, hairy along margins. Filaments as long as anthers, glabrous or sometimes minutely hairy; connectives slightly produced beyond anthers. Carpels profusely hairy. Achenes not hairy. FI. July. Distrib. India: Nagaland. Myanmar and China. 1993] RANUNCULACEAE 69",,,
16. C. moonii,2,no_mention,no flower colour mentioned,UNKNOWN,"23 . CAPPARACEAE 255 23a Sepals and petals glabrous; gynophore 3.5 - 5.5 cm long; fruits orange-yellow, globose, 5 - 6 cm across, 2 3- C,roxburghii many-seeded b Sepals and petals pubescent; gynophore 15 - 3.5 cm long; fruits deep purple, umbonate, 2.5 - 3 cm across, 1-4-seeded 24a. Cataphylls conspicuous, at least at base b. Cataphylls absent 25a. Gynophore 20 - 25 mm long b. Gynophore under 15 mm long <!. C cleghornii 25 27",,,"AUTO-FLAG: abbreviated genus ('C.') - this is likely a duplicate identification-key stub, not the real species treatment; the full name may appear elsewhere in the volume"
21. Solenocarpus,5,no_mention,no flower colour mentioned,UNKNOWN,15 17,,,AUTO-FLAG: could not find a second token (epithet) - inspect species_id manually | AUTO-FLAG: very short description snippet - may lack real info
6. Argemone mexicana L. forma  mexicana,2,no_mention,no flower colour mentioned,UNKNOWN,Argemone ochroleuca Sweet Eschscholtzia californica Cham. Meconopsis aculeata Royle Meconopsis discigera Prain Meconopsis grandis Prain 7.a. Meconopsis horridula Hook. f. & Thomson b. Meconopsis lyrata (Prain) Prain 8.a. Meconopsis robusta Hook. f. & Thomson b. Meconopsis simplicifolia (D. Don) Walp.,,,
"26. Anaphalissubumbellata  C.B. Clarke, Comp. Ind.  108. 1876; Hook.f.,",13,no_mention,no flower colour mentioned,UNKNOWN,"Fl. Brit. India 3: 281. 1881. Herbs, erect, glandular, pubescent, viscid, up to 40 cm high; stems feebly striate, white cottony tomentose. Leaves linear-oblong, lowest spathulate, bases sub-smplexicaul, apices acute or apiculate, margins flat, 3-7 x 0.5-2 cm, upper surface laxly tomentose, lower surface densely white tomentose, obscurely 3- nerved. Heads in lax, rounded or subumbellate corymbs, ca 1.3 cm in diam.; peduncle 1-1.5 cm long, densely woolly tomentose. Involucral bracts whites blotched with brown at basal end; many-seriate, outermost lanceolate; inner narrowly lanceolate-oblong. Ray florets with filiform corolla, obscurely toothed. Disc florets with campanulate corolla, 5-lobed. Pappus hairs white, minutely bristly. Fl. & Fr. Oct. Distrib. India: E. Himalayas. 3400-4000 m. Sikkim; rare. Nepal.",,,"AUTO-FLAG: possible genus-level header (epithet token='C.B.', not lowercase) - likely describes the whole genus, not one species"
"1. Leptopus australis (Zoll. & Moritzi) Pojark., Bot. Mater. Gerb. Bot. Inst. Komarova",23,no_mention,no flower colour mentioned,UNKNOWN,"Akad. Nauk SSSR 20: 270. 1960; Voronts. & Petra Hoffm. in Kew Bull. 64: 629, f. 1. 2009 (publ. 2010). Andrachne australis Zoll. & Moritzi in Zoll., Natuur-Geneesk. Arch. Ned. Indie 2: 17.",,,
"13. Erigeron  uniflorus  L.,  Sp.  PI.  864.  1753. E.  alpinus  L.  var.  uniflorus  Ledeb.",12,no_mention,no flower colour mentioned,UNKNOWN,"Fl. Ross. 2: 490. 1845 (non Hook.f.), Heterochaeta erigeroides D C , Prodr. 5: 282.",,,
